Num,Voltage,Ileak[nA],CCE[a.u.],CCE2[a.u.],MPV[mV],Noise[mV],Error mu,Error mean
0,-700.0,-0.000104985,3126.6699184812956,3126.6699184812956,827.6984924623117,2.373794226848369,0.9315613489119319,0.9315613489119319
1,-600.0,2.884697e-08,3125.491546621999,3125.491546621999,805.1457286432161,2.365406866138263,0.8256652253491221,0.8256652253491221
2,-500.0,0.0001049611,3123.363323283082,3123.363323283082,775.3969849246231,2.460037555680076,1.0998799219318556,1.0998799219318556
3,-400.0,6.425817e-08,3126.338001116695,3126.338001116695,735.5979899497487,2.6167869006270497,1.3915275520797037,1.3915275520797037
