Num,Voltage,Ileak[nA],CCE[a.u.],CCE2[a.u.],MPV[mV],Noise[mV],Error mu,Error mean
0,-900.0,-2.98786e-05,903.2119530988272,903.2119530988272,277.9899497487437,3.764600834685477,0.49694497064998205,0.49694497064998205
1,-800.0,-2.652638e-05,861.5514550530428,861.5514550530428,264.08040201005025,3.511292202608098,0.552732548477188,0.552732548477188
2,-700.0,-2.369425e-05,806.7667761027354,806.7667761027354,247.63819095477388,3.9890664902685358,0.6282683435680327,0.6282683435680327
3,-600.0,-2.157717e-05,759.7962613065325,759.7962613065325,232.4824120603015,4.067621917553577,0.4250451432935621,0.4250451432935621
4,-500.0,-1.967406e-05,694.7301485203794,694.7301485203794,214.15075376884423,4.396859341129314,0.4933122850719145,0.4933122850719145
5,-400.0,-1.785446e-05,615.196533780011,615.196533780011,190.39195979899498,4.359665007871449,0.4053480268293908,0.4053480268293908
6,-300.0,-1.578311e-05,504.10756002233364,504.10756002233364,155.2964824120603,4.221596962816643,0.3936556523177035,0.3936556523177035
7,-200.0,-1.301851e-05,340.3220189838078,340.3220189838078,108.14070351758794,3.7450447996987464,0.33967909965445564,0.33967909965445564
8,-100.0,-9.439667e-06,196.15099497487435,196.15099497487435,66.21105527638191,3.8537262052980967,0.420287390638027,0.420287390638027
