Num,Voltage,Ileak[nA],CCE[a.u.],CCE2[a.u.],MPV[mV],Noise[mV],Error mu,Error mean
0,-900.0,-1.600372e-05,822.778050251256,822.778050251256,312.52261306532665,2.1370206049308487,0.5774210969392337,0.5774210969392337
1,-800.0,-1.427536e-05,710.6253936348407,710.6253936348407,272.56281407035175,2.1425408189084716,0.47768132004184666,0.47768132004184666
2,-700.0,-1.24033e-05,609.9463182579564,609.9463182579564,233.0854271356784,2.1581091839736932,0.4472082940067933,0.4472082940067933
3,-600.0,-1.061078e-05,514.5634126186487,514.5634126186487,195.1356783919598,2.143104887349093,0.5075649923488019,0.5075649923488019
4,-500.0,-9.507487e-06,426.9186108319373,426.9186108319373,160.80402010050253,2.1024943307446264,0.5007105019011316,0.5007105019011316
5,-400.0,-7.767132e-06,341.6133646007815,341.6133646007815,128.04020100502512,2.1555846977145006,0.4756291921973564,0.4756291921973564
6,-300.0,-6.25069e-06,264.00559240647675,264.00559240647675,96.1608040201005,2.1250738541152003,0.4714053979188146,0.4714053979188146
7,-200.0,-4.698738e-06,186.23674818537125,186.23674818537125,65.92964824120602,2.167917123904328,0.5278963979257192,0.5278963979257192
8,-100.0,-3.079819e-06,108.68363149078728,108.68363149078728,38.5929648241206,2.1072105626022632,0.4887456490629839,0.4887456490629839
