Num,Voltage,Ileak[nA],CCE[a.u.],CCE2[a.u.],MPV[mV],Noise[mV],Error mu,Error mean
0,-900.0,-9.382726e-06,912.0192250139586,912.0192250139586,334.23115577889445,2.530736866752534,0.5373071383096281,0.5373071383096281
1,-800.0,-7.326628e-06,789.1108877721941,789.1108877721941,294.19095477386935,2.5217030842959884,0.43260569321737674,0.43260569321737674
2,-700.0,-5.887198e-06,670.5343249581239,670.5343249581239,252.74371859296483,2.550311540573552,0.44432437260208235,0.44432437260208235
3,-600.0,-4.768427e-06,563.8825773310999,563.8825773310999,215.71859296482413,2.4831681227143436,0.43846742067187294,0.43846742067187294
4,-500.0,-3.96549e-06,466.4019832495812,466.4019832495812,177.12562814070353,2.4405939321432126,0.39353442687369167,0.39353442687369167
5,-400.0,-3.231663e-06,373.9825706309324,373.9825706309324,143.39698492462313,2.4792250588961444,0.38653713456878763,0.38653713456878763
6,-300.0,-2.595018e-06,286.91017755443875,286.91017755443875,109.90954773869346,2.4501309727721137,0.38429410257319474,0.38429410257319474
7,-200.0,-1.989797e-06,202.06554550530424,202.06554550530424,75.73869346733669,2.5815962084995676,0.3702787444493868,0.3702787444493868
8,-100.0,-1.281757e-06,112.33264991624787,112.33264991624787,41.969849246231156,2.5534094858688823,0.4633410223723806,0.4633410223723806
