Num,Voltage,Ileak[nA],CCE[a.u.],CCE2[a.u.],MPV[mV],Noise[mV],Error mu,Error mean
0,-900.0,-1.643497e-05,952.3450854271356,952.3450854271356,369.4472361809045,3.254496688155454,0.9409006429527508,0.9409006429527508
1,-800.0,-1.497597e-05,842.9745884980455,842.9745884980455,330.77386934673365,2.833477380412206,0.5080419366634521,0.5080419366634521
2,-700.0,-1.3163e-05,715.4301105527635,715.4301105527635,286.03015075376885,3.388833913381858,0.45957726233765045,0.45957726233765045
3,-600.0,-1.138682e-05,609.6045918481294,609.6045918481294,246.9145728643216,3.2245376347064467,0.4395977795750348,0.4395977795750348
4,-500.0,-1.027822e-05,509.9659720826353,509.9659720826353,207.79899497487438,3.1533373123963657,0.4131912255233066,0.4131912255233066
5,-400.0,-8.595074e-06,407.2229592406476,407.2229592406476,167.95979899497488,3.30953611656406,0.4488168864901765,0.4488168864901765
6,-300.0,-6.773931e-06,313.4845784477945,313.4845784477945,130.13065326633165,3.244797036955059,0.44007997211646455,0.44007997211646455
7,-200.0,-5.050036e-06,221.74795756560576,221.74795756560576,94.99497487437186,3.1309459214344377,0.4291128923634693,0.4291128923634693
8,-100.0,-3.375591e-06,128.74218202121716,128.74218202121716,56.80402010050251,3.095834603849742,0.49973423387999344,0.49973423387999344
