Num,Voltage,Ileak[nA],CCE[a.u.],CCE2[a.u.],MPV[mV],Noise[mV],Error mu,Error mean
0,-900.0,-4.990364e-05,821.1255924064767,821.1255924064767,245.0251256281407,3.240559261913822,0.48763893789379364,0.48763893789379364
1,-800.0,-4.40923e-05,712.980904522613,712.980904522613,215.27638190954775,3.0678061568242287,0.6068321983766933,0.6068321983766933
2,-700.0,-3.756068e-05,593.586831937465,593.586831937465,178.89447236180905,2.4399063805999086,0.6448443217966446,0.6448443217966446
3,-600.0,-3.18211e-05,475.1236895589056,475.1236895589056,144.44221105527637,2.4985612378527167,0.5543981111158928,0.5543981111158928
4,-500.0,-2.593303e-05,377.6344299274149,377.6344299274149,115.41708542713567,2.2234787488197334,0.42773772136349236,0.42773772136349236
5,-400.0,-2.046372e-05,287.8326566164154,287.8326566164154,88.36180904522612,2.0567894785086676,0.42311041303717517,0.42311041303717517
6,-300.0,-1.560449e-05,205.388864321608,205.388864321608,64.64321608040201,2.040607925357711,0.4751476340435214,0.4751476340435214
7,-200.0,-1.092239e-05,132.6411613623674,132.6411613623674,43.73869346733668,1.944513845814383,0.4797849326305151,0.4797849326305151
8,-100.0,-6.997182e-06,68.86448309178745,68.86448309178745,24.0,1.9011305473756184,0.42932880003787016,0.42932880003787016
