Num,Voltage,Ileak[nA],CCE[a.u.],CCE2[a.u.],MPV[mV],Noise[mV],Error mu,Error mean
0,-900.0,-0.0001049855,1226.3495254048016,1226.3495254048016,420.2613065326633,5.125830552805762,0.548362336206934,0.548362336206934
1,-800.0,-8.63133e-06,1074.8896661083193,1074.8896661083193,374.95477386934675,5.1103488327503515,0.5562076354718585,0.5562076354718585
2,-700.0,-7.377326e-06,929.3592942490227,929.3592942490227,328.7638190954774,5.145961844861505,0.5678220121009026,0.5678220121009026
3,-600.0,-6.289945e-06,792.0830642099386,792.0830642099386,285.0251256281407,5.1108922762523665,0.4824476405824536,0.4824476405824536
4,-500.0,-5.343995e-06,661.901686208822,661.901686208822,240.56281407035175,5.060261850739698,0.5071488386282504,0.5071488386282504
5,-400.0,-4.497094e-06,536.7114863204913,536.7114863204913,196.30150753768845,5.083729589382494,0.4228484019812999,0.4228484019812999
6,-300.0,-3.678729e-06,416.6666934673367,416.6666934673367,152.321608040201,5.0475077647496915,0.4344708403261224,0.4344708403261224
7,-200.0,-2.789538e-06,293.7958771635958,293.7958771635958,108.30150753768844,5.008167308154629,0.4276357900899567,0.4276357900899567
8,-100.0,-1.918319e-06,170.72818313791174,170.72818313791174,63.879396984924625,5.054747810173889,0.3772347810485516,0.3772347810485516
