Num,Voltage,Ileak[nA],CCE[a.u.],CCE2[a.u.],MPV[mV],Noise[mV],Error mu,Error mean
0,-900.0,-2.039644e-05,1081.3684600781685,1081.3684600781685,412.7437185929648,1.370467339748802,0.5373726714415793,0.5373726714415793
1,-800.0,-1.900484e-05,955.9704835287546,955.9704835287546,370.8542713567839,1.3893334204395076,0.527741992841437,0.527741992841437
2,-700.0,-1.71815e-05,834.9571144611946,834.9571144611946,328.52261306532665,1.3412777398672024,0.4515675672712117,0.4515675672712117
3,-600.0,-1.522407e-05,714.5243372417642,714.5243372417642,286.79396984924625,1.2766843289346461,0.4631296906738028,0.4631296906738028
4,-500.0,-1.32411e-05,601.8968084868786,601.8968084868786,244.3819095477387,1.236501869675223,0.37483593204741905,0.37483593204741905
5,-400.0,-1.117221e-05,495.2763640424341,495.2763640424341,201.04522613065328,1.3918673920264801,0.37273017932639907,0.37273017932639907
6,-300.0,-9.803907e-06,388.56311781127846,388.56311781127846,159.59798994974875,1.2747315149323508,0.3650294150865723,0.3650294150865723
7,-200.0,-7.523173e-06,282.33071133445,282.33071133445,114.25125628140704,1.2901678767791174,0.2965084445007181,0.2965084445007181
8,-100.0,-4.935982e-06,167.37702735901726,167.37702735901726,68.46231155778895,1.3172129243465358,0.34617626320629236,0.34617626320629236
