Num,Voltage,Ileak[nA],CCE[a.u.],CCE2[a.u.],MPV[mV],Noise[mV],Error mu,Error mean
0,-900.0,-9.06012e-06,903.1185955555553,903.1185955555553,345.8,2.979331758699434,0.5431978910121059,0.5431978910121059
1,-800.0,-6.843004e-06,784.9928711111111,784.9928711111111,305.28,2.7715640634891865,0.4842161500817571,0.4842161500817571
2,-700.0,-5.482731e-06,677.9029688888887,677.9029688888887,267.12,2.569174493927361,0.6498376314126465,0.6498376314126465
3,-600.0,-4.470537e-06,570.8566933333333,570.8566933333333,228.36,2.5602995484469737,0.6729608273889339,0.6729608273889339
4,-500.0,-3.672786e-06,462.7954844444443,462.7954844444443,189.4,2.83313920032092,0.3885220240861502,0.3885220240861502
5,-400.0,-3.08666e-06,370.85759999999993,370.85759999999993,152.2,2.7808631753468203,0.38868763808487616,0.38868763808487616
6,-300.0,-2.473239e-06,280.2601244444444,280.2601244444444,117.2,2.8052738340402024,0.36131641977635,0.36131641977635
7,-200.0,-1.867205e-06,189.96008888888886,189.96008888888886,80.64,2.7974298168581306,0.4055360265130584,0.4055360265130584
8,-100.0,-1.217172e-06,101.91715555555555,101.91715555555555,46.48,2.7403137605341543,0.41372145218733813,0.41372145218733813
