Num,Voltage,Ileak[nA],CCE[a.u.],CCE2[a.u.],MPV[mV],Noise[mV],Error mu,Error mean
0,-900.0,-1.965321e-05,1141.0043555555553,1141.0043555555553,334.92,2.154404675582756,0.5736025550849705,0.5736025550849705
1,-800.0,-1.74659e-05,1021.2819199999996,1021.2819199999996,300.84,2.0752449922305023,0.5347606447748368,0.5347606447748368
2,-700.0,-1.511878e-05,825.4040177777777,825.4040177777777,241.56,2.08003827125285,0.48043628172734737,0.48043628172734737
3,-600.0,-1.262467e-05,638.756231111111,638.756231111111,188.76,2.061423408505832,0.48418335700434817,0.48418335700434817
4,-500.0,-1.018192e-05,493.2473244444443,493.2473244444443,145.88,2.0699664934366973,0.49227211986867475,0.49227211986867475
5,-400.0,-8.466413e-06,371.49756444444444,371.49756444444444,111.84,2.101987724764759,0.4392717755558618,0.4392717755558618
6,-300.0,-6.254998e-06,267.34881777777775,267.34881777777775,80.28,2.163449223626447,0.39750717628742227,0.39750717628742227
7,-200.0,-4.509862e-06,175.6104355555555,175.6104355555555,54.28,2.0754595623769037,0.4150076625798612,0.4150076625798612
8,-100.0,-2.88513e-06,90.5798222222222,90.5798222222222,30.36,2.1372648379773436,0.4628869270134986,0.4628869270134986
