Num,Voltage,Ileak[nA],CCE[a.u.],CCE2[a.u.],MPV[mV],Noise[mV],Error mu,Error mean
0,-900.0,-4.647842e-05,851.9783450586265,851.9783450586265,235.21608040201005,10.79832509843398,0.5186111082815885,0.5186111082815885
1,-800.0,-4.070244e-05,759.9799709659405,759.9799709659405,208.96482412060303,10.330206194364857,0.5174261691644834,0.5174261691644834
2,-700.0,-3.566728e-05,635.325784477945,635.325784477945,175.59798994974875,10.362874429492335,0.5223642353706719,0.5223642353706719
3,-600.0,-3.037706e-05,503.0334606365157,503.0334606365157,140.8643216080402,10.28872835120031,0.4727582121124952,0.4727582121124952
4,-500.0,-2.523781e-05,399.14877498604125,399.14877498604125,112.36180904522612,10.3935053352866,0.45187949754091555,0.45187949754091555
5,-400.0,-2.037853e-05,304.55790061418196,304.55790061418196,86.99497487437186,10.734702814358364,0.5078498975601291,0.5078498975601291
6,-300.0,-1.580141e-05,221.44657509771073,221.44657509771073,64.08040201005025,10.509319548476748,0.5200305756522418,0.5200305756522418
7,-200.0,-1.144939e-05,145.8924310441094,145.8924310441094,45.66834170854271,10.524802061496379,0.42543474142167464,0.42543474142167464
8,-100.0,-7.492332e-06,72.551003908431,72.551003908431,30.391959798994975,11.176321377479114,0.49399494538857625,0.49399494538857625
