Num,Voltage,Ileak[nA],CCE[a.u.],CCE2[a.u.],MPV[mV],Noise[mV],Error mu,Error mean
0,-900.0,-2.181992e-05,994.3288888888886,994.3288888888886,294.47236180904525,1.2264205731123654,0.5033864249511991,0.5033864249511991
1,-800.0,-1.960095e-05,945.3044064768284,945.3044064768284,279.1959798994975,1.2094284689757813,0.49978735251566064,0.49978735251566064
2,-700.0,-1.781523e-05,887.9855097710774,887.9855097710774,262.67336683417085,1.0888118994033016,0.4589784033764874,0.4589784033764874
3,-600.0,-1.623892e-05,830.5394528196534,830.5394528196534,245.58793969849245,1.1646278662207243,0.44787842581182435,0.44787842581182435
4,-500.0,-1.477182e-05,758.4981976549412,758.4981976549412,223.356783919598,1.3101690579750327,0.4842718626205988,0.4842718626205988
5,-400.0,-1.358333e-05,634.1071044109434,634.1071044109434,185.32663316582915,1.8016648951122558,0.7904493468191555,0.7904493468191555
6,-300.0,-1.190671e-05,453.00411390284745,453.00411390284745,132.18090452261308,2.291068957270323,0.39899951611745876,0.39899951611745876
7,-200.0,-1.005599e-05,304.33965382467886,304.33965382467886,92.50251256281408,2.0796751024969415,0.46559663571412696,0.46559663571412696
8,-100.0,-6.794964e-06,172.02592518146284,172.02592518146284,55.75879396984924,2.2890722832499657,0.3155585687492,0.3155585687492
