Num,Voltage,Ileak[nA],CCE[a.u.],CCE2[a.u.],MPV[mV],Noise[mV],Error mu,Error mean
0,-900.0,-4.495048e-05,856.633317699609,856.633317699609,249.96984924623115,3.4490254592688876,0.5359290672107021,0.5359290672107021
1,-800.0,-3.923416e-05,704.1301619207145,704.1301619207145,208.643216080402,3.365628962055196,0.4740332981309645,0.4740332981309645
2,-700.0,-3.290845e-05,565.1572529313231,565.1572529313231,170.85427135678393,3.357076454085042,0.5011527451266047,0.5011527451266047
3,-600.0,-2.723998e-05,450.8343852596314,450.8343852596314,138.77386934673368,3.416214228614581,0.43155331791432333,0.43155331791432333
4,-500.0,-2.171403e-05,345.1376348408708,345.1376348408708,110.51256281407035,3.7846543650749536,0.4434217090396708,0.4434217090396708
5,-400.0,-1.700575e-05,260.152638749302,260.152638749302,85.06532663316582,3.934084406206207,0.42345871111472333,0.42345871111472333
6,-300.0,-1.273522e-05,186.2282077051926,186.2282077051926,63.55778894472362,3.616475847935891,0.39396010292775924,0.39396010292775924
7,-200.0,-9.452158e-06,119.67003015075375,119.67003015075375,44.462311557788944,3.376122856880857,0.3489124928079825,0.3489124928079825
8,-100.0,-5.578603e-06,61.09893808312126,61.09893808312126,24.0,3.4020628216183835,0.5128964671174175,0.5128964671174175
