Num,Voltage,Ileak[nA],CCE[a.u.],CCE2[a.u.],MPV[mV],Noise[mV],Error mu,Error mean
0,-900.0,-2.545767e-05,1038.212824120603,1038.212824120603,368.9246231155779,2.666058531871037,0.7169683907113013,0.7169683907113013
1,-800.0,-7.835092e-06,888.4604176437742,888.4604176437742,320.964824120603,3.00003693403554,0.48771282341139444,0.48771282341139444
2,-700.0,-6.329475e-06,768.7995711892797,768.7995711892797,280.9246231155779,2.8421199966143633,0.5365236765422376,0.5365236765422376
3,-600.0,-5.333868e-06,648.7589771077609,648.7589771077609,239.39698492462313,3.0073224887315666,0.5883139173515268,0.5883139173515268
4,-500.0,-4.445123e-06,537.2923819095477,537.2923819095477,199.0753768844221,3.1560661635263534,0.4803462751616686,0.4803462751616686
5,-400.0,-3.702335e-06,429.2765695142379,429.2765695142379,159.79899497487438,3.340030409484985,0.5007382427471557,0.5007382427471557
6,-300.0,-3.026724e-06,330.95505974316023,330.95505974316023,120.80402010050251,3.142024236979612,0.4435024629284044,0.4435024629284044
7,-200.0,-2.291484e-06,227.21163149078725,227.21163149078725,82.21105527638191,3.2837199667452976,0.46559102614418313,0.46559102614418313
8,-100.0,-1.547927e-06,120.98626465661641,120.98626465661641,43.778894472361806,3.475669511961349,0.4037540052196018,0.4037540052196018
