Num,Voltage,Ileak[nA],CCE[a.u.],CCE2[a.u.],MPV[mV],Noise[mV],Error mu,Error mean
0,-900.0,-1.869072e-05,1040.873290898939,1040.873290898939,311.11557788944725,2.494099702518064,0.6551077308896609,0.6551077308896609
1,-800.0,-1.698143e-05,969.466193188163,969.466193188163,288.9246231155779,2.5539640471229323,0.5236778371778699,0.5236778371778699
2,-700.0,-1.539854e-05,868.1282501395867,868.1282501395867,258.57286432160805,2.509995298376321,0.5296292738717762,0.5296292738717762
3,-600.0,-1.347292e-05,706.2282255723059,706.2282255723059,211.05527638190955,2.6679407315495003,0.5476557195808829,0.5476557195808829
4,-500.0,-1.157408e-05,544.9514416527079,544.9514416527079,162.29145728643215,2.6876592535551613,0.4725466373333237,0.4725466373333237
5,-400.0,-1.008633e-05,409.1191602456728,409.1191602456728,125.54773869346734,2.855071245401486,0.4813747422530677,0.4813747422530677
6,-300.0,-7.89882e-06,296.5990843104411,296.5990843104411,93.46733668341709,2.9686139595479593,0.46002806283505027,0.46002806283505027
7,-200.0,-5.713298e-06,196.71364824120602,196.71364824120602,64.44221105527639,3.032959355723943,0.4543124623155283,0.4543124623155283
8,-100.0,-3.709074e-06,103.9858671133445,103.9858671133445,38.07035175879397,2.906899405789962,0.4702706729576441,0.4702706729576441
