Num,Voltage,Ileak[nA],CCE[a.u.],CCE2[a.u.],MPV[mV],Noise[mV],Error mu,Error mean
0,-900.0,-0.0001049864,1181.064093802345,1181.064093802345,448.643216080402,1.378407175340272,0.5951610485679808,0.5951610485679808
1,-800.0,-1.19591e-05,1006.0832696817417,1006.0832696817417,389.74874371859295,1.3543654024065,0.44402592245906297,0.44402592245906297
2,-700.0,-1.022398e-05,852.0364667783358,852.0364667783358,333.90954773869345,1.4338021707232114,0.4411906199028565,0.4411906199028565
3,-600.0,-9.050167e-06,716.0343227247347,716.0343227247347,281.0854271356784,1.3259039932288041,0.4208609385410061,0.4208609385410061
4,-500.0,-7.498285e-06,588.3278079285315,588.3278079285315,232.52261306532662,1.4194585236471748,0.39962582804293656,0.39962582804293656
5,-400.0,-6.195732e-06,468.2942356225571,468.2942356225571,184.40201005025125,1.2667796552100166,0.4555888052289425,0.4555888052289425
6,-300.0,-4.867192e-06,356.0098983807928,356.0098983807928,141.26633165829145,1.2631844392399687,0.386702995269188,0.386702995269188
7,-200.0,-3.651402e-06,251.32065661641536,251.32065661641536,97.5678391959799,1.2133074688349301,0.39812992771916,0.39812992771916
8,-100.0,-2.400656e-06,145.8603417085427,145.8603417085427,56.20100502512563,1.3186179880781255,0.36212195251853907,0.36212195251853907
