Num,Voltage,Ileak[nA],CCE[a.u.],CCE2[a.u.],MPV[mV],Noise[mV],Error mu,Error mean
0,-900.0,-1.89098e-05,1005.6144187604691,1005.6144187604691,289.8894472361809,1.8084525364478787,0.7096124635542823,0.7096124635542823
1,-800.0,-1.734414e-05,948.2643975432719,948.2643975432719,272.321608040201,1.8504339022141483,0.6997764912753917,0.6997764912753917
2,-700.0,-1.573477e-05,862.9719977666107,862.9719977666107,247.678391959799,1.8626463519301686,0.7211318708059916,0.7211318708059916
3,-600.0,-1.413304e-05,735.6804824120601,735.6804824120601,208.08040201005025,1.8341503865221773,0.633540028181885,0.633540028181885
4,-500.0,-1.219275e-05,567.0095365717473,567.0095365717473,158.5929648241206,1.8636333208750901,0.6777822947277173,0.6777822947277173
5,-400.0,-1.016475e-05,429.4632272473478,429.4632272473478,119.31658291457286,1.8708585297352747,0.6397497568974657,0.6397497568974657
6,-300.0,-8.670171e-06,317.1218045784477,317.1218045784477,88.0,1.9072612469512142,0.5739166072994716,0.5739166072994716
7,-200.0,-6.354727e-06,213.27099497487433,213.27099497487433,58.01005025125628,1.9243659087587914,0.5914295275414267,0.5914295275414267
8,-100.0,-4.059774e-06,115.63152652149634,115.63152652149634,32.482412060301506,1.8579456430240455,0.6427350642003502,0.6427350642003502
