Num,Voltage,Ileak[nA],CCE[a.u.],CCE2[a.u.],MPV[mV],Noise[mV],Error mu,Error mean
0,-900.0,-9.127476e-06,1401.42952987158,1401.42952987158,494.99497487437185,2.0351215022311133,0.5191025598452835,0.5191025598452835
1,-800.0,-7.065635e-06,1207.674103852596,1207.674103852596,435.5778894472362,2.204705363364685,0.5030419352514988,0.5030419352514988
2,-700.0,-5.700786e-06,1042.0543606923504,1042.0543606923504,379.81909547738695,2.2135649485198163,0.5015018749586374,0.5015018749586374
3,-600.0,-4.699349e-06,883.7180569514237,883.7180569514237,325.70854271356785,2.2396481253873928,0.4554990972457945,0.4554990972457945
4,-500.0,-3.899629e-06,741.185304299274,741.185304299274,273.16582914572865,2.1510331562636784,0.5936977948018302,0.5936977948018302
5,-400.0,-3.235898e-06,582.4429704075933,582.4429704075933,218.69346733668343,2.5005797005406762,0.5296303042996855,0.5296303042996855
6,-300.0,-2.610061e-06,462.7617197096593,462.7617197096593,169.44723618090453,2.0961986213323422,0.540079124914696,0.540079124914696
7,-200.0,-2.018947e-06,327.4890184254606,327.4890184254606,119.39698492462311,1.8220231799427133,0.3705720701546455,0.3705720701546455
8,-100.0,-1.315046e-06,183.78477275265212,183.78477275265212,64.96482412060301,1.9627661891923804,0.37881402671366454,0.37881402671366454
