Num,Voltage,Ileak[nA],CCE[a.u.],CCE2[a.u.],MPV[mV],Noise[mV],Error mu,Error mean
0,-900.0,-7.038254e-05,837.6463115577887,837.6463115577887,254.83417085427135,2.3696380214725097,0.5118005671786622,0.5118005671786622
1,-800.0,-5.824673e-05,751.5564489112226,751.5564489112226,228.30150753768845,2.4086701468793454,0.49451259566759265,0.49451259566759265
2,-700.0,-4.905496e-05,653.3366566164151,653.3366566164151,199.8391959798995,2.3287122072162307,0.37034169470073997,0.37034169470073997
3,-600.0,-4.237733e-05,559.9646945840311,559.9646945840311,172.5427135678392,2.304360075972954,0.3897800399562786,0.3897800399562786
4,-500.0,-3.581939e-05,452.37806811836947,452.37806811836947,142.47236180904522,2.3336883692391277,0.3939205544777182,0.3939205544777182
5,-400.0,-2.95662e-05,354.38379452819635,354.38379452819635,113.68844221105527,2.3370538554865945,0.3787441135534551,0.3787441135534551
6,-300.0,-2.384679e-05,271.66911892797305,271.66911892797305,88.84422110552764,2.3218889854929685,0.3717355083241785,0.3717355083241785
7,-200.0,-1.794624e-05,192.48339475153534,192.48339475153534,65.32663316582915,2.229384181257369,0.353630932851103,0.353630932851103
8,-100.0,-1.19342e-05,110.63857956448908,110.63857956448908,40.24120603015076,2.2618101306599527,0.3268283675276256,0.3268283675276256
