Num,Voltage,Ileak[nA],CCE[a.u.],CCE2[a.u.],MPV[mV],Noise[mV],Error mu,Error mean
0,-900.0,-1.783662e-05,1064.8339653824678,1064.8339653824678,406.4321608040201,2.5539562837254084,0.43427606894407894,0.43427606894407894
1,-800.0,-1.592153e-05,930.0798213288664,930.0798213288664,359.63819095477385,2.5323741313211467,0.43966546377300647,0.43966546377300647
2,-700.0,-1.41005e-05,803.4099921831378,803.4099921831378,312.84422110552765,2.532978915773867,0.4732503289625277,0.4732503289625277
3,-600.0,-1.231454e-05,685.7092931323282,685.7092931323282,271.2361809045226,2.4317347615646114,0.46112493001425725,0.46112493001425725
4,-500.0,-1.05412e-05,571.3884623115576,571.3884623115576,226.2110552763819,2.43022233570075,0.48676622581552914,0.48676622581552914
5,-400.0,-9.381988e-06,464.1930541596873,464.1930541596873,183.79899497487438,2.4507112249121774,0.37817623424075086,0.37817623424075086
6,-300.0,-7.425148e-06,356.7201697375766,356.7201697375766,141.82914572864323,2.514200654837393,0.3908818570153576,0.3908818570153576
7,-200.0,-5.655583e-06,253.90554550530427,253.90554550530427,98.57286432160804,2.3961824531709692,0.357319057743691,0.357319057743691
8,-100.0,-3.689982e-06,148.57287325516467,148.57287325516467,57.085427135678394,2.30095298135599,0.4441330154672474,0.4441330154672474
