Num,Voltage,Ileak[nA],CCE[a.u.],CCE2[a.u.],MPV[mV],Noise[mV],Error mu,Error mean
0,-900.0,-4.884167e-05,849.080281407035,849.080281407035,232.80402010050253,14.043053745972456,0.7037318275414651,0.7037318275414651
1,-800.0,-4.179674e-05,680.7895120044667,680.7895120044667,189.66834170854273,15.01004676155934,0.5184050128728929,0.5184050128728929
2,-700.0,-3.456731e-05,543.11473813512,543.11473813512,152.0,15.41652179747415,0.5023187493214558,0.5023187493214558
3,-600.0,-2.835279e-05,427.8824165270798,427.8824165270798,121.00502512562814,15.2119993448658,0.4915955000641697,0.4915955000641697
4,-500.0,-2.259772e-05,332.2044533780011,332.2044533780011,96.44221105527639,14.12354560890592,0.4923906503508382,0.4923906503508382
5,-400.0,-1.728946e-05,249.74297264098263,249.74297264098263,74.65326633165829,12.865328447168006,0.49781620444266544,0.49781620444266544
6,-300.0,-1.285607e-05,178.82575544388607,178.82575544388607,55.959798994974875,10.750928432989847,0.4387309438758965,0.4387309438758965
7,-200.0,-9.495689e-06,110.48213512004462,110.48213512004462,40.562814070351756,11.752275398570777,0.4588899809769433,0.4588899809769433
8,-100.0,-5.592462e-06,47.562380792853126,47.562380792853126,32.482412060301506,13.743766254396018,0.5530305094570906,0.5530305094570906
