Num,Voltage,Ileak[nA],CCE[a.u.],CCE2[a.u.],MPV[mV],Noise[mV],Error mu,Error mean
0,-900.0,-2.163936e-05,1102.053753210497,1102.053753210497,319.2361809045226,3.212746729007497,0.7144539571765014,0.7144539571765014
1,-800.0,-1.982781e-05,1043.7473590173088,1043.7473590173088,302.19095477386935,3.225019488017087,0.6715487772633193,0.6715487772633193
2,-700.0,-1.7929e-05,963.8081608040201,963.8081608040201,280.1206030150754,3.3499473339058867,0.6191611366835488,0.6191611366835488
3,-600.0,-1.648797e-05,878.4900502512561,878.4900502512561,254.83417085427135,3.532025567635874,0.50515857188679,0.50515857188679
4,-500.0,-1.474239e-05,726.396676716918,726.396676716918,207.71859296482413,3.8461410342312283,0.562664443850675,0.562664443850675
5,-400.0,-1.275572e-05,543.2260859854828,543.2260859854828,154.69346733668343,4.672524260849304,0.43945333206556364,0.43945333206556364
6,-300.0,-1.05331e-05,396.1035935231714,396.1035935231714,113.28643216080403,4.634435096679178,0.47332075039600946,0.47332075039600946
7,-200.0,-8.427988e-06,272.2979162479061,272.2979162479061,79.79899497487438,4.411042236809792,0.42898775332687666,0.42898775332687666
8,-100.0,-5.440545e-06,151.2865840312674,151.2865840312674,47.437185929648244,4.2464288685230045,0.43959204515105266,0.43959204515105266
