Num,Voltage,Ileak[nA],CCE[a.u.],CCE2[a.u.],MPV[mV],Noise[mV],Error mu,Error mean
0,-900.0,-1.706774e-05,1043.5461395868228,1043.5461395868228,310.3115577889447,2.0355385170150835,0.7262423295658255,0.7262423295658255
1,-800.0,-1.512282e-05,947.6525203796757,947.6525203796757,282.3718592964824,1.9159950193585755,0.6710926002206155,0.6710926002206155
2,-700.0,-1.312499e-05,786.7987939698489,786.7987939698489,233.7286432160804,1.6672724335365856,0.5048248924364475,0.5048248924364475
3,-600.0,-1.089071e-05,608.7237967615855,608.7237967615855,183.71859296482413,1.6671010734559546,0.42830396223976935,0.42830396223976935
4,-500.0,-9.315839e-06,460.8649648241204,460.8649648241204,143.43718592964825,1.6975209905844133,0.43043697247041346,0.43043697247041346
5,-400.0,-7.156383e-06,347.6560938023449,347.6560938023449,110.79396984924622,1.6297830705596172,0.3883197288450524,0.3883197288450524
6,-300.0,-5.354661e-06,249.95448352875474,249.95448352875474,81.20603015075378,1.6508151594652203,0.3910573054187041,0.3910573054187041
7,-200.0,-3.775422e-06,165.4696594081518,165.4696594081518,56.562814070351756,1.7090386583457284,0.36128642731666744,0.36128642731666744
8,-100.0,-2.42778e-06,89.29072026800667,89.29072026800667,35.095477386934675,1.8582259582804976,0.38365556442101656,0.38365556442101656
