Num,Voltage,Ileak[nA],CCE[a.u.],CCE2[a.u.],MPV[mV],Noise[mV],Error mu,Error mean
0,-900.0,-0.0001049864,769.4376415410384,769.4376415410384,301.42713567839195,3.4293954375958013,0.6497815174985409,0.6497815174985409
1,-800.0,-1.498779e-05,622.6291993299831,622.6291993299831,250.2110552763819,3.1845920816641202,0.41090727812302774,0.41090727812302774
2,-700.0,-1.122231e-05,504.34267336683405,504.34267336683405,207.75879396984925,2.967910345173105,0.4663700256501657,0.4663700256501657
3,-600.0,-9.103029e-06,402.6570005583472,402.6570005583472,167.95979899497488,2.92397489186161,0.3951190983879518,0.3951190983879518
4,-500.0,-6.767775e-06,314.4055388051367,314.4055388051367,135.11557788944722,2.9346910010373684,0.4124595431934154,0.4124595431934154
5,-400.0,-5.142448e-06,243.9893512004466,243.9893512004466,104.12060301507537,2.9453817379720566,0.39019416040275395,0.39019416040275395
6,-300.0,-3.854685e-06,180.17488330541593,180.17488330541593,78.7537688442211,2.803942415551462,0.5089991818055015,0.5089991818055015
7,-200.0,-2.780652e-06,120.10457621440531,120.10457621440531,55.15577889447236,2.9337476645902383,0.4314033456048962,0.4314033456048962
8,-100.0,-1.726688e-06,68.17717029592403,68.17717029592403,32.08040201005025,2.7970884176967354,0.448836862602196,0.448836862602196
