Num,Voltage,Ileak[nA],CCE[a.u.],CCE2[a.u.],MPV[mV],Noise[mV],Error mu,Error mean
0,-900.0,-4.907651e-05,1018.3803200000003,1018.3803200000003,305.6,3.8981510716976806,0.5204502542991021,0.5204502542991021
1,-800.0,-4.228906e-05,821.9401777777778,821.9401777777778,250.92,3.8687912107141122,0.4969230121457441,0.4969230121457441
2,-700.0,-3.479653e-05,657.8327288888888,657.8327288888888,204.6,3.867181951617169,0.44699996957494204,0.44699996957494204
3,-600.0,-2.796337e-05,516.3351466666667,516.3351466666667,160.92,3.851986154353794,0.4638536458841296,0.4638536458841296
4,-500.0,-2.186929e-05,393.33530666666667,393.33530666666667,125.2,3.8146461027058445,0.4334252636845246,0.4334252636845246
5,-400.0,-1.681598e-05,289.0188977777778,289.0188977777778,94.24,3.865970122447188,0.4145117378313923,0.4145117378313923
6,-300.0,-1.244974e-05,198.63356444444443,198.63356444444443,65.48,3.8667570615231965,0.4835698716835034,0.4835698716835034
7,-200.0,-9.072897e-06,122.30936888888886,122.30936888888886,42.76,3.830206234978625,0.43294650385469097,0.43294650385469097
8,-100.0,-5.251154e-06,56.84652163742689,56.84652163742689,24.0,3.8622348524487817,0.4063908692994331,0.4063908692994331
