Num,Voltage,Ileak[nA],CCE[a.u.],CCE2[a.u.],MPV[mV],Noise[mV],Error mu,Error mean
0,-900.0,-4.99251e-05,787.561701842546,787.561701842546,219.25628140703517,4.662032977617182,0.553249964385766,0.553249964385766
1,-800.0,-4.34806e-05,695.9255120044667,695.9255120044667,193.52763819095478,4.67012248540575,0.4679619543347715,0.4679619543347715
2,-700.0,-3.795928e-05,596.3407794528194,596.3407794528194,167.87939698492463,4.660784699806064,0.5121256927823636,0.5121256927823636
3,-600.0,-3.274877e-05,488.2050965940814,488.2050965940814,136.1608040201005,4.664930050473072,0.4705977626669311,0.4705977626669311
4,-500.0,-2.740043e-05,386.66948967057516,386.66948967057516,108.26130653266331,4.613953790441471,0.39994457803810385,0.39994457803810385
5,-400.0,-2.264429e-05,298.82634505862643,298.82634505862643,83.61809045226131,4.640585495314958,0.43358371563450326,0.43358371563450326
6,-300.0,-1.777311e-05,221.3166275823562,221.3166275823562,62.79396984924623,4.657463928220687,0.4050580705450411,0.4050580705450411
7,-200.0,-1.312863e-05,149.9335790061418,149.9335790061418,40.64321608040201,4.67950896749986,0.36530465377576893,0.36530465377576893
8,-100.0,-8.756855e-06,84.16698604131768,84.16698604131768,32.0,4.718863166521235,0.37539858412450083,0.37539858412450083
