Num,Voltage,Ileak[nA],CCE[a.u.],CCE2[a.u.],MPV[mV],Noise[mV],Error mu,Error mean
0,-900.0,-1.670208e-05,1103.532989391401,1103.532989391401,330.6532663316583,3.6539529737113914,0.5995498418179247,0.5995498418179247
1,-800.0,-1.498329e-05,1004.27240201005,1004.27240201005,303.2361809045226,3.504586709531368,0.5479959226501752,0.5479959226501752
2,-700.0,-1.303104e-05,850.5769022892238,850.5769022892238,257.6884422110553,3.325261354119156,0.49077311529765216,0.49077311529765216
3,-600.0,-1.091682e-05,663.7642970407591,663.7642970407591,202.73366834170855,3.226947920707448,0.47375271380781514,0.47375271380781514
4,-500.0,-9.552833e-06,512.8729692908988,512.8729692908988,160.08040201005025,2.995214683468475,0.43627092228591097,0.43627092228591097
5,-400.0,-7.412915e-06,384.6825237297598,384.6825237297598,123.69849246231156,2.9827694558932425,0.4200596886467521,0.4200596886467521
6,-300.0,-5.634927e-06,275.4645404801785,275.4645404801785,93.46733668341709,2.9865178919331687,0.42225859809901267,0.42225859809901267
7,-200.0,-4.000657e-06,182.5766878838637,182.5766878838637,64.52261306532664,2.9339650131310426,0.3931518530878038,0.3931518530878038
8,-100.0,-2.557502e-06,99.88922389726406,99.88922389726406,40.08040201005025,2.930100321846409,0.41433970522411,0.41433970522411
