Num,Voltage,Ileak[nA],CCE[a.u.],CCE2[a.u.],MPV[mV],Noise[mV],Error mu,Error mean
0,-900.0,-0.0001049862,1994.5774025683977,1994.5774025683977,620.9447236180905,2.241029744603839,0.9660073786000636,0.9660073786000636
1,-800.0,-1.041232e-05,1805.3664410943607,1805.3664410943607,565.0653266331658,2.2705022584864767,0.7682023755476719,0.7682023755476719
2,-700.0,-1.014507e-05,1596.4822691233946,1596.4822691233946,507.21608040201005,2.0956300201060833,0.6706565343864318,0.6706565343864318
3,-600.0,-9.190429e-06,1375.4988096035736,1375.4988096035736,446.7537688442211,1.9622844854239938,0.6069358913855407,0.6069358913855407
4,-500.0,-8.303223e-06,1155.97916694584,1155.97916694584,384.08040201005025,1.7737263921158408,0.5301513949031147,0.5301513949031147
5,-400.0,-7.217192e-06,936.455003908431,936.455003908431,318.7537688442211,1.803469483624548,0.49542729305763894,0.49542729305763894
6,-300.0,-6.036298e-06,729.489795644891,729.489795644891,250.8140703517588,1.76551435216433,0.41709890521938414,0.41709890521938414
7,-200.0,-4.725835e-06,526.3100926856504,526.3100926856504,181.14572864321607,1.812903166193914,0.4322119164556107,0.4322119164556107
8,-100.0,-3.24972e-06,309.257183696259,309.257183696259,104.08040201005025,1.7285219624572095,0.38532130533637743,0.38532130533637743
