Num,Voltage,Ileak[nA],CCE[a.u.],CCE2[a.u.],MPV[mV],Noise[mV],Error mu,Error mean
0,-900.0,-2.079372e-05,1478.325208888889,1478.325208888889,432.92,4.234107779846662,0.5904939112302505,0.5904939112302505
1,-800.0,-1.770538e-05,1228.7432533333333,1228.7432533333333,363.32,4.211071333731806,0.645720345660569,0.645720345660569
2,-700.0,-1.440346e-05,938.9390577777776,938.9390577777776,281.28,4.151323549167969,0.533233457314899,0.533233457314899
3,-600.0,-1.127897e-05,714.5564622222223,714.5564622222223,217.56,4.232111803932837,0.4693745421302702,0.4693745421302702
4,-500.0,-9.083872e-06,537.5634488888888,537.5634488888888,167.68,4.1753100513244945,0.4460448192726823,0.4460448192726823
5,-400.0,-6.710577e-06,397.13411555555547,397.13411555555547,126.36,4.195183740586811,0.4635428230487447,0.4635428230487447
6,-300.0,-4.880318e-06,280.1332622222222,280.1332622222222,90.52,4.137145458309374,0.42719926591697255,0.42719926591697255
7,-200.0,-3.422844e-06,180.50097777777773,180.50097777777773,62.16,4.09871536634602,0.4094495817558003,0.4094495817558003
8,-100.0,-2.127282e-06,89.28021333333332,89.28021333333332,36.12,3.9875954325048237,0.44451507421008796,0.44451507421008796
