Num,Voltage,Ileak[nA],CCE[a.u.],CCE2[a.u.],MPV[mV],Noise[mV],Error mu,Error mean
0,-900.0,-1.348286e-05,745.8763555555555,745.8763555555555,305.88,1.9550645216848004,0.5082345411323403,0.5082345411323403
1,-800.0,-1.124164e-05,630.0277688888888,630.0277688888888,264.04,1.8723247054047907,0.42564234375822946,0.42564234375822946
2,-700.0,-9.743208e-06,527.6428266666667,527.6428266666667,224.0,1.8996714335788585,0.4349593305126356,0.4349593305126356
3,-600.0,-8.126164e-06,434.9167822222222,434.9167822222222,187.0,1.8521138940527417,0.42159497530212564,0.42159497530212564
4,-500.0,-6.687294e-06,349.85196444444443,349.85196444444443,152.04,1.9179373050683486,0.39045901193339083,0.39045901193339083
5,-400.0,-5.385295e-06,274.57054222222223,274.57054222222223,120.56,1.940932332923447,0.41182215967575037,0.41182215967575037
6,-300.0,-4.290169e-06,204.08490666666665,204.08490666666665,91.6,2.0244479082785345,0.405437537482656,0.405437537482656
7,-200.0,-3.167583e-06,140.07551999999995,140.07551999999995,64.12,1.9415874375823967,0.39943818144989596,0.39943818144989596
8,-100.0,-2.052741e-06,76.94659555555555,76.94659555555555,38.08,1.9021514005507774,0.407461150049916,0.407461150049916
