Num,Voltage,Ileak[nA],CCE[a.u.],CCE2[a.u.],MPV[mV],Noise[mV],Error mu,Error mean
0,-900.0,-1.950929e-05,1034.26158347292,1034.26158347292,299.4572864321608,5.532754462407235,0.5912777146473183,0.5912777146473183
1,-800.0,-1.773126e-05,987.1751468453375,987.1751468453375,284.9849246231156,5.447828967420189,0.5673185279364473,0.5673185279364473
2,-700.0,-1.615857e-05,929.5049648241204,929.5049648241204,266.3718592964824,5.277335842086713,0.5058736140388447,0.5058736140388447
3,-600.0,-1.478521e-05,857.6722903405915,857.6722903405915,245.86934673366835,5.3068833765446195,0.5504168314038039,0.5504168314038039
4,-500.0,-1.357176e-05,751.7585438302623,751.7585438302623,215.43718592964825,5.273696333081489,0.48369304769488547,0.48369304769488547
5,-400.0,-1.19913e-05,590.0007950865437,590.0007950865437,167.59798994974875,5.223003598052399,0.5156137045355148,0.5156137045355148
6,-300.0,-1.011484e-05,427.1517409268565,427.1517409268565,120.80402010050251,4.855028163424686,0.39881391019613827,0.39881391019613827
7,-200.0,-8.438747e-06,292.5391401451702,292.5391401451702,86.15075376884423,4.86230693630946,0.4633382179637883,0.4633382179637883
8,-100.0,-5.456103e-06,165.8050965940815,165.8050965940815,49.608040201005025,4.791753110275176,0.4363153281168481,0.4363153281168481
