Num,Voltage,Ileak[nA],CCE[a.u.],CCE2[a.u.],MPV[mV],Noise[mV],Error mu,Error mean
0,-900.0,-0.0001049862,1396.1733646007815,1396.1733646007815,470.39195979899495,3.3209849284974533,0.60388765567163,0.60388765567163
1,-800.0,-9.389256e-06,1230.8444980457843,1230.8444980457843,421.90954773869345,3.218602646413094,0.6039701897862998,0.6039701897862998
2,-700.0,-8.096854e-06,1066.754286990508,1066.754286990508,369.04522613065325,3.0751611934222427,0.5212353961098514,0.5212353961098514
3,-600.0,-7.000682e-06,903.9812752652148,903.9812752652148,317.1859296482412,3.117981785856615,0.5059128095569072,0.5059128095569072
4,-500.0,-5.978828e-06,754.1130898939138,754.1130898939138,265.96984924623115,2.8895040715999936,0.5463410476764325,0.5463410476764325
5,-400.0,-5.030904e-06,613.671629257398,613.671629257398,216.96482412060303,2.1353772894379586,0.6429086611638075,0.6429086611638075
6,-300.0,-4.069275e-06,471.54462088218855,471.54462088218855,166.9145728643216,2.1701511798764757,0.4587778075267707,0.4587778075267707
7,-200.0,-3.163327e-06,331.3810295924063,331.3810295924063,117.10552763819095,2.0893817738516867,0.4461240166750438,0.4461240166750438
8,-100.0,-2.094644e-06,194.43925404801783,194.43925404801783,65.60804020100502,2.098899120319521,0.4330429230173549,0.4330429230173549
