Num,Voltage,Ileak[nA],CCE[a.u.],CCE2[a.u.],MPV[mV],Noise[mV],Error mu,Error mean
0,-900.0,-1.598798e-05,816.8731122278056,816.8731122278056,320.4824120603015,2.5258741970128735,0.461214811550001,0.461214811550001
1,-800.0,-1.410823e-05,675.1118436627582,675.1118436627582,272.1608040201005,3.4802855751268744,0.6859084906810177,0.6859084906810177
2,-700.0,-1.211423e-05,575.3164221105527,575.3164221105527,234.57286432160805,3.3011917036764244,0.49432975800240486,0.49432975800240486
3,-600.0,-1.036027e-05,484.449089893914,484.449089893914,199.356783919598,3.2866468793979733,0.5162268561926636,0.5162268561926636
4,-500.0,-9.135617e-06,401.3074260189838,401.3074260189838,165.98994974874373,3.104654799238671,0.4334388227754923,0.4334388227754923
5,-400.0,-7.543023e-06,317.98419653824675,317.98419653824675,131.97989949748742,3.1685681442493183,0.36451171741270044,0.36451171741270044
6,-300.0,-5.993134e-06,240.2392763819095,240.2392763819095,100.02010050251256,3.307210010063847,0.37805636940294435,0.37805636940294435
7,-200.0,-4.503894e-06,163.6795175879397,163.6795175879397,69.54773869346734,3.350966985747378,0.41662205206356556,0.41662205206356556
8,-100.0,-2.943441e-06,90.80029480737015,90.80029480737015,39.79899497487437,3.28676175700196,0.4221918165784113,0.4221918165784113
