Num,Voltage,Ileak[nA],CCE[a.u.],CCE2[a.u.],MPV[mV],Noise[mV],Error mu,Error mean
0,-900.0,-4.801682e-05,792.1101150195419,792.1101150195419,224.24120603015075,1.3645838027054795,0.7963778473104585,0.7963778473104585
1,-800.0,-4.221252e-05,698.0069235064208,698.0069235064208,197.7889447236181,1.1748033570230683,0.7753426780792912,0.7753426780792912
2,-700.0,-3.687334e-05,575.6815901730873,575.6815901730873,162.13065326633165,1.135007825871101,0.7370112371161334,0.7370112371161334
3,-600.0,-3.115893e-05,462.0635801228363,462.0635801228363,130.29145728643215,1.008163324310468,0.6271791256732279,0.6271791256732279
4,-500.0,-2.57322e-05,364.9062199888329,364.9062199888329,104.04020100502512,1.0538472267808259,0.6732292430058672,0.6732292430058672
5,-400.0,-2.081828e-05,280.361809045226,280.361809045226,79.95979899497488,1.0435540463108515,0.6609651440238433,0.6609651440238433
6,-300.0,-1.602925e-05,201.90540256839753,201.90540256839753,57.969849246231156,1.0751186337347276,0.561635052744553,0.561635052744553
7,-200.0,-1.142161e-05,131.35112004466777,131.35112004466777,39.75879396984924,1.075837633860032,0.5507789449536714,0.5507789449536714
8,-100.0,-7.318037e-06,69.00931216931217,69.00931216931217,24.0,1.0097790377619456,0.5911182961828066,0.5911182961828066
