Num,Voltage,Ileak[nA],CCE[a.u.],CCE2[a.u.],MPV[mV],Noise[mV],Error mu,Error mean
0,-900.0,-1.6837e-05,1012.5354952540479,1012.5354952540479,308.5427135678392,4.232575849961245,0.5220712970222353,0.5220712970222353
1,-800.0,-1.510085e-05,938.7038659966497,938.7038659966497,286.95477386934675,4.320190072907472,0.5292826419167815,0.5292826419167815
2,-700.0,-1.354002e-05,822.478436627582,822.478436627582,252.8643216080402,4.479292687337045,0.4452578629938472,0.4452578629938472
3,-600.0,-1.181688e-05,653.274836404243,653.274836404243,201.12562814070353,4.27096017981879,0.4366079183410487,0.4366079183410487
4,-500.0,-1.049979e-05,495.2562814070351,495.2562814070351,155.7788944723618,4.344476390942759,0.39899980921400907,0.39899980921400907
5,-400.0,-8.292017e-06,367.24447124511437,367.24447124511437,119.91959798994975,4.366024283003592,0.43462205623232397,0.43462205623232397
6,-300.0,-6.406992e-06,264.3589681742043,264.3589681742043,88.56281407035176,4.439572194214748,0.38431161703799466,0.38431161703799466
7,-200.0,-4.552067e-06,175.80678503629252,175.80678503629252,63.437185929648244,4.571669746869301,0.34109230682096725,0.34109230682096725
8,-100.0,-2.945432e-06,91.003801228364,91.003801228364,38.834170854271356,4.633454960316433,0.39133977179285184,0.39133977179285184
