Num,Voltage,Ileak[nA],CCE[a.u.],CCE2[a.u.],MPV[mV],Noise[mV],Error mu,Error mean
0,-900.0,-0.0001049862,2018.2950338164242,2018.2950338164242,645.2709030100334,2.896836913422047,1.0465514775069615,1.0465514775069615
1,-800.0,-1.050733e-05,1836.963757710888,1836.963757710888,592.0802675585285,2.426707884161668,0.4862993489100297,0.4862993489100297
2,-700.0,-1.049975e-05,1601.2751839464881,1601.2751839464881,526.0468227424749,2.3981893695633203,0.4683867771220777,0.4683867771220777
3,-600.0,-9.352128e-06,1364.546223708658,1364.546223708658,459.1304347826087,2.411125628523184,0.42890932458926295,0.42890932458926295
4,-500.0,-8.357779e-06,1136.88978075065,1136.88978075065,392.98996655518397,2.3873882160949185,0.37993839873649954,0.37993839873649954
5,-400.0,-7.267731e-06,923.8931073950201,923.8931073950201,327.01003344481603,2.601801861786627,0.3631963803432316,0.3631963803432316
6,-300.0,-6.117698e-06,717.7761010776661,717.7761010776661,256.5083612040134,2.807069245340177,0.34349947972807643,0.34349947972807643
7,-200.0,-4.718999e-06,516.2562853957634,516.2562853957634,184.10702341137124,2.9957561890406934,0.2931433585801601,0.2931433585801601
8,-100.0,-3.270712e-06,299.917901151988,299.917901151988,104.50836120401338,3.3321641099443338,0.26903739215098915,0.26903739215098915
