Num,Voltage,Ileak[nA],CCE[a.u.],CCE2[a.u.],MPV[mV],Noise[mV],Error mu,Error mean
0,-900.0,-6.872672e-05,819.2166521496367,819.2166521496367,247.47738693467338,2.440027658760568,0.5500689129289772,0.5500689129289772
1,-800.0,-5.729646e-05,723.7054070351755,723.7054070351755,220.18090452261308,2.432873077036933,0.4806050312088876,0.4806050312088876
2,-700.0,-4.830638e-05,632.6235086543828,632.6235086543828,193.68844221105527,2.4187673877651346,0.46853809974035154,0.46853809974035154
3,-600.0,-4.127918e-05,541.3601161362366,541.3601161362366,168.321608040201,2.391434227494265,0.42050001343932286,0.42050001343932286
4,-500.0,-3.502464e-05,438.2278146286989,438.2278146286989,137.2462311557789,2.37939427998824,0.445097853333644,0.445097853333644
5,-400.0,-2.905533e-05,341.5820256839753,341.5820256839753,111.71859296482413,2.4546527857054072,0.45296867262190643,0.45296867262190643
6,-300.0,-2.326057e-05,258.33541038525954,258.33541038525954,87.8391959798995,2.502445739635546,0.3870869074481295,0.3870869074481295
7,-200.0,-1.774174e-05,179.96217532104964,179.96217532104964,64.48241206030151,2.527060608611699,0.3658839876077853,0.3658839876077853
8,-100.0,-1.164732e-05,107.03167392518144,107.03167392518144,40.96482412060301,2.538543057373127,0.4017357332811196,0.4017357332811196
