Num,Voltage,Ileak[nA],CCE[a.u.],CCE2[a.u.],MPV[mV],Noise[mV],Error mu,Error mean
0,-900.0,-0.0001049867,748.4369045226128,748.4369045226128,295.356783919598,2.7069741425567044,0.5630846132123117,0.5630846132123117
1,-800.0,-1.503591e-05,614.5455276381908,614.5455276381908,247.31658291457288,3.045335955400942,0.4380983108632539,0.4380983108632539
2,-700.0,-1.159548e-05,495.19703405918466,495.19703405918466,203.21608040201005,3.1542867626167848,0.46109102970058635,0.46109102970058635
3,-600.0,-9.37686e-06,397.18051591289776,397.18051591289776,163.65829145728642,3.042503126798445,0.4899626635024863,0.4899626635024863
4,-500.0,-7.115023e-06,311.27779341150193,311.27779341150193,129.7286432160804,3.119019722323579,0.43118603418549817,0.43118603418549817
5,-400.0,-5.509763e-06,239.38031490787267,239.38031490787267,101.70854271356784,3.4761602261753692,0.420587794458554,0.420587794458554
6,-300.0,-4.129537e-06,177.48977777777773,177.48977777777773,75.33668341708542,3.6385109295704874,0.4555601120054961,0.4555601120054961
7,-200.0,-3.004585e-06,120.11040089335566,120.11040089335566,52.7035175879397,3.7512781211702966,0.4415006697309135,0.4415006697309135
8,-100.0,-1.895573e-06,67.52166164154103,67.52166164154103,32.040201005025125,3.706348258783183,0.3858073760666992,0.3858073760666992
