Num,Voltage,Ileak[nA],CCE[a.u.],CCE2[a.u.],MPV[mV],Noise[mV],Error mu,Error mean
0,-900.0,-5.041698e-05,836.6487548855388,836.6487548855388,240.36180904522612,3.9431263108004013,0.5551763131222123,0.5551763131222123
1,-800.0,-4.341196e-05,731.3701485203795,731.3701485203795,210.4924623115578,5.202577221745605,0.5648125035368882,0.5648125035368882
2,-700.0,-3.760096e-05,635.3646097152429,635.3646097152429,183.8391959798995,5.260505384623184,0.46231473732002765,0.46231473732002765
3,-600.0,-3.252202e-05,519.1813288665551,519.1813288665551,152.12060301507537,5.290556047640596,0.3895931435798186,0.3895931435798186
4,-500.0,-2.75921e-05,413.29759910664416,413.29759910664416,120.92462311557789,5.468308595730931,0.47356776031061937,0.47356776031061937
5,-400.0,-2.271992e-05,321.36386823003903,321.36386823003903,96.0,5.391698167885194,0.363425559236104,0.363425559236104
6,-300.0,-1.789484e-05,240.8221373534338,240.8221373534338,72.92462311557789,5.376261166046639,0.3778240918486675,0.3778240918486675
7,-200.0,-1.332992e-05,165.26709994416527,165.26709994416527,52.7035175879397,5.31254197957974,0.44099984765261563,0.44099984765261563
8,-100.0,-9.017741e-06,93.63764600781684,93.63764600781684,32.0,5.330018675797871,0.4193207167447623,0.4193207167447623
