Num,Voltage,Ileak[nA],CCE[a.u.],CCE2[a.u.],MPV[mV],Noise[mV],Error mu,Error mean
0,-900.0,-1.857954e-05,1215.7768933556672,1215.7768933556672,343.1959798994975,3.217973657946869,0.6762602478439685,0.6762602478439685
1,-800.0,-1.630521e-05,1064.110007816862,1064.110007816862,301.9497487437186,3.4060004273855573,0.6190139838541485,0.6190139838541485
2,-700.0,-1.383331e-05,841.0995242881072,841.0995242881072,239.03517587939697,3.4366785471571384,0.4179157193049729,0.4179157193049729
3,-600.0,-1.119738e-05,650.2026934673366,650.2026934673366,187.4572864321608,3.2942117440092282,0.45171608030681526,0.45171608030681526
4,-500.0,-9.36828e-06,496.15801675041865,496.15801675041865,144.68341708542712,3.30993808402192,0.42761992855402775,0.42761992855402775
5,-400.0,-7.091593e-06,369.96854494695697,369.96854494695697,112.04020100502512,3.37357533902399,0.4328991398461131,0.4328991398461131
6,-300.0,-5.266126e-06,269.27192406476826,269.27192406476826,82.73366834170854,3.2916872076161576,0.40844580595384555,0.40844580595384555
7,-200.0,-3.775312e-06,178.9980122836404,178.9980122836404,57.04522613065327,3.183321237548477,0.35890067482519755,0.35890067482519755
8,-100.0,-2.35703e-06,96.99074930206586,96.99074930206586,33.92964824120603,3.152733179359602,0.4385862108758804,0.4385862108758804
