Num,Voltage,Ileak[nA],CCE[a.u.],CCE2[a.u.],MPV[mV],Noise[mV],Error mu,Error mean
0,-900.0,-0.0001049861,1417.5268163037408,1417.5268163037408,464.1206030150754,3.8849717207189505,1.9932719278471247,1.9932719278471247
1,-800.0,-9.969212e-06,1226.0118369625907,1226.0118369625907,407.7185929648241,4.843875530543582,0.5721449009649089,0.5721449009649089
2,-700.0,-8.879592e-06,1101.2738179787827,1101.2738179787827,373.86934673366835,2.7991666082205313,0.6932648288435425,0.6932648288435425
3,-600.0,-7.872624e-06,942.580904522613,942.580904522613,323.4170854271357,2.8096986861408006,0.4609328798417423,0.4609328798417423
4,-500.0,-6.865676e-06,783.4460837520936,783.4460837520936,274.0502512562814,2.704387473460351,0.6555357650574759,0.6555357650574759
5,-400.0,-5.870371e-06,653.6480089335565,653.6480089335565,230.7537688442211,2.224931792543091,0.46627695775327527,0.46627695775327527
6,-300.0,-4.770347e-06,497.3589190396426,497.3589190396426,176.9246231155779,2.6038430127422187,0.6197683100394631,0.6197683100394631
7,-200.0,-3.694268e-06,366.7120670016749,366.7120670016749,128.321608040201,1.709133277249688,0.3600555247739322,0.3600555247739322
8,-100.0,-2.490192e-06,213.7715600223338,213.7715600223338,72.60301507537689,1.4971180913286946,0.3755645547678205,0.3755645547678205
