Num,Voltage,Ileak[nA],CCE[a.u.],CCE2[a.u.],MPV[mV],Noise[mV],Error mu,Error mean
0,-900.0,-1.853793e-05,1094.7713143495255,1094.7713143495255,307.1758793969849,9.672855866997564,0.8769030721604849,0.8769030721604849
1,-800.0,-1.675699e-05,999.5009536571747,999.5009536571747,279.15577889447235,13.163336832062026,0.6992102698100812,0.6992102698100812
2,-700.0,-1.519328e-05,932.6208285873814,932.6208285873814,258.0100502512563,13.25263988800918,0.5544973618041964,0.5544973618041964
3,-600.0,-1.403241e-05,831.0039441652708,831.0039441652708,227.81909547738692,12.830468313931174,0.5174261691644834,0.5174261691644834
4,-500.0,-1.237146e-05,653.2250407593523,653.2250407593523,176.60301507537687,13.281617167107328,0.5355567190005943,0.5355567190005943
5,-400.0,-1.043863e-05,498.2235086543829,498.2235086543829,134.2713567839196,13.062404596246404,0.44334460406753073,0.44334460406753073
6,-300.0,-9.053885e-06,361.8482992741485,361.8482992741485,96.80402010050251,12.592086699428632,0.48665655283323456,0.48665655283323456
7,-200.0,-6.673637e-06,242.26622892238967,242.26622892238967,66.05025125628141,12.155182816489345,0.4229493979120874,0.4229493979120874
8,-100.0,-4.282687e-06,133.39711892797317,133.39711892797317,39.63819095477387,12.086545798290091,0.36299539794636687,0.36299539794636687
