Num,Voltage,Ileak[nA],CCE[a.u.],CCE2[a.u.],MPV[mV],Noise[mV],Error mu,Error mean
0,-900.0,-0.0001049864,1462.2837744276937,1462.2837744276937,485.54773869346735,5.5607032538546965,1.4036180795313546,1.4036180795313546
1,-800.0,-9.363095e-06,1293.2673500837518,1293.2673500837518,437.7889447236181,4.996814902060429,0.8220677506262642,0.8220677506262642
2,-700.0,-8.17055e-06,1127.8249558905638,1127.8249558905638,388.2211055276382,3.9023523344462734,0.48538001347356885,0.48538001347356885
3,-600.0,-7.255421e-06,981.700627582356,981.700627582356,341.7889447236181,2.9995526632329486,0.7975057446420214,0.7975057446420214
4,-500.0,-6.296524e-06,837.549489670575,837.549489670575,295.43718592964825,2.3430023262300774,0.6450341518754137,0.6450341518754137
5,-400.0,-5.253674e-06,701.5893512004465,701.5893512004465,246.79396984924622,1.5582088933620166,0.8536174640901601,0.8536174640901601
6,-300.0,-4.313544e-06,517.7497085427135,517.7497085427135,184.20100502512562,2.6640658006689204,0.638784379463146,0.638784379463146
7,-200.0,-3.322659e-06,367.3602680067,367.3602680067,129.84924623115577,2.54456051900225,0.4119198179387236,0.4119198179387236
8,-100.0,-2.238335e-06,212.43333109994413,212.43333109994413,74.69346733668341,2.5304176664137215,0.35401631798611477,0.35401631798611477
