Num,Voltage,Ileak[nA],CCE[a.u.],CCE2[a.u.],MPV[mV],Noise[mV],Error mu,Error mean
0,-900.0,-7.581057e-05,711.5936303740925,711.5936303740925,219.85929648241205,3.593234193381277,0.4365948232564356,0.4365948232564356
1,-800.0,-6.332183e-05,635.6859140145168,635.6859140145168,197.14572864321607,3.549602096362288,0.4125361211927272,0.4125361211927272
2,-700.0,-5.363455e-05,554.7503026242321,554.7503026242321,175.15577889447235,3.6779224638397343,0.39430742439487,0.39430742439487
3,-600.0,-4.558659e-05,476.19246454494686,476.19246454494686,151.71859296482413,3.9307639904064646,0.37230040290980093,0.37230040290980093
4,-500.0,-3.851307e-05,390.82677386934654,390.82677386934654,127.51758793969849,3.8151318583841665,0.3705681779711801,0.3705681779711801
5,-400.0,-3.192959e-05,308.72343941931865,308.72343941931865,103.8391959798995,3.6484917444522664,0.3454851433643108,0.3454851433643108
6,-300.0,-2.5563e-05,240.40585147962017,240.40585147962017,81.68844221105527,3.373539143727294,0.32546046490353625,0.32546046490353625
7,-200.0,-1.945499e-05,172.5480201005024,172.5480201005024,62.994974874371856,3.04699419624964,0.3694518183121983,0.3694518183121983
8,-100.0,-1.270191e-05,101.62576437744275,101.62576437744275,40.08040201005025,3.068187177156296,0.3131880902111547,0.3131880902111547
