Num,Voltage,Ileak[nA],CCE[a.u.],CCE2[a.u.],MPV[mV],Noise[mV],Error mu,Error mean
0,-900.0,-2.047838e-05,955.885328866555,955.885328866555,278.63316582914575,3.390782679534132,0.5315071644010942,0.5315071644010942
1,-800.0,-1.85889e-05,916.8037163595754,916.8037163595754,265.00502512562815,3.2899941746869388,0.5655360311165458,0.5655360311165458
2,-700.0,-1.689609e-05,867.6701909547738,867.6701909547738,250.17085427135677,3.193614722031315,0.5585178385415381,0.5585178385415381
3,-600.0,-1.534913e-05,807.9017844779452,807.9017844779452,232.24120603015075,3.247696902343026,0.5056634064375637,0.5056634064375637
4,-500.0,-1.420144e-05,730.6609670575097,730.6609670575097,208.44221105527637,2.838290381732492,0.4561378780949103,0.4561378780949103
5,-400.0,-1.276512e-05,600.8430954773868,600.8430954773868,169.60804020100502,2.6826167937753134,0.45230685819495503,0.45230685819495503
6,-300.0,-1.09861e-05,434.2570273590173,434.2570273590173,123.93969849246231,2.5059559117195667,0.45969591161719964,0.45969591161719964
7,-200.0,-9.059876e-06,291.80867895030707,291.80867895030707,85.14572864321607,3.021484933964867,0.41308756072114144,0.41308756072114144
8,-100.0,-6.076803e-06,167.0870619765494,167.0870619765494,50.09045226130653,2.8442046115456745,0.41457546975726883,0.41457546975726883
