Num,Voltage,Ileak[nA],CCE[a.u.],CCE2[a.u.],MPV[mV],Noise[mV],Error mu,Error mean
0,-900.0,-2.375921e-05,1104.0564779452816,1104.0564779452816,423.63819095477385,3.1560491577621423,0.7228547171638972,0.7228547171638972
1,-800.0,-2.192161e-05,970.0706733668341,970.0706733668341,382.5929648241206,3.0913282612249766,0.6119948811098819,0.6119948811098819
2,-700.0,-1.986217e-05,849.8540524846451,849.8540524846451,342.5929648241206,3.2005090110715226,0.604668610245851,0.604668610245851
3,-600.0,-1.763626e-05,743.6128375209377,743.6128375209377,303.8793969849246,3.0680396228493083,0.5378365432511251,0.5378365432511251
4,-500.0,-1.537806e-05,635.8243305415967,635.8243305415967,263.356783919598,3.049797797150784,0.5311390311103472,0.5311390311103472
5,-400.0,-1.321865e-05,524.6952629815743,524.6952629815743,221.10552763819095,3.060881455317823,0.4972911754919404,0.4972911754919404
6,-300.0,-1.097613e-05,416.65992183137905,416.65992183137905,176.9246231155779,2.897800154616271,0.4979295258839104,0.4979295258839104
7,-200.0,-9.040989e-06,304.11374204355093,304.11374204355093,131.25628140703517,2.9034320661967365,0.48642853119685237,0.48642853119685237
8,-100.0,-5.891069e-06,186.12513232830818,186.12513232830818,81.5678391959799,2.9104721725209934,0.4607855044497295,0.4607855044497295
