Num,Voltage,Ileak[nA],CCE[a.u.],CCE2[a.u.],MPV[mV],Noise[mV],Error mu,Error mean
0,-900.0,-2.554755e-05,997.6831892797318,997.6831892797318,301.38693467336685,3.2910641012105,0.5619283625866149,0.5619283625866149
1,-800.0,-2.278809e-05,946.4004645449468,946.4004645449468,286.63316582914575,3.2581332990610794,0.5796244538229446,0.5796244538229446
2,-700.0,-2.049051e-05,902.6819251814627,902.6819251814627,272.0,3.1872535467125394,0.5028446273365798,0.5028446273365798
3,-600.0,-1.864724e-05,845.4633701842544,845.4633701842544,254.55276381909547,3.3597143983658984,0.5067147263675079,0.5067147263675079
4,-500.0,-1.725745e-05,771.5519463986597,771.5519463986597,231.8391959798995,3.4145321034934484,0.45756397994939,0.45756397994939
5,-400.0,-1.564026e-05,689.160058068118,689.160058068118,207.03517587939697,3.108996216062022,0.4855861036889977,0.4855861036889977
6,-300.0,-1.400318e-05,544.2122970407592,544.2122970407592,164.26130653266333,3.088526707950189,0.42762682626742676,0.42762682626742676
7,-200.0,-1.130864e-05,363.1010876605248,363.1010876605248,112.52261306532664,2.7547873928656488,0.44895696109149874,0.44895696109149874
8,-100.0,-8.253199e-06,209.98460748185363,209.98460748185363,71.15577889447236,2.9767966452207055,0.38774791154034094,0.38774791154034094
