Num,Voltage,Ileak[nA],CCE[a.u.],CCE2[a.u.],MPV[mV],Noise[mV],Error mu,Error mean
0,-900.0,-5.287932e-05,768.342977107761,768.342977107761,220.62311557788945,2.401908491714444,0.4572154312166109,0.4572154312166109
1,-800.0,-4.507105e-05,687.1509011725295,687.1509011725295,197.6281407035176,2.392503914578097,0.5150846675736537,0.5150846675736537
2,-700.0,-3.906176e-05,618.2993545505302,618.2993545505302,179.17587939698493,1.4971518249442797,0.5637636637339658,0.5637636637339658
3,-600.0,-3.36592e-05,511.3711490787269,511.3711490787269,150.79396984924622,1.4805059810510932,0.37130216591337073,0.37130216591337073
4,-500.0,-2.857413e-05,408.45618313791164,408.45618313791164,120.1608040201005,1.52658375878877,0.38291692095127855,0.38291692095127855
5,-400.0,-2.348292e-05,318.4633746510329,318.4633746510329,96.24120603015075,1.6032705956510125,0.45020066308585693,0.45020066308585693
6,-300.0,-1.870823e-05,239.06487102177545,239.06487102177545,73.28643216080403,1.5567164046105557,0.3956117871141888,0.3956117871141888
7,-200.0,-1.409258e-05,165.24210385259627,165.24210385259627,54.15075376884422,1.4501112951163944,0.32258866179762474,0.32258866179762474
8,-100.0,-9.525363e-06,93.19198659966496,93.19198659966496,32.120603015075375,1.4057154215762522,0.394075097423521,0.394075097423521
