Num,Voltage,Ileak[nA],CCE[a.u.],CCE2[a.u.],MPV[mV],Noise[mV],Error mu,Error mean
0,-900.0,-5.617582e-05,776.6289045226127,776.6289045226127,231.5175879396985,1.1002178971069803,0.41670460060273073,0.41670460060273073
1,-800.0,-4.703085e-05,693.8343807928528,693.8343807928528,207.47738693467338,0.8781091773198428,0.4329418206108434,0.4329418206108434
2,-700.0,-4.062447e-05,609.1519999999997,609.1519999999997,182.39195979899498,0.8763593704681355,0.3965838936742399,0.3965838936742399
3,-600.0,-3.530676e-05,514.0949369067557,514.0949369067557,153.2462311557789,0.8650830199578512,0.392365749975759,0.392365749975759
4,-500.0,-2.970652e-05,409.297438302624,409.297438302624,124.38190954773869,0.91421607966527,0.36004949791045043,0.36004949791045043
5,-400.0,-2.454396e-05,319.0539184812952,319.0539184812952,97.48743718592965,0.8946584303375109,0.3869456588970022,0.3869456588970022
6,-300.0,-1.972494e-05,241.3165739810161,241.3165739810161,76.22110552763819,0.8901430509902488,0.40055919400178047,0.40055919400178047
7,-200.0,-1.497243e-05,167.29789391401448,167.29789391401448,55.517587939698494,1.0226582427490873,0.3973792118890341,0.3973792118890341
8,-100.0,-1.019002e-05,97.97038525963146,97.97038525963146,32.64321608040201,0.9094968382066785,0.32791175763246083,0.32791175763246083
