Num,Voltage,Ileak[nA],CCE[a.u.],CCE2[a.u.],MPV[mV],Noise[mV],Error mu,Error mean
0,-900.0,-9.06684e-06,936.8436799999998,936.8436799999998,353.52,2.1764863631295484,0.5076192462860308,0.5076192462860308
1,-800.0,-6.633161e-06,798.7321244444445,798.7321244444445,308.16,2.2566516876793754,0.49114307161966475,0.49114307161966475
2,-700.0,-5.121436e-06,681.6265599999999,681.6265599999999,266.08,2.1596703452147508,0.4209217162371156,0.4209217162371156
3,-600.0,-4.15948e-06,573.3935466666667,573.3935466666667,225.84,2.1954558119493597,0.434775896296011,0.434775896296011
4,-500.0,-3.422206e-06,469.6159466666666,469.6159466666666,186.32,2.2509276112552157,0.4208486511799692,0.4208486511799692
5,-400.0,-2.809083e-06,369.91784888888884,369.91784888888884,149.56,2.414803102675528,0.3931294585756701,0.3931294585756701
6,-300.0,-2.261091e-06,279.4440355555555,279.4440355555555,113.32,2.4359299286481844,0.41206905828999074,0.41206905828999074
7,-200.0,-1.70425e-06,183.59710222222216,183.59710222222216,78.32,2.7129255403815122,0.4385295574986935,0.4385295574986935
8,-100.0,-1.145968e-06,99.96936888888888,99.96936888888888,45.12,2.660250159962451,0.44269717324600105,0.44269717324600105
