Num,Voltage,Ileak[nA],CCE[a.u.],CCE2[a.u.],MPV[mV],Noise[mV],Error mu,Error mean
0,-900.0,-6.185674e-05,723.1769514237856,723.1769514237856,215.95979899497488,1.9220770881282696,0.4181366334707052,0.4181366334707052
1,-800.0,-5.17009e-05,643.3470284757117,643.3470284757117,192.40201005025125,1.913426487654525,0.3557350476456747,0.3557350476456747
2,-700.0,-4.427709e-05,570.8309726409824,570.8309726409824,171.57788944723617,1.694612402799095,0.49317743124038965,0.49317743124038965
3,-600.0,-3.793049e-05,486.7147470686765,486.7147470686765,147.25628140703517,1.6276189443219444,0.3836474358338267,0.3836474358338267
4,-500.0,-3.202392e-05,388.90228922389707,388.90228922389707,119.79899497487438,1.538154350355364,0.3221898023474338,0.3221898023474338
5,-400.0,-2.655835e-05,304.5197543271914,304.5197543271914,95.95979899497488,1.6874034837490672,0.37012023365383623,0.37012023365383623
6,-300.0,-2.126417e-05,230.70631379117808,230.70631379117808,73.92964824120602,1.6324443843584413,0.39312527944294207,0.39312527944294207
7,-200.0,-1.617758e-05,158.21407481853709,158.21407481853709,54.79396984924623,1.6264834144201061,0.40709734414711507,0.40709734414711507
8,-100.0,-1.044559e-05,93.33994416527077,93.33994416527077,33.80904522613066,1.709878137925989,0.35741337631296644,0.35741337631296644
