Num,Voltage,Ileak[nA],CCE[a.u.],CCE2[a.u.],MPV[mV],Noise[mV],Error mu,Error mean
0,-900.0,-1.882571e-05,1376.6958704634283,1376.6958704634283,428.5427135678392,5.404279457574134,0.6546824138786972,0.6546824138786972
1,-800.0,-1.693581e-05,1259.4565896147403,1259.4565896147403,393.64824120603015,5.381332078263487,0.5997953229465224,0.5997953229465224
2,-700.0,-1.514807e-05,1076.392201005025,1076.392201005025,340.4221105527638,5.472854803908573,0.559516574263635,0.559516574263635
3,-600.0,-1.296959e-05,841.8402054718033,841.8402054718033,271.8793969849246,5.397126324540196,0.5114404799307124,0.5114404799307124
4,-500.0,-1.082008e-05,649.3563283082076,649.3563283082076,215.95979899497488,5.441915643905622,0.49704369431660367,0.49704369431660367
5,-400.0,-9.218893e-06,489.3933132328308,489.3933132328308,169.7286432160804,5.368691828386421,0.4717280373086533,0.4717280373086533
6,-300.0,-7.006984e-06,364.1021462869905,364.1021462869905,128.40201005025125,4.634942892547479,1.6012556676311207,1.6012556676311207
7,-200.0,-5.03382e-06,271.4318079285315,271.4318079285315,83.05527638190955,2.247484931886719,0.41484070130953354,0.41484070130953354
8,-100.0,-3.261895e-06,147.48801786711334,147.48801786711334,47.55778894472362,2.1895776535839517,0.5410733513492284,0.5410733513492284
