Num,Voltage,Ileak[nA],CCE[a.u.],CCE2[a.u.],MPV[mV],Noise[mV],Error mu,Error mean
0,-900.0,-7.792376e-05,1215.1082166387494,1215.1082166387494,414.67336683417085,17.20283387513604,0.6017330229652643,0.6017330229652643
1,-800.0,-8.309741e-06,1065.9736192071468,1065.9736192071468,368.72361809045225,17.351331130643008,0.5236927246722426,0.5236927246722426
2,-700.0,-6.967088e-06,915.7024589614737,915.7024589614737,321.80904522613065,17.17559030852642,0.4332038759175549,0.4332038759175549
3,-600.0,-5.969844e-06,782.5441697375766,782.5441697375766,277.7889447236181,17.16091664147714,0.5256899160336261,0.5256899160336261
4,-500.0,-5.045e-06,649.4665326633165,649.4665326633165,232.12060301507537,17.131783010183707,0.41248846243021103,0.41248846243021103
5,-400.0,-4.203991e-06,523.0745907314348,523.0745907314348,185.36683417085428,17.541396733302353,0.3994490034755685,0.3994490034755685
6,-300.0,-3.47087e-06,398.1601161362367,398.1601161362367,142.35175879396985,17.677224818482784,0.41750220557080225,0.41750220557080225
7,-200.0,-2.639386e-06,275.0582065884979,275.0582065884979,97.52763819095478,17.533164764349376,0.38558657512003697,0.38558657512003697
8,-100.0,-1.796255e-06,154.37168062534892,154.37168062534892,55.879396984924625,17.407007351622077,0.38724461381589353,0.38724461381589353
