Num,Voltage,Ileak[nA],CCE[a.u.],CCE2[a.u.],MPV[mV],Noise[mV],Error mu,Error mean
0,-900.0,-2.337099e-05,997.6460792853151,997.6460792853151,296.1608040201005,1.4995285563063083,0.5988351012947419,0.5988351012947419
1,-800.0,-2.072454e-05,939.9192763819092,939.9192763819092,279.7185929648241,1.47407019910503,0.5444629614651227,0.5444629614651227
2,-700.0,-1.885055e-05,885.418184254606,885.418184254606,263.5175879396985,1.3496756951155282,0.5429981728939678,0.5429981728939678
3,-600.0,-1.73603e-05,828.1914282523726,828.1914282523726,247.11557788944722,1.3384792587132177,0.47180127483440026,0.47180127483440026
4,-500.0,-1.570723e-05,762.3686253489668,762.3686253489668,225.04522613065328,1.3348094523772636,0.4290324889699383,0.4290324889699383
5,-400.0,-1.438096e-05,668.3795153545503,668.3795153545503,196.0603015075377,1.406230642160302,0.42767310188153723,0.42767310188153723
6,-300.0,-1.265544e-05,505.9659720826351,505.9659720826351,147.49748743718592,1.3949937361205216,0.3822610241210507,0.3822610241210507
7,-200.0,-1.033673e-05,335.44038414293686,335.44038414293686,99.97989949748744,1.298137910433269,0.36640169686838936,0.36640169686838936
8,-100.0,-7.547666e-06,190.54810050251248,190.54810050251248,58.41206030150754,1.241512472993197,0.37637377012567985,0.37637377012567985
