Num,Voltage,Ileak[nA],CCE[a.u.],CCE2[a.u.],MPV[mV],Noise[mV],Error mu,Error mean
0,-900.0,-4.770387e-05,1198.0934539363484,1198.0934539363484,347.05527638190955,2.553695605409228,0.6019529627648924,0.6019529627648924
1,-800.0,-4.139139e-05,1007.7848978224456,1007.7848978224456,296.08040201005025,2.7485595496838515,0.7553628351572003,0.7553628351572003
2,-700.0,-3.54454e-05,811.9548855388048,811.9548855388048,242.01005025125627,2.5755774670367275,0.5023766125030836,0.5023766125030836
3,-600.0,-2.913191e-05,643.3089893914012,643.3089893914012,195.33668341708542,2.5800542413011787,0.43268984714470393,0.43268984714470393
4,-500.0,-2.360962e-05,496.6136281407033,496.6136281407033,154.6532663316583,2.614183156515161,0.42498693265640153,0.42498693265640153
5,-400.0,-1.853386e-05,369.5619073143494,369.5619073143494,118.2713567839196,2.643389414779493,0.5267699662578457,0.5267699662578457
6,-300.0,-1.373507e-05,267.2128285873813,267.2128285873813,84.74371859296483,2.254210880104367,0.4968608204330859,0.4968608204330859
7,-200.0,-9.895105e-06,158.0903629257398,158.0903629257398,56.84422110552764,2.9638435805280197,0.4923156457192992,0.4923156457192992
8,-100.0,-5.68121e-06,71.73992629815744,71.73992629815744,33.246231155778894,3.384790139647357,0.45650586535761656,0.45650586535761656
