Num,Voltage,Ileak[nA],CCE[a.u.],CCE2[a.u.],MPV[mV],Noise[mV],Error mu,Error mean
0,-900.0,-4.777942e-05,797.390702222222,797.390702222222,241.44,3.1994528158714353,0.5254575271132774,0.5254575271132774
1,-800.0,-4.122354e-05,657.6410666666666,657.6410666666666,202.32,3.2928974070464654,0.5309263873645753,0.5309263873645753
2,-700.0,-3.471428e-05,515.4591644444444,515.4591644444444,163.6,3.562207361166755,0.42417270444949623,0.42417270444949623
3,-600.0,-2.898675e-05,414.56597333333326,414.56597333333326,132.6,3.2072054987342344,0.7862840117921761,0.7862840117921761
4,-500.0,-2.299312e-05,327.8309155555555,327.8309155555555,104.48,2.735282223008473,0.4037316494901038,0.4037316494901038
5,-400.0,-1.801454e-05,241.68915555555552,241.68915555555552,79.6,2.757883559615065,0.4163998078769963,0.4163998078769963
6,-300.0,-1.319111e-05,165.16559999999998,165.16559999999998,55.88,2.7841388056073804,0.4047019644133197,0.4047019644133197
7,-200.0,-9.445876e-06,99.64126222222221,99.64126222222221,35.92,2.743573762021776,0.41736660144290405,0.41736660144290405
8,-100.0,-5.290626e-06,46.89793698175787,46.89793698175787,16.0,2.3908396386190067,0.5963675884571835,0.5963675884571835
