Num,Voltage,Ileak[nA],CCE[a.u.],CCE2[a.u.],MPV[mV],Noise[mV],Error mu,Error mean
0,-900.0,-2.155371e-05,1123.8313344500277,1123.8313344500277,427.69849246231155,2.1101099981951004,0.5823451332020674,0.5823451332020674
1,-800.0,-2.002552e-05,985.732627582356,985.732627582356,384.643216080402,2.0079707712347714,0.4412521113462338,0.4412521113462338
2,-700.0,-1.80982e-05,865.0513188163034,865.0513188163034,344.0,2.041829543386054,0.4451976545057379,0.4451976545057379
3,-600.0,-1.621407e-05,751.6143204913456,751.6143204913456,302.9145728643216,1.9786414338980667,0.45107155612858124,0.45107155612858124
4,-500.0,-1.410543e-05,639.1368754885536,639.1368754885536,259.6180904522613,2.0425424707625166,0.39835900918225997,0.39835900918225997
5,-400.0,-1.203729e-05,524.6391066443327,524.6391066443327,215.47738693467338,2.0096114044174413,0.38924685661708247,0.38924685661708247
6,-300.0,-1.001706e-05,411.2349480737017,411.2349480737017,168.56281407035175,2.076887225328189,0.39011179782769545,0.39011179782769545
7,-200.0,-8.288594e-06,296.9389882747068,296.9389882747068,121.92964824120602,1.9920710146142249,0.3226633326480066,0.3226633326480066
8,-100.0,-5.327463e-06,177.05248017867106,177.05248017867106,72.96482412060301,2.054452972488876,0.32299756891749726,0.32299756891749726
