Num,Voltage,Ileak[nA],CCE[a.u.],CCE2[a.u.],MPV[mV],Noise[mV],Error mu,Error mean
0,-900.0,-0.0001049857,1094.7386532663318,1094.7386532663318,382.9145728643216,1.4959924186529445,0.6409749193225652,0.6409749193225652
1,-800.0,-8.201765e-06,956.4229860413178,956.4229860413178,338.9748743718593,1.5533246390090467,0.6948067775154694,0.6948067775154694
2,-700.0,-6.815667e-06,819.6090139586823,819.6090139586823,295.0753768844221,1.5848409651959756,0.482135543588656,0.482135543588656
3,-600.0,-5.783022e-06,702.6702400893355,702.6702400893355,253.30653266331657,1.6253162638039786,0.4903823524758839,0.4903823524758839
4,-500.0,-4.813377e-06,585.1360982691233,585.1360982691233,209.84924623115577,1.5366828287533811,0.48417021270001104,0.48417021270001104
5,-400.0,-4.038117e-06,473.7851568955889,473.7851568955889,168.68341708542712,1.5054330450090045,0.4899830306371142,0.4899830306371142
6,-300.0,-3.293347e-06,366.22249022892225,366.22249022892225,128.08040201005025,1.5875095321938004,0.5627668083775328,0.5627668083775328
7,-200.0,-2.522e-06,256.8859229480736,256.8859229480736,88.24120603015075,1.4754456492980736,0.5159198047686984,0.5159198047686984
8,-100.0,-1.688184e-06,146.20900055834727,146.20900055834727,48.88442211055276,1.485541201709347,0.5136110806647409,0.5136110806647409
