Num,Voltage,Ileak[nA],CCE[a.u.],CCE2[a.u.],MPV[mV],Noise[mV],Error mu,Error mean
0,-900.0,-2.200294e-05,1037.4547225013957,1037.4547225013957,296.68341708542715,9.48691458581007,0.5665561098160127,0.5665561098160127
1,-800.0,-1.996959e-05,988.0810273590174,988.0810273590174,282.41206030150755,9.503806351660508,0.5571624948207253,0.5571624948207253
2,-700.0,-1.813097e-05,929.8811211613622,929.8811211613622,264.52261306532665,9.475256565120448,0.538017275295536,0.538017275295536
3,-600.0,-1.67631e-05,855.1320335008373,855.1320335008373,241.04522613065328,9.389623704838378,0.4726488351579355,0.4726488351579355
4,-500.0,-1.505473e-05,733.516453378001,733.516453378001,206.63316582914572,9.326946185364006,0.4788341142150753,0.4788341142150753
5,-400.0,-1.308763e-05,558.8797677275264,558.8797677275264,154.89447236180905,9.36632132933849,0.4117830799976807,0.4117830799976807
6,-300.0,-1.104278e-05,408.34880178671136,408.34880178671136,112.08040201005025,9.33212901048408,0.43647105530783675,0.43647105530783675
7,-200.0,-8.93577e-06,279.5818202121719,279.5818202121719,78.2713567839196,9.374321911532068,0.48832998168308717,0.48832998168308717
8,-100.0,-5.855035e-06,161.7802077051926,161.7802077051926,45.70854271356784,9.362307732280577,0.4556071154667299,0.4556071154667299
