Num,Voltage,Ileak[nA],CCE[a.u.],CCE2[a.u.],MPV[mV],Noise[mV],Error mu,Error mean
0,-900.0,-5.200353e-05,812.7050005583473,812.7050005583473,234.2110552763819,6.157828955280835,0.4844675886392211,0.4844675886392211
1,-800.0,-4.590406e-05,737.3197900614178,737.3197900614178,213.1859296482412,5.4945301389830075,1.1658270224783398,1.1658270224783398
2,-700.0,-4.044166e-05,686.29871133445,686.29871133445,197.58793969849245,2.4571034584551956,1.0426891359197092,1.0426891359197092
3,-600.0,-3.502388e-05,557.2440513679508,557.2440513679508,160.68341708542712,2.9769481774919386,0.5022278930053141,0.5022278930053141
4,-500.0,-2.98197e-05,445.87919151312104,445.87919151312104,129.8894472361809,3.1107990863477237,0.4220053879175994,0.4220053879175994
5,-400.0,-2.52506e-05,352.8222981574539,352.8222981574539,104.40201005025126,3.0168034504363623,0.4661493074936219,0.4661493074936219
6,-300.0,-2.048276e-05,267.3776705750977,267.3776705750977,80.52261306532664,2.882790046930966,0.4618567720148316,0.4618567720148316
7,-200.0,-1.579707e-05,199.19440759352312,199.19440759352312,62.994974874371856,2.176165813017174,0.5093247945472531,0.5093247945472531
8,-100.0,-1.023573e-05,130.62426800670013,130.62426800670013,40.96482412060301,1.6574999718524184,0.3823657740754579,0.3823657740754579
