Num,Voltage,Ileak[nA],CCE[a.u.],CCE2[a.u.],MPV[mV],Noise[mV],Error mu,Error mean
0,-900.0,-1.579274e-05,1014.1213802345058,1014.1213802345058,382.5929648241206,3.636115902316566,0.5039047679535883,0.5039047679535883
1,-800.0,-1.426887e-05,875.7792160804021,875.7792160804021,334.79396984924625,3.932541956578017,0.591979827475885,0.591979827475885
2,-700.0,-1.250449e-05,744.6791468453378,744.6791468453378,288.36180904522615,4.426291437912615,0.4724300327844617,0.4724300327844617
3,-600.0,-1.076097e-05,631.7106957007258,631.7106957007258,245.46733668341707,4.037575987886753,0.4942543378072206,0.4942543378072206
4,-500.0,-9.614767e-06,519.7220234505861,519.7220234505861,200.28140703517587,2.524669347732896,0.44352007094919343,0.44352007094919343
5,-400.0,-7.976881e-06,413.5867962032383,413.5867962032383,159.95979899497488,2.636871178516402,0.5163457753781875,0.5163457753781875
6,-300.0,-6.409532e-06,319.22446007816853,319.22446007816853,122.13065326633166,2.2960329507710147,0.48052986352407395,0.48052986352407395
7,-200.0,-4.784248e-06,222.99333109994419,222.99333109994419,85.82914572864321,2.3446922794858405,0.4406758524561444,0.4406758524561444
8,-100.0,-3.167143e-06,131.5064388609715,131.5064388609715,48.0,2.2308852407143966,0.4646188240481167,0.4646188240481167
