Num,Voltage,Ileak[nA],CCE[a.u.],CCE2[a.u.],MPV[mV],Noise[mV],Error mu,Error mean
0,-900.0,-0.0001049867,677.062646566164,677.062646566164,279.79899497487435,3.3114963617002395,0.5095650871920003,0.5095650871920003
1,-800.0,-1.400501e-05,558.097277498604,558.097277498604,235.85929648241205,3.4689462633308104,0.40765492957437777,0.40765492957437777
2,-700.0,-1.100846e-05,455.4898939140143,455.4898939140143,197.0251256281407,3.488607355619118,0.3297990774869365,0.3297990774869365
3,-600.0,-9.094612e-06,369.98626912339466,369.98626912339466,162.85427135678393,3.4677773919243475,0.37668563450185644,0.37668563450185644
4,-500.0,-6.984786e-06,300.53965829145716,300.53965829145716,134.5929648241206,2.4165165424346413,0.3110705398147893,0.3110705398147893
5,-400.0,-5.537331e-06,235.11189726409816,235.11189726409816,104.72361809045226,2.303960834283908,0.3859685005232265,0.3859685005232265
6,-300.0,-4.111544e-06,171.0322635399218,171.0322635399218,79.31658291457286,2.499409117681223,0.37362921920263487,0.37362921920263487
7,-200.0,-3.000938e-06,116.01181016192066,116.01181016192066,55.71859296482412,2.6399724111531095,0.3918328020886566,0.3918328020886566
8,-100.0,-1.911902e-06,62.781981016192034,62.781981016192034,32.72361809045226,2.8655956538875462,0.3636941874072829,0.3636941874072829
