Num,Voltage,Ileak[nA],CCE[a.u.],CCE2[a.u.],MPV[mV],Noise[mV],Error mu,Error mean
0,-900.0,-0.0001049924,1504.6887721661053,1504.6887721661053,500.3636363636364,2.2166857763307966,2.8397301394743337,2.8397301394743337
1,-800.0,-1.049979e-05,1324.5158056951423,1324.5158056951423,448.8040201005025,2.222708845765203,0.6669682522045991,0.6669682522045991
2,-700.0,-9.290119e-06,1150.9123930764931,1150.9123930764931,398.8743718592965,2.1482015524852787,0.5355887687824621,0.5355887687824621
3,-600.0,-8.273667e-06,977.9620949190393,977.9620949190393,345.4472361809045,2.1253291347449297,0.5333209713547953,0.5333209713547953
4,-500.0,-7.317654e-06,820.7513121161359,820.7513121161359,295.31658291457285,2.0894603033346986,0.4483974723486683,0.4483974723486683
5,-400.0,-6.273981e-06,664.0209402568396,664.0209402568396,242.2110552763819,2.112949944249797,0.5548035559889759,0.5548035559889759
6,-300.0,-5.15927e-06,507.77928754885517,507.77928754885517,186.93467336683418,2.3620708177210044,0.3540646176057633,0.3540646176057633
7,-200.0,-3.940761e-06,359.16112116136225,359.16112116136225,132.90452261306532,2.5398513551654474,0.4390340589865949,0.4390340589865949
8,-100.0,-2.679357e-06,211.88529313232826,211.88529313232826,78.03015075376885,2.186608159518728,0.37145628947318354,0.37145628947318354
