Num,Voltage,Ileak[nA],CCE[a.u.],CCE2[a.u.],MPV[mV],Noise[mV],Error mu,Error mean
0,-900.0,-4.225953e-05,811.6934896705748,811.6934896705748,242.53266331658293,1.3281283931550207,0.4146546026536656,0.4146546026536656
1,-800.0,-3.754152e-05,671.5371881630371,671.5371881630371,202.93467336683418,1.2729474048041334,0.4139323504872382,0.4139323504872382
2,-700.0,-3.185842e-05,540.7225817978782,540.7225817978782,166.9145728643216,1.2039316482482154,0.3842032377008602,0.3842032377008602
3,-600.0,-2.644896e-05,428.0683059743158,428.0683059743158,134.55276381909547,1.1527818572011663,0.35114511280927735,0.35114511280927735
4,-500.0,-2.139805e-05,335.3883551088774,335.3883551088774,105.92964824120602,1.096884952115734,0.37003617714194387,0.37003617714194387
5,-400.0,-1.685282e-05,254.23185259631472,254.23185259631472,81.84924623115577,1.1427215722622257,0.3534712058660204,0.3534712058660204
6,-300.0,-1.282609e-05,180.14543830262414,180.14543830262414,60.34170854271357,1.212858124724831,0.40142057435971684,0.40142057435971684
7,-200.0,-9.608542e-06,115.2373065326633,115.2373065326633,40.482412060301506,1.1641266762251095,0.3814930802432105,0.3814930802432105
8,-100.0,-5.715772e-06,62.22461715601612,62.22461715601612,24.0,1.150031644187092,0.43080078895880625,0.43080078895880625
