Num,Voltage,Ileak[nA],CCE[a.u.],CCE2[a.u.],MPV[mV],Noise[mV],Error mu,Error mean
0,-900.0,-9.528251e-06,1022.0424177777776,1022.0424177777776,391.52,3.2607128206521705,0.4454437787196045,0.4454437787196045
1,-800.0,-6.570248e-06,862.91712,862.91712,337.84,3.3660939446849136,0.4157515565815724,0.4157515565815724
2,-700.0,-4.727747e-06,724.6697244444445,724.6697244444445,290.04,3.371370501995946,0.418513498945972,0.418513498945972
3,-600.0,-3.703874e-06,608.4433244444444,608.4433244444444,247.44,3.4132648358289126,0.465809863356284,0.465809863356284
4,-500.0,-3.007292e-06,499.0689244444444,499.0689244444444,203.8,3.380108340728405,0.37721057885483517,0.37721057885483517
5,-400.0,-2.3921e-06,396.75173333333333,396.75173333333333,162.52,3.4499156189358864,0.4346684842497788,0.4346684842497788
6,-300.0,-1.912627e-06,298.06341333333324,298.06341333333324,123.56,3.373300329219311,0.4797017606805296,0.4797017606805296
7,-200.0,-1.454662e-06,218.2591644444444,218.2591644444444,87.24,2.839708348787396,0.4258993082877685,0.4258993082877685
8,-100.0,-1.117829e-06,119.80634666666666,119.80634666666666,48.04,2.6654946591163484,0.4234978309271489,0.4234978309271489
