Num,Voltage,Ileak[nA],CCE[a.u.],CCE2[a.u.],MPV[mV],Noise[mV],Error mu,Error mean
0,-900.0,-2.109811e-05,986.5180301507537,986.5180301507537,294.03015075376885,1.3798068973823063,0.5115432136849279,0.5115432136849279
1,-800.0,-1.90853e-05,942.5228721384698,942.5228721384698,280.24120603015075,1.2102292842623545,0.5141566711625589,0.5141566711625589
2,-700.0,-1.735815e-05,897.8675421552202,897.8675421552202,265.48743718592965,1.1277528182843473,0.5078149968188175,0.5078149968188175
3,-600.0,-1.608721e-05,843.3890340591846,843.3890340591846,247.95979899497488,1.194475742998654,0.4864832629315735,0.4864832629315735
4,-500.0,-1.461257e-05,763.2128643216079,763.2128643216079,223.23618090452263,1.118410295597143,0.4443254546382734,0.4443254546382734
5,-400.0,-1.336856e-05,635.7187001675039,635.7187001675039,184.24120603015075,1.1583368872131388,0.4919684750956148,0.4919684750956148
6,-300.0,-1.146282e-05,456.88324288107185,456.88324288107185,133.38693467336682,1.0907568139497295,0.37841396143416756,0.37841396143416756
7,-200.0,-9.574447e-06,306.5827627024007,306.5827627024007,90.69346733668341,1.103359440359643,0.3706325164774992,0.3706325164774992
8,-100.0,-6.475295e-06,176.32745058626463,176.32745058626463,55.27638190954774,1.0974577809766954,0.3647646913233244,0.3647646913233244
