Num,Voltage,Ileak[nA],CCE[a.u.],CCE2[a.u.],MPV[mV],Noise[mV],Error mu,Error mean
0,-900.0,-0.0001049868,1655.3735611390284,1655.3735611390284,541.3869346733668,2.5298905350243404,0.9589742100927988,0.9589742100927988
1,-800.0,-1.108652e-05,1462.8665996649916,1462.8665996649916,485.7889447236181,2.544747521945976,0.5942800608703054,0.5942800608703054
2,-700.0,-1.017637e-05,1263.9896013400332,1263.9896013400332,429.1457286432161,2.5010428481849156,0.5577769840274582,0.5577769840274582
3,-600.0,-9.674295e-06,1074.4283908431044,1074.4283908431044,372.8241206030151,2.4917446018736435,0.4774636808458409,0.4774636808458409
4,-500.0,-8.437204e-06,895.9048754885536,895.9048754885536,317.42713567839195,2.4441079232988843,0.4612584780739309,0.4612584780739309
5,-400.0,-7.298598e-06,729.3170206588497,729.3170206588497,263.11557788944725,2.240457558443922,0.4164930976640645,0.4164930976640645
6,-300.0,-5.991863e-06,567.1106823003906,567.1106823003906,205.5075376884422,2.041444563900665,0.36174725026356647,0.36174725026356647
7,-200.0,-4.566553e-06,405.79373310999426,405.79373310999426,144.643216080402,2.081802843274897,0.35731473027296573,0.35731473027296573
8,-100.0,-3.060594e-06,236.1669324399776,236.1669324399776,81.5678391959799,2.054770664244768,0.33572213203253454,0.33572213203253454
