Num,Voltage,Ileak[nA],CCE[a.u.],CCE2[a.u.],MPV[mV],Noise[mV],Error mu,Error mean
0,-900.0,-0.0001049867,711.3795108877719,711.3795108877719,295.31658291457285,3.063476315901814,0.5759343186757607,0.5759343186757607
1,-800.0,-1.372171e-05,591.028493579006,591.028493579006,250.6532663316583,3.2246056433101757,0.4344920442253286,0.4344920442253286
2,-700.0,-1.089486e-05,486.9456080402009,486.9456080402009,212.18090452261308,3.3743482406660505,0.3862422746629807,0.3862422746629807
3,-600.0,-9.13797e-06,393.00568620882177,393.00568620882177,175.43718592964825,4.205692592440602,0.3774655967639758,0.3774655967639758
4,-500.0,-7.125385e-06,313.1555555555554,313.1555555555554,143.356783919598,4.306492059339857,0.40290506364332146,0.40290506364332146
5,-400.0,-5.608072e-06,243.78684533780003,243.78684533780003,112.12060301507537,4.304004793639789,0.3872196817574549,0.3872196817574549
6,-300.0,-4.304661e-06,181.05223003908424,181.05223003908424,87.39698492462311,4.344107457887596,0.3291188124231266,0.3291188124231266
7,-200.0,-3.166443e-06,124.76001340033497,124.76001340033497,62.71356783919598,4.364433980013114,0.3162217367407307,0.3162217367407307
8,-100.0,-1.99568e-06,69.54255723059741,69.54255723059741,39.15577889447236,4.395200027679374,0.3758631587252012,0.3758631587252012
