Num,Voltage,Ileak[nA],CCE[a.u.],CCE2[a.u.],MPV[mV],Noise[mV],Error mu,Error mean
0,-900.0,-0.0001049861,1351.2982869905084,1351.2982869905084,449.52763819095475,5.687279028634343,0.6927194711045116,0.6927194711045116
1,-800.0,-9.713051e-06,1184.7437185929648,1184.7437185929648,400.36180904522615,5.417235008278229,0.5323694804247249,0.5323694804247249
2,-700.0,-8.410809e-06,1027.6799285315467,1027.6799285315467,352.1206030150754,5.367323760777007,0.5362961657464169,0.5362961657464169
3,-600.0,-7.745816e-06,882.3765940815186,882.3765940815186,304.7638190954774,6.571795027075173,0.4991297449440998,0.4991297449440998
4,-500.0,-6.369675e-06,742.6897331099943,742.6897331099943,258.0100502512563,8.166741929351293,0.5468447178362134,0.5468447178362134
5,-400.0,-5.356416e-06,607.8544544946956,607.8544544946956,211.53768844221105,8.618797605996843,0.4564369775282043,0.4564369775282043
6,-300.0,-4.347982e-06,474.4082188721385,474.4082188721385,165.46733668341707,8.903339726104248,0.38912138589699286,0.38912138589699286
7,-200.0,-3.392168e-06,332.42968620882186,332.42968620882186,112.52261306532664,7.292196436819577,0.3718676139516708,0.3718676139516708
8,-100.0,-2.264898e-06,193.7384343941932,193.7384343941932,64.04020100502512,6.961506480747578,0.361494357394988,0.361494357394988
