Num,Voltage,Ileak[nA],CCE[a.u.],CCE2[a.u.],MPV[mV],Noise[mV],Error mu,Error mean
0,-900.0,-0.0001049863,1895.2264433277496,1895.2264433277496,384.4422110552764,1.4685248786816656,0.7089934542917374,0.7089934542917374
1,-800.0,-1.054477e-05,1688.292716917923,1688.292716917923,342.5527638190955,1.6402057947620587,0.6082653518964654,0.6082653518964654
2,-700.0,-1.049978e-05,1486.889380234506,1486.889380234506,300.18090452261305,1.4055475904311179,0.5395836124556175,0.5395836124556175
3,-600.0,-9.374852e-06,1260.4963484087102,1260.4963484087102,256.1608040201005,1.524271908909459,0.7953008799478966,0.7953008799478966
4,-500.0,-8.414076e-06,1043.3269458403124,1043.3269458403124,215.55778894472363,1.7394685976032729,0.47988087752130854,0.47988087752130854
5,-400.0,-7.286093e-06,843.0777710776102,843.0777710776102,175.71859296482413,1.696827602572425,0.4631065432370979,0.4631065432370979
6,-300.0,-6.157182e-06,657.7110798436626,657.7110798436626,136.04020100502512,1.8472724991115308,0.38222206694602107,0.38222206694602107
7,-200.0,-4.771001e-06,467.89270798436627,467.89270798436627,96.20100502512562,1.8517605911519537,0.420980036107089,0.420980036107089
8,-100.0,-3.275887e-06,274.36321161362355,274.36321161362355,56.040201005025125,1.6277635877734509,0.39030630274967393,0.39030630274967393
