Num,Voltage,Ileak[nA],CCE[a.u.],CCE2[a.u.],MPV[mV],Noise[mV],Error mu,Error mean
0,-900.0,-0.0001049914,893.0395510662175,893.0395510662175,263.030303030303,1.824606293886898,0.5712133088592355,0.5712133088592355
1,-800.0,-4.192647e-05,732.1553777777777,732.1553777777777,217.04,1.8867776436409274,0.47989064087560557,0.47989064087560557
2,-700.0,-3.509355e-05,582.6796088888888,582.6796088888888,176.0,1.9908746883446375,0.408285327681511,0.408285327681511
3,-600.0,-2.904398e-05,453.99623111111106,453.99623111111106,138.44,2.1179927138218555,0.4417564940099911,0.4417564940099911
4,-500.0,-2.305761e-05,348.4797511111111,348.4797511111111,107.8,2.057715189832922,0.3888400144018094,0.3888400144018094
5,-400.0,-1.762655e-05,254.64904888888884,254.64904888888884,79.88,2.1199713368665627,0.40635590311942055,0.40635590311942055
6,-300.0,-1.270064e-05,169.98561777777775,169.98561777777775,55.4,2.3522880796952874,0.44925743533079104,0.44925743533079104
7,-200.0,-9.046516e-06,96.98769777777775,96.98769777777775,36.32,2.7235064181816324,0.36892065705243443,0.36892065705243443
8,-100.0,-5.04384e-06,46.59454406130266,46.59454406130266,24.0,2.331783611088926,0.516642062621758,0.516642062621758
