Num,Voltage,Ileak[nA],CCE[a.u.],CCE2[a.u.],MPV[mV],Noise[mV],Error mu,Error mean
0,-900.0,-1.402259e-05,1134.1889955555555,1134.1889955555555,384.8,1.8728730026220723,0.507543807764414,0.507543807764414
1,-800.0,-1.193776e-05,953.1201244444444,953.1201244444444,329.16,1.9382406557252307,0.527053697454064,0.527053697454064
2,-700.0,-1.049977e-05,788.778328888889,788.778328888889,277.68,2.0139035125905838,0.48107579444407506,0.48107579444407506
3,-600.0,-8.442658e-06,644.9268088888889,644.9268088888889,230.88,1.9310209798682556,0.43366812748921135,0.43366812748921135
4,-500.0,-6.849692e-06,520.3398222222221,520.3398222222221,186.4,1.9565749237120373,0.45663848633246024,0.45663848633246024
5,-400.0,-5.498914e-06,409.25569777777775,409.25569777777775,146.16,2.0470815238851867,0.3831349589896487,0.3831349589896487
6,-300.0,-4.281791e-06,305.0847822222222,305.0847822222222,110.4,2.0032321907049475,0.382702541407814,0.382702541407814
7,-200.0,-3.187421e-06,206.64005333333336,206.64005333333336,74.84,1.9672540365810522,0.43519852940927983,0.43519852940927983
8,-100.0,-2.128965e-06,112.02737777777776,112.02737777777776,42.64,1.9751053105225354,0.4386486302269735,0.4386486302269735
