Num,Voltage,Ileak[nA],CCE[a.u.],CCE2[a.u.],MPV[mV],Noise[mV],Error mu,Error mean
0,-900.0,-3.227596e-05,902.2831312116133,902.2831312116133,320.964824120603,1.228369301039452,0.5481908221950773,0.5481908221950773
1,-800.0,-2.894823e-05,778.450528196538,778.450528196538,281.60804020100505,1.189348220622381,0.49389277092672057,0.49389277092672057
2,-700.0,-2.581742e-05,664.1268386376323,664.1268386376323,245.74874371859298,1.1687327650418278,0.41781188941529485,0.41781188941529485
3,-600.0,-2.245115e-05,562.2987828029031,562.2987828029031,210.53266331658293,1.1249849713028068,0.41629865477787703,0.41629865477787703
4,-500.0,-1.946195e-05,469.77175656058046,469.77175656058046,177.52763819095478,1.1998064281495984,0.3772309920550026,0.3772309920550026
5,-400.0,-1.622017e-05,382.2875086543829,382.2875086543829,145.00502512562815,1.1411609864058745,0.3642130471319388,0.3642130471319388
6,-300.0,-1.326494e-05,295.1224745951981,295.1224745951981,112.64321608040201,1.1602860622714795,0.3450526505588048,0.3450526505588048
7,-200.0,-1.013601e-05,208.56536906755997,208.56536906755997,80.72361809045226,1.2065067404169372,0.3885628542021841,0.3885628542021841
8,-100.0,-6.922449e-06,120.71581016192071,120.71581016192071,48.1608040201005,1.1016947017169032,0.382846976409788,0.382846976409788
