Num,Voltage,Ileak[nA],CCE[a.u.],CCE2[a.u.],MPV[mV],Noise[mV],Error mu,Error mean
0,-900.0,-2.896472e-05,819.8209955555553,819.8209955555553,301.88,2.291621443324829,0.5655213523820294,0.5655213523820294
1,-800.0,-2.512753e-05,684.9474666666664,684.9474666666664,257.56,2.443043184227409,0.4658909743706144,0.4658909743706144
2,-700.0,-2.091493e-05,547.4540266666664,547.4540266666664,212.28,2.847427767106461,1.0091514439369336,1.0091514439369336
3,-600.0,-1.705123e-05,424.5644444444444,424.5644444444444,170.44,3.6034593803972372,0.44888461234486543,0.44888461234486543
4,-500.0,-1.365376e-05,330.24069333333324,330.24069333333324,135.84,3.527230641735808,0.3794092924534136,0.3794092924534136
5,-400.0,-1.062311e-05,246.07066666666663,246.07066666666663,104.0,3.521713913549607,0.3844280281144963,0.3844280281144963
6,-300.0,-8.528472e-06,172.11059555555556,172.11059555555556,76.12,3.5377795854266734,0.3777706563511784,0.3777706563511784
7,-200.0,-5.900145e-06,105.87066666666664,105.87066666666664,51.0,3.640146211959685,0.4002495221733562,0.4002495221733562
8,-100.0,-3.591433e-06,47.906773333333334,47.906773333333334,31.16,3.6354486808523525,0.36666016963940884,0.36666016963940884
