Num,Voltage,Ileak[nA],CCE[a.u.],CCE2[a.u.],MPV[mV],Noise[mV],Error mu,Error mean
0,-900.0,-2.248279e-05,1143.762313791178,1143.762313791178,393.2462311557789,2.223757354659786,0.5550513862497933,0.5550513862497933
1,-800.0,-2.063751e-05,1034.7635421552204,1034.7635421552204,357.7889447236181,2.26752248357527,0.5506583298211142,0.5506583298211142
2,-700.0,-1.891229e-05,887.929889447236,887.929889447236,311.356783919598,2.1863762547806638,0.5108451375238201,0.5108451375238201
3,-600.0,-1.69211e-05,752.7157029592404,752.7157029592404,268.14070351758795,1.693219675994202,0.8119385632832292,0.8119385632832292
4,-500.0,-1.487123e-05,626.8091747627021,626.8091747627021,226.0502512562814,1.3764909234963403,0.49250012815719224,0.49250012815719224
5,-400.0,-1.25302e-05,504.63487213846986,504.63487213846986,184.28140703517587,1.2019437978530016,0.40406303497303936,0.40406303497303936
6,-300.0,-1.040398e-05,389.1280759352316,389.1280759352316,143.71859296482413,1.177239238883634,0.38036007032408675,0.38036007032408675
7,-200.0,-8.423281e-06,275.4949860413176,275.4949860413176,102.83417085427136,1.1989735029863966,0.41098307038640586,0.41098307038640586
8,-100.0,-5.330549e-06,157.45629480737014,157.45629480737014,59.1356783919598,1.241804063652083,0.428339577709434,0.428339577709434
