Num,Voltage,Ileak[nA],CCE[a.u.],CCE2[a.u.],MPV[mV],Noise[mV],Error mu,Error mean
0,-900.0,-2.346242e-05,1028.7995733333332,1028.7995733333332,370.52,3.0993774285240647,0.5326774633866188,0.5326774633866188
1,-800.0,-1.959062e-05,841.9196622222222,841.9196622222222,311.04,3.113488448828364,0.5132672317613897,0.5132672317613897
2,-700.0,-1.58815e-05,683.1877155555554,683.1877155555554,255.76,3.2709373368697228,0.5422172081371083,0.5422172081371083
3,-600.0,-1.274585e-05,540.7075022222222,540.7075022222222,206.72,3.2346486137324075,0.47538279312570675,0.47538279312570675
4,-500.0,-1.00053e-05,418.81536,418.81536,162.2,3.326085186321401,0.4546431884456216,0.4546431884456216
5,-400.0,-8.344815e-06,317.1055822222222,317.1055822222222,125.96,3.395489375445818,0.42011503186627436,0.42011503186627436
6,-300.0,-6.262164e-06,230.91013333333328,230.91013333333328,92.76,3.2360713493026974,0.42900359345814293,0.42900359345814293
7,-200.0,-4.447968e-06,148.61610666666664,148.61610666666664,63.88,3.302619566344268,0.3757281740833393,0.3757281740833393
8,-100.0,-2.858151e-06,75.04730666666666,75.04730666666666,37.96,3.3666396698587544,0.3853160780450253,0.3853160780450253
