Num,Voltage,Ileak[nA],CCE[a.u.],CCE2[a.u.],MPV[mV],Noise[mV],Error mu,Error mean
0,-900.0,-3.607351e-05,1092.0319106644333,1092.0319106644333,366.9145728643216,1.7520914394205724,0.5785095729761837,0.5785095729761837
1,-800.0,-3.293536e-05,970.8875577889445,970.8875577889445,328.7638190954774,1.7295907184744588,0.45681263156412877,0.45681263156412877
2,-700.0,-2.961916e-05,836.8187962032383,836.8187962032383,288.1206030150754,1.7126087161850923,0.41811497306753126,0.41811497306753126
3,-600.0,-2.638216e-05,714.820681183696,714.820681183696,249.16582914572865,1.765351383969551,0.41029821913494857,0.41029821913494857
4,-500.0,-2.336387e-05,600.1833880513678,600.1833880513678,212.78391959798995,1.8888569061947573,0.41951419255311195,0.41951419255311195
5,-400.0,-1.991786e-05,495.97512897822435,495.97512897822435,176.24120603015075,1.765122728471038,0.3957081431065584,0.3957081431065584
6,-300.0,-1.660945e-05,392.7278525963149,392.7278525963149,141.06532663316582,1.7871569935542244,0.4082419920581154,0.4082419920581154
7,-200.0,-1.311231e-05,287.08447124511434,287.08447124511434,103.678391959799,1.8103905358886145,0.3798821825816595,0.3798821825816595
8,-100.0,-9.127481e-06,173.1293445002791,173.1293445002791,62.994974874371856,1.8138680328130972,0.31955121177211415,0.31955121177211415
