Num,Voltage,Ileak[nA],CCE[a.u.],CCE2[a.u.],MPV[mV],Noise[mV],Error mu,Error mean
0,-900.0,-1.652957e-05,1504.8852618648796,1504.8852618648796,498.8140703517588,1.2264176447663044,0.6411174571934397,0.6411174571934397
1,-800.0,-1.561325e-05,1405.8560536013397,1405.8560536013397,464.9246231155779,1.1000108021433137,0.6919720735774185,0.6919720735774185
2,-700.0,-1.449239e-05,1275.1515801228363,1275.1515801228363,422.2713567839196,1.16622997445751,0.5669196268292815,0.5669196268292815
3,-600.0,-1.331754e-05,1088.2657733109995,1088.2657733109995,360.84422110552765,1.0375710504508175,0.5030444408252452,0.5030444408252452
4,-500.0,-1.196224e-05,880.2670776102733,880.2670776102733,296.4422110552764,1.1089305978015547,0.4810634347985032,0.4810634347985032
5,-400.0,-1.047084e-05,684.0252462311554,684.0252462311554,235.41708542713567,1.5994948825160304,0.680931792502873,0.680931792502873
6,-300.0,-9.427123e-06,513.3853266331656,513.3853266331656,179.65829145728642,1.8267604599682048,0.47168740609806065,0.47168740609806065
7,-200.0,-7.187548e-06,360.23675711892787,360.23675711892787,128.0,1.8341738831117005,0.4979881860885591,0.4979881860885591
8,-100.0,-4.78116e-06,209.62815857063092,209.62815857063092,74.61306532663316,1.6077300401915007,0.390619484705752,0.390619484705752
