Num,Voltage,Ileak[nA],CCE[a.u.],CCE2[a.u.],MPV[mV],Noise[mV],Error mu,Error mean
0,-900.0,-0.0001049863,1122.6103111111108,1122.6103111111108,381.32,2.3834517971076745,0.7663877744327598,0.7663877744327598
1,-800.0,-1.21098e-05,917.0547733333332,917.0547733333332,321.2,2.9385930874031083,0.5852053752316361,0.5852053752316361
2,-700.0,-1.017715e-05,776.705991111111,776.705991111111,274.96,2.627571718488854,1.0836093761129963,1.0836093761129963
3,-600.0,-8.931468e-06,653.2312533333331,653.2312533333331,232.76,2.23071926616606,0.3919329901909264,0.3919329901909264
4,-500.0,-7.257499e-06,533.4974933333331,533.4974933333331,191.44,2.0898395472699174,0.4348079999264048,0.4348079999264048
5,-400.0,-5.940824e-06,418.22892444444443,418.22892444444443,151.16,2.1811544230714044,0.41140463390681353,0.41140463390681353
6,-300.0,-4.619484e-06,310.5416533333332,310.5416533333332,112.08,2.305358395853741,0.391331086421715,0.391331086421715
7,-200.0,-3.453652e-06,205.3258133333333,205.3258133333333,76.72,2.340584827203093,0.4664816395100668,0.4664816395100668
8,-100.0,-2.263453e-06,108.64302222222221,108.64302222222221,41.04,2.521675124217782,0.36197014683534307,0.36197014683534307
