Num,Voltage,Ileak[nA],CCE[a.u.],CCE2[a.u.],MPV[mV],Noise[mV],Error mu,Error mean
0,-900.0,-1.588859e-05,1519.2854049216999,1519.2854049216999,487.5704697986577,3.1198840460857316,0.8201812033909744,0.8201812033909744
1,-800.0,-1.449337e-05,1335.789148396719,1335.789148396719,430.6577181208054,3.0140032078214043,0.7305140540254956,0.7305140540254956
2,-700.0,-1.319993e-05,1134.81416256525,1134.81416256525,367.51677852348996,2.9018399316742123,0.6203992397672382,0.6203992397672382
3,-600.0,-1.172792e-05,948.553807606264,948.553807606264,310.496644295302,2.959079810756502,0.648598335868024,0.648598335868024
4,-500.0,-1.041707e-05,779.1635137956747,779.1635137956747,257.3959731543624,2.9525907385216574,0.5891810892593189,0.5891810892593189
5,-400.0,-9.320379e-06,620.0014556301268,620.0014556301268,207.78523489932886,2.6932722122236057,0.4491272900825942,0.4491272900825942
6,-300.0,-7.50268e-06,470.8665413870246,470.8665413870246,159.19463087248323,2.8270566669550963,0.5138946060858581,0.5138946060858581
7,-200.0,-5.719388e-06,328.02383892617445,328.02383892617445,111.30201342281879,2.858106011911811,0.5382969949387558,0.5382969949387558
8,-100.0,-3.783987e-06,187.368471290082,187.368471290082,64.53691275167785,2.878881631070493,0.4975129797476209,0.4975129797476209
