Num,Voltage,Ileak[nA],CCE[a.u.],CCE2[a.u.],MPV[mV],Noise[mV],Error mu,Error mean
0,-900.0,-2.149381e-05,1217.153822445561,1217.153822445561,398.63316582914575,2.4571336754685356,0.8666244983528636,0.8666244983528636
1,-800.0,-1.925335e-05,1032.9375589056392,1032.9375589056392,343.3969849246231,4.317723914127339,0.6451739199092925,0.6451739199092925
2,-700.0,-1.686554e-05,867.4843015075377,867.4843015075377,293.1457286432161,4.95704927463081,0.665747185406708,0.665747185406708
3,-600.0,-1.452708e-05,729.3758749302065,729.3758749302065,248.88442211055278,4.727385070959956,0.5646802279822548,0.5646802279822548
4,-500.0,-1.216331e-05,595.2335365717474,595.2335365717474,205.30653266331657,4.022693443826195,0.468407154261596,0.468407154261596
5,-400.0,-1.017593e-05,465.9334718034617,465.9334718034617,160.80402010050253,4.766330048950692,0.48290009740353396,0.48290009740353396
6,-300.0,-8.563609e-06,347.0274394193187,347.0274394193187,119.03517587939699,6.445608716387897,0.5325497254830515,0.5325497254830515
7,-200.0,-6.159198e-06,237.48475711892794,237.48475711892794,80.60301507537689,6.8385861193141855,0.38193187081814395,0.38193187081814395
8,-100.0,-3.941591e-06,132.36263093243994,132.36263093243994,47.07537688442211,5.969422601851395,0.42581406566849117,0.42581406566849117
