Num,Voltage,Ileak[nA],CCE[a.u.],CCE2[a.u.],MPV[mV],Noise[mV],Error mu,Error mean
0,-900.0,-2.036095e-05,957.3296355555556,957.3296355555556,340.16,2.946355405045275,0.4831285245149605,0.4831285245149605
1,-800.0,-1.734057e-05,785.2716088888887,785.2716088888887,287.76,3.1486363577873275,0.6245573305950373,0.6245573305950373
2,-700.0,-1.440911e-05,633.3160533333332,633.3160533333332,239.76,3.351848843051647,0.4824895439281573,0.4824895439281573
3,-600.0,-1.169953e-05,519.2764977777776,519.2764977777776,198.4,3.0634360680794166,0.4828234824446703,0.4828234824446703
4,-500.0,-1.007646e-05,421.5313599999999,421.5313599999999,160.52,2.685643394876625,0.5194314553432433,0.5194314553432433
5,-400.0,-7.788291e-06,319.13957333333326,319.13957333333326,124.04,3.013372492370928,0.4605985670841797,0.4605985670841797
6,-300.0,-5.933252e-06,226.54497777777775,226.54497777777775,90.2,3.1049793144576467,0.38091411735455527,0.38091411735455527
7,-200.0,-4.26729e-06,145.2936,145.2936,62.16,3.204241286517328,0.3641480314377653,0.3641480314377653
8,-100.0,-2.669557e-06,74.16666666666666,74.16666666666666,33.0,2.961317649665808,0.35917658721024665,0.35917658721024665
