Num,Voltage,Ileak[nA],CCE[a.u.],CCE2[a.u.],MPV[mV],Noise[mV],Error mu,Error mean
0,-900.0,-2.448839e-05,1439.7066041317694,1439.7066041317694,477.58793969849245,1.81126813679025,0.8056404711915488,0.8056404711915488
1,-800.0,-2.262068e-05,1365.1389748743716,1365.1389748743716,450.8140703517588,1.508755733500441,0.5674774603218461,0.5674774603218461
2,-700.0,-2.091923e-05,1228.7177934115018,1228.7177934115018,405.3065326633166,1.3752067097767366,0.6014822621908209,0.6014822621908209
3,-600.0,-1.906631e-05,1033.275068676717,1033.275068676717,342.8743718592965,2.1492834039442976,1.5182139474246565,1.5182139474246565
4,-500.0,-1.695022e-05,838.2118235622555,838.2118235622555,283.5778894472362,2.310294402775907,0.8845467634503981,0.8845467634503981
5,-400.0,-1.489408e-05,678.1912227805693,678.1912227805693,233.28643216080403,1.78401632313801,0.5408381682935909,0.5408381682935909
6,-300.0,-1.226019e-05,527.8952272473477,527.8952272473477,184.643216080402,1.702173770581394,0.38356766493376604,0.38356766493376604
7,-200.0,-1.010113e-05,369.867935231714,369.867935231714,133.54773869346732,2.418502924700803,0.3938771752564936,0.3938771752564936
8,-100.0,-6.56106e-06,218.70720714684526,218.70720714684526,80.04020100502512,2.286378196140016,0.29142864206972574,0.29142864206972574
