Num,Voltage,Ileak[nA],CCE[a.u.],CCE2[a.u.],MPV[mV],Noise[mV],Error mu,Error mean
0,-900.0,-2.066667e-05,958.4299555555555,958.4299555555555,336.52,2.2057786620993594,0.5145153090045119,0.5145153090045119
1,-800.0,-1.738774e-05,799.5620266666665,799.5620266666665,287.36,2.255332052418594,0.5016732450509983,0.5016732450509983
2,-700.0,-1.419829e-05,656.723431111111,656.723431111111,240.2,2.2258296386396945,0.4294643212188885,0.4294643212188885
3,-600.0,-1.139165e-05,527.5015111111111,527.5015111111111,195.52,2.1884398862665773,0.465515305011554,0.465515305011554
4,-500.0,-9.602935e-06,416.5688888888888,416.5688888888888,155.76,2.250354594829254,0.40672539728912893,0.40672539728912893
5,-400.0,-7.444934e-06,320.78410666666656,320.78410666666656,120.96,2.158704961570967,0.4485332683313465,0.4485332683313465
6,-300.0,-5.651253e-06,236.0640711111111,236.0640711111111,89.04,2.2859893608730313,0.4288906769795778,0.4288906769795778
7,-200.0,-4.007566e-06,153.60833777777773,153.60833777777773,59.92,2.271617458231735,0.4403245203256345,0.4403245203256345
8,-100.0,-2.52941e-06,79.82574222222222,79.82574222222222,32.2,2.1625875676268747,0.4052831109237097,0.4052831109237097
