Num,Voltage,Ileak[nA],CCE[a.u.],CCE2[a.u.],MPV[mV],Noise[mV],Error mu,Error mean
0,-900.0,-3.294719e-05,902.3464701284196,902.3464701284196,322.9748743718593,1.1756184666084095,0.5391629388279318,0.5391629388279318
1,-800.0,-2.959754e-05,777.681902847571,777.681902847571,284.46231155778895,1.2107104420432602,0.47258359276991885,0.47258359276991885
2,-700.0,-2.609793e-05,667.5033657174761,667.5033657174761,248.40201005025125,1.2890339678142282,0.4343939413414427,0.4343939413414427
3,-600.0,-2.304417e-05,566.188096035734,566.188096035734,214.63316582914572,1.1714125121955454,0.4099032371303583,0.4099032371303583
4,-500.0,-1.993452e-05,473.3304031267446,473.3304031267446,181.98994974874373,1.1881130579783046,0.4238819560395069,0.4238819560395069
5,-400.0,-1.681646e-05,384.79058403126726,384.79058403126726,149.30653266331657,1.2504062832956961,0.36882084193312126,0.36882084193312126
6,-300.0,-1.356231e-05,299.2642858738134,299.2642858738134,117.22613065326634,1.1139565763571577,0.3969777259159501,0.3969777259159501
7,-200.0,-1.047283e-05,210.96329648241198,210.96329648241198,84.06030150753769,1.1347488821525638,0.3809599978365083,0.3809599978365083
8,-100.0,-7.198491e-06,122.91669905080958,122.91669905080958,49.92964824120603,1.1623670438527662,0.38353043283571125,0.38353043283571125
