Num,Voltage,Ileak[nA],CCE[a.u.],CCE2[a.u.],MPV[mV],Noise[mV],Error mu,Error mean
0,-900.0,-1.843143e-05,1442.500788386376,1442.500788386376,474.45226130653265,2.673212750133499,0.9605580288859773,0.9605580288859773
1,-800.0,-1.735616e-05,1383.4485672808482,1383.4485672808482,452.90452261306535,1.9214729912068718,0.8628062695275064,0.8628062695275064
2,-700.0,-1.614202e-05,1283.657558905639,1283.657558905639,419.09547738693465,1.6331273876753054,0.6122764813528797,0.6122764813528797
3,-600.0,-1.497331e-05,1143.5013646007815,1143.5013646007815,374.19095477386935,1.8640880172863619,0.585206055470295,0.585206055470295
4,-500.0,-1.378741e-05,956.2958079285314,956.2958079285314,315.49748743718595,1.8933215864928932,0.6307865597164846,0.6307865597164846
5,-400.0,-1.217685e-05,759.0871691792292,759.0871691792292,254.83417085427135,1.7582291507523193,0.48444245665053914,0.48444245665053914
6,-300.0,-1.024066e-05,575.0246878838635,575.0246878838635,196.94472361809045,1.9597535122084249,0.462339582582272,0.462339582582272
7,-200.0,-8.528519e-06,407.94627359017306,407.94627359017306,143.31658291457288,1.8388464422985746,0.3759620531242069,0.3759620531242069
8,-100.0,-5.568145e-06,239.90778782802894,239.90778782802894,83.65829145728644,2.10827417406051,0.35656973324248276,0.35656973324248276
