Num,Voltage,Ileak[nA],CCE[a.u.],CCE2[a.u.],MPV[mV],Noise[mV],Error mu,Error mean
0,-900.0,-1.73417e-05,1598.4457955555554,1598.4457955555554,523.88,2.780810824113387,0.8744692451996221,0.8744692451996221
1,-800.0,-1.617779e-05,1504.2868977777773,1504.2868977777773,492.44,2.788640945153688,0.7514663553346912,0.7514663553346912
2,-700.0,-1.518754e-05,1397.5804088888888,1397.5804088888888,456.08,2.7217216410496547,0.6970456513026975,0.6970456513026975
3,-600.0,-1.40519e-05,1239.3523199999997,1239.3523199999997,404.36,2.9040250993711774,0.7856343454814074,0.7856343454814074
4,-500.0,-1.278079e-05,1013.5157511111111,1013.5157511111111,333.12,2.8625432790948957,0.5711193108274303,0.5711193108274303
5,-400.0,-1.146147e-05,776.5021333333332,776.5021333333332,262.12,3.191569102077117,0.5755286849497598,0.5755286849497598
6,-300.0,-1.015852e-05,567.764231111111,567.764231111111,198.04,3.480181320662956,0.8067102577753662,0.8067102577753662
7,-200.0,-7.749138e-06,396.51095111111107,396.51095111111107,140.48,3.510885077112516,0.8601496130325227,0.8601496130325227
