Num,Voltage,Ileak[nA],CCE[a.u.],CCE2[a.u.],MPV[mV],Noise[mV],Error mu,Error mean
0,-900.0,-2.335736e-05,1135.180667783361,1135.180667783361,393.8894472361809,2.396295765426942,0.6805278089197032,0.6805278089197032
1,-800.0,-2.138962e-05,1038.4614986041317,1038.4614986041317,362.3718592964824,2.24513001043964,0.5785839367542823,0.5785839367542823
2,-700.0,-1.961239e-05,909.6801518704631,909.6801518704631,319.95979899497485,1.8358124629309123,0.5857036805780121,0.5857036805780121
3,-600.0,-1.759373e-05,741.6629279731992,741.6629279731992,266.6532663316583,2.0045551912243105,0.4813345204216781,0.4813345204216781
4,-500.0,-1.547351e-05,616.392469011725,616.392469011725,226.0502512562814,1.82886051979083,0.47258694721261346,0.47258694721261346
5,-400.0,-1.328709e-05,511.4143874930205,511.4143874930205,188.46231155778895,1.4823528006989946,0.46112183033847676,0.46112183033847676
6,-300.0,-1.09532e-05,399.46211055276376,399.46211055276376,147.33668341708542,1.429218916597073,0.36725459759664136,0.36725459759664136
7,-200.0,-8.83383e-06,284.8111669458402,284.8111669458402,104.76381909547739,1.3662741578745907,0.37598126900995366,0.37598126900995366
8,-100.0,-5.635802e-06,163.44756672250136,163.44756672250136,61.98994974874372,1.3004352943648034,0.3546397428779726,0.3546397428779726
