Num,Voltage,Ileak[nA],CCE[a.u.],CCE2[a.u.],MPV[mV],Noise[mV],Error mu,Error mean
0,-900.0,-2.171498e-05,889.8142445561137,889.8142445561137,308.7437185929648,2.5128800246438967,0.5792472179326346,0.5792472179326346
1,-800.0,-1.856753e-05,741.8566253489669,741.8566253489669,263.1959798994975,2.492019757023943,0.48771205077547525,0.48771205077547525
2,-700.0,-1.543374e-05,613.7534427694025,613.7534427694025,220.82412060301507,2.4146485172900936,0.5316533882723231,0.5316533882723231
3,-600.0,-1.261013e-05,497.9699385817977,497.9699385817977,182.39195979899498,2.5784235163419535,0.49255418522744815,0.49255418522744815
4,-500.0,-1.019175e-05,393.9445315466218,393.9445315466218,144.96482412060303,2.648976664954184,0.31803887016113397,0.31803887016113397
5,-400.0,-8.635666e-06,304.62584924623104,304.62584924623104,113.60804020100502,2.742145688881127,0.4238025531621672,0.4238025531621672
6,-300.0,-6.497631e-06,227.93959128978216,227.93959128978216,87.95979899497488,2.5517626423630126,0.4471806321544929,0.4471806321544929
7,-200.0,-4.697509e-06,155.04360915689554,155.04360915689554,62.391959798994975,2.6027071733075515,0.33402031949522837,0.33402031949522837
8,-100.0,-3.076593e-06,86.46719821328864,86.46719821328864,38.753768844221106,2.5843018755730967,0.3958135035630593,0.3958135035630593
