Num,Voltage,Ileak[nA],CCE[a.u.],CCE2[a.u.],MPV[mV],Noise[mV],Error mu,Error mean
0,-900.0,-3.258912e-05,892.1885873813509,892.1885873813509,307.81909547738695,6.6153183201335475,0.4014488970062012,0.4014488970062012
1,-800.0,-2.900829e-05,766.3290318257956,766.3290318257956,266.8542713567839,7.3209337846805065,0.503593764249263,0.503593764249263
2,-700.0,-2.543728e-05,650.8944544946955,650.8944544946955,230.23115577889448,7.68997092992821,0.49121012655816637,0.49121012655816637
3,-600.0,-2.17982e-05,545.0533378001115,545.0533378001115,192.643216080402,7.641757419312254,0.4589859622340522,0.4589859622340522
4,-500.0,-1.847707e-05,446.02975767727514,446.02975767727514,159.678391959799,7.636877243267639,0.389219014824341,0.389219014824341
5,-400.0,-1.520356e-05,353.8122613065326,353.8122613065326,126.71356783919597,7.6068834417006395,0.39823435378786337,0.39823435378786337
6,-300.0,-1.204737e-05,265.4756270240089,265.4756270240089,95.39698492462311,7.5547936660430315,0.39813811962885054,0.39813811962885054
7,-200.0,-9.40701e-06,181.62815857063092,181.62815857063092,63.959798994974875,7.505094262715568,0.3690113925518895,0.3690113925518895
8,-100.0,-5.880927e-06,99.5234662199888,99.5234662199888,34.37185929648241,7.556353486272516,0.4652128243165783,0.4652128243165783
