Num,Voltage,Ileak[nA],CCE[a.u.],CCE2[a.u.],MPV[mV],Noise[mV],Error mu,Error mean
0,-900.0,-0.0001049867,1071.4244109436067,1071.4244109436067,341.8291457286432,3.429652756612375,0.6296334538252918,0.6296334538252918
1,-800.0,-1.147099e-05,884.8573713009491,884.8573713009491,288.0,3.319018437340574,0.6164589340268536,0.6164589340268536
2,-700.0,-9.603124e-06,717.5710552763818,717.5710552763818,238.63316582914572,3.111235965161061,0.5247035632781443,0.5247035632781443
3,-600.0,-7.450812e-06,585.0418671133443,585.0418671133443,196.94472361809045,2.9425855892805073,0.4936088917308986,0.4936088917308986
4,-500.0,-5.827753e-06,471.76243886097154,471.76243886097154,159.356783919598,2.780601481118339,0.39956189793594715,0.39956189793594715
5,-400.0,-4.497688e-06,362.01996649916236,362.01996649916236,121.16582914572864,2.7763698583153267,0.4318291248586777,0.4318291248586777
6,-300.0,-3.486584e-06,265.6910865438302,265.6910865438302,88.84422110552764,2.744313653475726,0.4418439406240175,0.4418439406240175
7,-200.0,-2.532994e-06,179.41703182579565,179.41703182579565,62.15075376884422,2.7483543994496675,0.456512611251461,0.456512611251461
8,-100.0,-1.666627e-06,98.80027694025684,98.80027694025684,32.68341708542714,2.849030103276479,0.4089349261531136,0.4089349261531136
