Num,Voltage,Ileak[nA],CCE[a.u.],CCE2[a.u.],MPV[mV],Noise[mV],Error mu,Error mean
0,-900.0,-1.595131e-05,1482.0095678391954,1482.0095678391954,471.5175879396985,10.376042573292827,0.6346812868403595,0.6346812868403595
1,-800.0,-1.457736e-05,1340.0959463986596,1340.0959463986596,425.8492462311558,10.317059579303207,0.6151338317313458,0.6151338317313458
2,-700.0,-1.369054e-05,1147.523484087102,1147.523484087102,365.6683417085427,10.318234353559117,0.5773635078747515,0.5773635078747515
3,-600.0,-1.213517e-05,961.652690117253,961.652690117253,307.37688442211055,10.285547817422023,0.5533486226097786,0.5533486226097786
4,-500.0,-1.08219e-05,790.9024410943607,790.9024410943607,254.51256281407035,10.318732320788085,0.5848341529239596,0.5848341529239596
5,-400.0,-9.767082e-06,629.476931323283,629.476931323283,202.93467336683418,10.134395695438103,0.42986066421908065,0.42986066421908065
6,-300.0,-7.883526e-06,481.84379676158574,481.84379676158574,155.73869346733667,10.110554478205378,0.44685809419065103,0.44685809419065103
7,-200.0,-6.103672e-06,340.46372305974313,340.46372305974313,109.46733668341709,10.02671548795824,0.3922895074713812,0.3922895074713812
8,-100.0,-4.045137e-06,201.66341038525957,201.66341038525957,63.71859296482412,10.01637284936259,0.39925647914288137,0.39925647914288137
