Num,Voltage,Ileak[nA],CCE[a.u.],CCE2[a.u.],MPV[mV],Noise[mV],Error mu,Error mean
0,-900.0,-2.940124e-05,837.9625237297598,837.9625237297598,302.1105527638191,3.1172582817718744,0.82902403867216,0.82902403867216
1,-800.0,-2.53331e-05,700.360969290899,700.360969290899,259.6180904522613,3.7091435548545646,0.576449753436038,0.576449753436038
2,-700.0,-2.170457e-05,586.5874796203237,586.5874796203237,221.46733668341707,3.4866622503821554,0.5182698686519293,0.5182698686519293
3,-600.0,-1.846834e-05,484.2185147962032,484.2185147962032,184.643216080402,3.432117049732652,0.4058213174429194,0.4058213174429194
4,-500.0,-1.49944e-05,389.2955801228364,389.2955801228364,151.63819095477388,3.542372997460242,0.4264061128322418,0.4264061128322418
5,-400.0,-1.196528e-05,302.06468788386377,302.06468788386377,119.35678391959799,3.3961342727450528,0.4423769997468318,0.4423769997468318
6,-300.0,-9.812426e-06,221.6778112786153,221.6778112786153,88.68341708542714,3.2296935661240034,0.38779944849290804,0.38779944849290804
7,-200.0,-6.960837e-06,149.13901060859857,149.13901060859857,63.597989949748744,3.338779244573871,0.4010875119637601,0.4010875119637601
8,-100.0,-4.294334e-06,84.4729424902289,84.4729424902289,36.824120603015075,2.5099919597679836,0.43698334213765405,0.43698334213765405
