Num,Voltage,Ileak[nA],CCE[a.u.],CCE2[a.u.],MPV[mV],Noise[mV],Error mu,Error mean
0,-900.0,-1.816156e-05,1429.6515466219985,1429.6515466219985,475.7386934673367,2.50720013353254,0.6814918267816473,0.6814918267816473
1,-800.0,-1.698619e-05,1343.5664366275819,1343.5664366275819,446.63316582914575,2.5738102749519984,0.55423990605072,0.55423990605072
2,-700.0,-1.579433e-05,1228.2594483528753,1228.2594483528753,406.9145728643216,3.0213648567929323,0.5909146910649232,0.5909146910649232
3,-600.0,-1.494847e-05,1090.8252015633725,1090.8252015633725,361.1256281407035,2.962040002074139,0.5293943330383305,0.5293943330383305
4,-500.0,-1.359958e-05,898.8927928531542,898.8927928531542,301.9497487437186,2.913028455872778,0.5263995074326416,0.5263995074326416
5,-400.0,-1.188236e-05,709.6670552763817,709.6670552763817,243.37688442211055,2.788756207128621,0.44524397169491203,0.44524397169491203
6,-300.0,-1.00756e-05,539.9269413735341,539.9269413735341,190.71356783919597,2.7585880957580406,0.38522623033002257,0.38522623033002257
7,-200.0,-8.41026e-06,381.68056281407013,381.68056281407013,136.321608040201,2.742673773285828,0.36545949333130545,0.36545949333130545
8,-100.0,-5.481847e-06,222.9722836404242,222.9722836404242,80.76381909547739,2.819627775722586,0.37610459364698823,0.37610459364698823
