Num,Voltage,Ileak[nA],CCE[a.u.],CCE2[a.u.],MPV[mV],Noise[mV],Error mu,Error mean
0,-900.0,-1.701775e-05,1538.850126186488,1538.850126186488,505.96984924623115,1.1161628214627943,0.6778960665678209,0.6778960665678209
1,-800.0,-1.585799e-05,1446.0887012841984,1446.0887012841984,474.6532663316583,1.1443841420564493,0.5912644190003749,0.5912644190003749
2,-700.0,-1.507002e-05,1330.7676694584027,1330.7676694584027,435.97989949748745,1.1562739319138715,0.621190632926873,0.621190632926873
3,-600.0,-1.376491e-05,1169.1704031267445,1169.1704031267445,383.47738693467335,1.2538789410968678,0.5398116634128322,0.5398116634128322
4,-500.0,-1.278393e-05,959.9569581239529,959.9569581239529,316.7035175879397,1.0820824452365452,0.5295009208511798,0.5295009208511798
5,-400.0,-1.110429e-05,757.7519955332216,757.7519955332216,254.1105527638191,1.0490658521239216,0.47151252798456994,0.47151252798456994
6,-300.0,-9.79895e-06,575.548587381351,575.548587381351,195.53768844221105,1.057422271430099,0.43498428794963845,0.43498428794963845
7,-200.0,-7.658246e-06,405.08378336125054,405.08378336125054,138.4924623115578,1.0838601276118671,0.3775885742549738,0.3775885742549738
8,-100.0,-5.069661e-06,235.87971859296474,235.87971859296474,80.12060301507537,1.0627528087804456,0.34924512203298064,0.34924512203298064
