Num,Voltage,Ileak[nA],CCE[a.u.],CCE2[a.u.],MPV[mV],Noise[mV],Error mu,Error mean
0,-900.0,-2.263416e-05,908.5807705192627,908.5807705192627,311.1959798994975,2.8918515959599134,0.5331583155495264,0.5331583155495264
1,-800.0,-1.879103e-05,752.2746711334449,752.2746711334449,262.07035175879395,2.885223235229571,0.5040530700308192,0.5040530700308192
2,-700.0,-1.545535e-05,614.0526990508096,614.0526990508096,216.4824120603015,2.8013970739964087,0.4539116668347591,0.4539116668347591
3,-600.0,-1.239147e-05,494.6760469011724,494.6760469011724,175.678391959799,2.8000528280537513,0.4612256863096307,0.4612256863096307
4,-500.0,-1.000154e-05,390.031151312116,390.031151312116,138.3718592964824,2.8245513431606133,0.393050506640153,0.393050506640153
5,-400.0,-8.357149e-06,299.3361831379117,299.3361831379117,105.68844221105527,2.8293583466194137,0.41117468626578535,0.41117468626578535
6,-300.0,-6.257663e-06,217.62906979341145,217.62906979341145,79.39698492462311,2.896006471117507,0.40344770183304135,0.40344770183304135
7,-200.0,-4.507084e-06,147.69804578447793,147.69804578447793,53.42713567839196,2.7160171661044568,0.3507205629938412,0.3507205629938412
8,-100.0,-2.896497e-06,83.72879508654381,83.72879508654381,30.87437185929648,2.7944624011451333,0.4701847610772132,0.4701847610772132
