Num,Voltage,Ileak[nA],CCE[a.u.],CCE2[a.u.],MPV[mV],Noise[mV],Error mu,Error mean
0,-900.0,-1.633294e-05,1611.0188274706863,1611.0188274706863,512.4824120603015,0.5260292930701831,0.7645803598301238,0.7645803598301238
1,-800.0,-1.532309e-05,1522.1165203796759,1522.1165203796759,482.93467336683415,0.501445308750899,0.7872779654637718,0.7872779654637718
2,-700.0,-1.421656e-05,1416.8057889447236,1416.8057889447236,447.75879396984925,0.5767637909193116,0.7041628560919491,0.7041628560919491
3,-600.0,-1.319021e-05,1250.1382825237297,1250.1382825237297,394.2110552763819,0.7108415311848358,1.0603677511984293,1.0603677511984293
4,-500.0,-1.218603e-05,1001.8365248464544,1001.8365248464544,317.7889447236181,1.2875320225357199,0.6894562455243546,0.6894562455243546
5,-400.0,-1.069865e-05,777.367656058068,777.367656058068,249.04522613065328,1.6098256729443432,0.5839825330809856,0.5839825330809856
6,-300.0,-9.47537e-06,595.0533646007815,595.0533646007815,192.56281407035175,1.2248011065497533,0.43551389830477616,0.43551389830477616
7,-200.0,-7.192258e-06,420.0049134561697,420.0049134561697,136.68341708542712,0.9259029221058421,0.40450978684796196,0.40450978684796196
8,-100.0,-4.758776e-06,242.5387202680066,242.5387202680066,79.87939698492463,0.8685058367955788,0.4096779466576989,0.4096779466576989
