Num,Voltage,Ileak[nA],CCE[a.u.],CCE2[a.u.],MPV[mV],Noise[mV],Error mu,Error mean
0,-900.0,-2.118392e-05,1018.3218492462312,1018.3218492462312,344.4422110552764,2.9136324557669555,0.620511207102259,0.620511207102259
1,-800.0,-1.838438e-05,852.7256370742601,852.7256370742601,294.2713567839196,2.944761315290142,0.5574018865407273,0.5574018865407273
2,-700.0,-1.578338e-05,707.2548877721944,707.2548877721944,247.47738693467338,3.103394633380214,0.5629997781687818,0.5629997781687818
3,-600.0,-1.337587e-05,579.2112562814069,579.2112562814069,205.74874371859298,3.1018244369610226,0.4821749170922048,0.4821749170922048
4,-500.0,-1.09365e-05,462.8719061976549,462.8719061976549,166.95477386934672,3.238775589695893,0.4597968114955462,0.4597968114955462
5,-400.0,-9.380187e-06,362.21905974316024,362.21905974316024,129.44723618090453,3.0842343981883182,0.46773154193051897,0.46773154193051897
6,-300.0,-7.172736e-06,268.6197386934673,268.6197386934673,96.40201005025126,3.0311998391364154,0.4423729168820883,0.4423729168820883
7,-200.0,-5.162454e-06,180.0453109994416,180.0453109994416,65.00502512562814,3.0295324262535983,0.3805990281635252,0.3805990281635252
8,-100.0,-3.284311e-06,97.57171635957566,97.57171635957566,35.336683417085425,3.0467718791859006,0.4273480639563279,0.4273480639563279
