Num,Voltage,Ileak[nA],CCE[a.u.],CCE2[a.u.],MPV[mV],Noise[mV],Error mu,Error mean
0,-900.0,-1.644237e-05,1443.7129826912335,1443.7129826912335,466.3718592964824,2.750491247183373,0.6668190611485978,0.6668190611485978
1,-800.0,-1.537032e-05,1341.5216705750977,1341.5216705750977,432.9246231155779,2.6704478316528815,0.5952202775695151,0.5952202775695151
2,-700.0,-1.427827e-05,1202.5420792853154,1202.5420792853154,389.0251256281407,2.665448789305644,0.6075505772114567,0.6075505772114567
3,-600.0,-1.308729e-05,1015.105929648241,1015.105929648241,328.8040201005025,2.7336995432909146,0.4826466101523669,0.4826466101523669
4,-500.0,-1.161027e-05,829.4637453936349,829.4637453936349,272.56281407035175,2.583858680735345,0.4853640846783164,0.4853640846783164
5,-400.0,-1.030822e-05,659.4162278056949,659.4162278056949,221.10552763819095,2.591210760641407,0.4884282119563945,0.4884282119563945
6,-300.0,-9.084095e-06,501.9312741485202,501.9312741485202,169.5678391959799,2.5728449732506555,0.4604635789212533,0.4604635789212533
7,-200.0,-6.889167e-06,352.56008040200993,352.56008040200993,120.28140703517587,2.635984102639223,0.3847768782076886,0.3847768782076886
8,-100.0,-4.589524e-06,205.5912808486878,205.5912808486878,72.04020100502514,2.502171960244762,0.38959050871716167,0.38959050871716167
