Num,Voltage,Ileak[nA],CCE[a.u.],CCE2[a.u.],MPV[mV],Noise[mV],Error mu,Error mean
0,-900.0,-0.0001049863,1077.113156895589,1077.113156895589,363.4572864321608,2.8032891150522627,0.6852928334270074,0.6852928334270074
1,-800.0,-1.121324e-05,894.4740949190397,894.4740949190397,309.26633165829145,3.1306110817992137,0.4952854856232702,0.4952854856232702
2,-700.0,-9.794813e-06,746.4689491903962,746.4689491903962,263.678391959799,3.0387416527886377,0.47820038056630304,0.47820038056630304
3,-600.0,-7.926556e-06,620.1515845896146,620.1515845896146,222.63316582914572,2.6875683129099133,0.47706337822273626,0.47706337822273626
4,-500.0,-6.473531e-06,494.9450541596872,494.9450541596872,181.22613065326632,3.046482359743224,0.4040347347741897,0.4040347347741897
5,-400.0,-5.138753e-06,391.6494293690674,391.6494293690674,144.20100502512562,2.832511421422468,0.36599722364022413,0.36599722364022413
6,-300.0,-4.031735e-06,294.89618760468994,294.89618760468994,110.03015075376885,2.7612016233616656,0.41493055644101123,0.41493055644101123
7,-200.0,-3.004062e-06,201.07138358458954,201.07138358458954,77.50753768844221,2.7542363490724964,0.3804440658950893,0.3804440658950893
8,-100.0,-1.902642e-06,110.90998101619202,110.90998101619202,45.70854271356784,2.7892158000709677,0.39348839632306853,0.39348839632306853
