Num,Voltage,Ileak[nA],CCE[a.u.],CCE2[a.u.],MPV[mV],Noise[mV],Error mu,Error mean
0,-900.0,-2.930814e-05,1073.364582914573,1073.364582914573,408.76381909547746,5.3477451468290615,0.5722005173007663,0.5722005173007663
1,-800.0,-2.505108e-05,900.7865817978782,900.7865817978782,353.20603015075375,5.325219898503115,0.5561308403794317,0.5561308403794317
2,-700.0,-2.105446e-05,745.1326677833612,745.1326677833612,301.5075376884422,5.2648799636221,0.4848802427109655,0.4848802427109655
3,-600.0,-1.742936e-05,605.7646990508096,605.7646990508096,252.18090452261308,5.219602841882312,0.5215015212418787,0.5215015212418787
4,-500.0,-1.426785e-05,478.03785147962026,478.03785147962026,206.03015075376885,5.1788469252784965,0.507524132247857,0.507524132247857
5,-400.0,-1.099426e-05,361.8416527079844,361.8416527079844,162.8140703517588,5.23016310901801,0.454608761172988,0.454608761172988
6,-300.0,-8.886977e-06,257.4584388609715,257.4584388609715,124.62311557788945,5.2092265808101,0.4186573263615707,0.4186573263615707
7,-200.0,-6.190429e-06,164.72206365159127,164.72206365159127,89.80904522613065,5.202135525857394,0.4147123836326616,0.4147123836326616
8,-100.0,-3.78889e-06,77.51983026242324,77.51983026242324,58.93467336683417,5.2072174004159555,0.41300438361878933,0.41300438361878933
