Num,Voltage,Ileak[nA],CCE[a.u.],CCE2[a.u.],MPV[mV],Noise[mV],Error mu,Error mean
0,-900.0,-1.973295e-05,966.617639307649,966.617639307649,328.321608040201,1.8219487148573041,0.5694969714031639,0.5694969714031639
1,-800.0,-1.699836e-05,827.9911379117809,827.9911379117809,285.54773869346735,1.6506135943989522,0.49807193712722814,0.49807193712722814
2,-700.0,-1.461882e-05,692.4917208263539,692.4917208263539,240.60301507537687,1.4241502297446615,0.5017750219967287,0.5017750219967287
3,-600.0,-1.231038e-05,568.3771032942489,568.3771032942489,199.79899497487438,1.349956263703481,0.44343791373879127,0.44343791373879127
4,-500.0,-1.009936e-05,456.35364377442767,456.35364377442767,160.84422110552765,1.3208183290236346,0.46033561506820825,0.46033561506820825
5,-400.0,-8.624046e-06,356.26990061418184,356.26990061418184,127.47738693467336,1.3746625354835824,0.3800884521902337,0.3800884521902337
6,-300.0,-6.626348e-06,263.9602814070351,263.9602814070351,95.35678391959799,1.3490781862294416,0.3978019170153955,0.3978019170153955
7,-200.0,-4.827232e-06,182.19132998324957,182.19132998324957,64.28140703517587,1.2453394623352816,0.3811271264466083,0.3811271264466083
8,-100.0,-3.102746e-06,103.78613065326628,103.78613065326628,39.75879396984924,1.4029069214176026,0.4635109098295266,0.4635109098295266
