Num,Voltage,Ileak[nA],CCE[a.u.],CCE2[a.u.],MPV[mV],Noise[mV],Error mu,Error mean
0,-900.0,-3.601525e-05,906.4347336683416,906.4347336683416,326.95477386934675,2.904982083020618,0.5305578086716467,0.5305578086716467
1,-800.0,-3.243058e-05,788.621293132328,788.621293132328,289.52763819095475,2.869423219383053,0.4485811880881321,0.4485811880881321
2,-700.0,-2.885328e-05,676.3438883305413,676.3438883305413,253.22613065326632,2.844754113931366,0.47803000533719125,0.47803000533719125
3,-600.0,-2.514114e-05,573.6629279731992,573.6629279731992,218.89447236180905,2.917411659728544,0.35334814555617317,0.35334814555617317
4,-500.0,-2.171395e-05,481.2534673366833,481.2534673366833,185.48743718592965,2.8946611856022213,0.3920412689160465,0.3920412689160465
5,-400.0,-1.836781e-05,391.3180122836402,391.3180122836402,152.9246231155779,2.8977881484185444,0.3549496902257222,0.3549496902257222
6,-300.0,-1.509903e-05,304.8008754885538,304.8008754885538,120.36180904522612,2.928017014997111,0.3593791646720471,0.3593791646720471
7,-200.0,-1.136517e-05,216.5724801786711,216.5724801786711,88.24120603015075,3.0164830677916115,0.3989246066060737,0.3989246066060737
8,-100.0,-7.973709e-06,126.36903629257395,126.36903629257395,55.63819095477387,3.051622499616007,0.41775152001729093,0.41775152001729093
