Num,Voltage,Ileak[nA],CCE[a.u.],CCE2[a.u.],MPV[mV],Noise[mV],Error mu,Error mean
0,-900.0,-2.995452e-05,882.9091733333331,882.9091733333331,318.6,1.8115004216885453,0.49308246450264254,0.49308246450264254
1,-800.0,-2.518021e-05,734.1231999999998,734.1231999999998,270.28,1.7458114954879227,0.43129184921581654,0.43129184921581654
2,-700.0,-2.07401e-05,599.0550933333334,599.0550933333334,223.32,1.8143442035316475,0.41431657847592623,0.41431657847592623
3,-600.0,-1.692248e-05,479.8719644444445,479.8719644444445,181.52,1.8264930439249345,0.4191437519515225,0.4191437519515225
4,-500.0,-1.325694e-05,374.22888888888883,374.22888888888883,142.76,1.7554120194486227,0.4512078155351474,0.4512078155351474
5,-400.0,-1.014484e-05,280.9861333333333,280.9861333333333,107.12,1.889590196606426,0.3918867428224637,0.3918867428224637
6,-300.0,-8.050163e-06,200.23175111111107,200.23175111111107,77.44,1.9049026286640895,0.38707063954787346,0.38707063954787346
7,-200.0,-5.4395e-06,127.14133333333331,127.14133333333331,50.12,1.9754493159785194,0.4350013664346353,0.4350013664346353
8,-100.0,-3.275921e-06,60.027974288337916,60.027974288337916,24.0,2.364510267309509,0.44897965813592094,0.44897965813592094
