Num,Voltage,Ileak[nA],CCE[a.u.],CCE2[a.u.],MPV[mV],Noise[mV],Error mu,Error mean
0,-900.0,-1.509804e-05,1203.7367638190954,1203.7367638190954,393.92964824120605,3.1655667293508265,0.5780650101613017,0.5780650101613017
1,-800.0,-1.322587e-05,1021.7707917364602,1021.7707917364602,339.0150753768844,3.1362480135327533,0.6723863464869979,0.6723863464869979
2,-700.0,-1.148153e-05,869.2382266890005,869.2382266890005,291.05527638190955,2.8705653842846717,0.5311719100904445,0.5311719100904445
3,-600.0,-1.04998e-05,720.3680089335567,720.3680089335567,244.5427135678392,2.9359469296668523,0.42067172699908384,0.42067172699908384
4,-500.0,-8.815208e-06,579.1634260189837,579.1634260189837,198.9145728643216,3.3795378261896287,0.5198014455544439,0.5198014455544439
5,-400.0,-7.238695e-06,456.91749413735334,456.91749413735334,157.14572864321607,3.35982844044189,0.4846954068324413,0.4846954068324413
6,-300.0,-5.825066e-06,343.1596917922947,343.1596917922947,117.90954773869346,3.2388426063047753,0.529291676272532,0.529291676272532
7,-200.0,-4.317479e-06,233.9775321049692,233.9775321049692,79.95979899497488,3.047839025039302,0.475570588329799,0.475570588329799
8,-100.0,-2.825402e-06,128.59710106085984,128.59710106085984,43.81909547738694,2.912841079595155,0.39184533710171354,0.39184533710171354
