Num,Voltage,Ileak[nA],CCE[a.u.],CCE2[a.u.],MPV[mV],Noise[mV],Error mu,Error mean
0,-900.0,-1.541293e-05,1540.262700167504,1540.262700167504,496.4422110552764,3.9219648968876544,0.7123825392322497,0.7123825392322497
1,-800.0,-1.427853e-05,1408.4108185371297,1408.4108185371297,455.27638190954775,3.7179390608542544,0.6455574164500826,0.6455574164500826
2,-700.0,-1.319079e-05,1231.6434260189837,1231.6434260189837,399.356783919598,3.734434066516973,0.5485118843014373,0.5485118843014373
3,-600.0,-1.201384e-05,1034.9760178671131,1034.9760178671131,336.964824120603,3.7280841178584496,0.6870217480680375,0.6870217480680375
4,-500.0,-1.068926e-05,849.0064008933555,849.0064008933555,279.678391959799,3.7058755814377657,0.5782101345219173,0.5782101345219173
5,-400.0,-9.725587e-06,680.5321898380791,680.5321898380791,225.84924623115577,3.396893179692408,0.5545882068963365,0.5545882068963365
6,-300.0,-7.999513e-06,520.8114349525405,520.8114349525405,175.31658291457288,3.3251397811029544,0.40832139770139503,0.40832139770139503
7,-200.0,-6.136183e-06,363.6045829145729,363.6045829145729,121.48743718592965,3.360539529396755,0.4757365729015297,0.4757365729015297
8,-100.0,-4.064778e-06,208.26502289223893,208.26502289223893,72.00000000000001,3.2595141649707347,0.3662681874213459,0.3662681874213459
