Num,Voltage,Ileak[nA],CCE[a.u.],CCE2[a.u.],MPV[mV],Noise[mV],Error mu,Error mean
0,-900.0,-2.206774e-05,1228.632531546622,1228.632531546622,407.43718592964825,3.671435914958631,0.6550842460559331,0.6550842460559331
1,-800.0,-2.014544e-05,1075.329911781128,1075.329911781128,359.5577889447236,3.8314855717286345,0.5112856289964675,0.5112856289964675
2,-700.0,-1.801698e-05,916.2523372417643,916.2523372417643,311.15577889447235,3.8292985977911242,0.5653215294781817,0.5653215294781817
3,-600.0,-1.600592e-05,759.359857063093,759.359857063093,262.67336683417085,3.7923235861508555,0.4720936984608525,0.4720936984608525
4,-500.0,-1.382005e-05,622.8556292573979,622.8556292573979,218.33165829145727,3.7725862119015847,0.45346074607195846,0.45346074607195846
5,-400.0,-1.168211e-05,502.99879843662745,502.99879843662745,178.0502512562814,3.7109157558212975,0.4136883042059878,0.4136883042059878
6,-300.0,-1.00422e-05,385.2282568397542,385.2282568397542,137.2462311557789,3.6606115374467936,0.4470173575017408,0.4470173575017408
7,-200.0,-7.443832e-06,266.2467537688442,266.2467537688442,96.20100502512562,3.678951118893479,0.3734387979700556,0.3734387979700556
8,-100.0,-4.74221e-06,152.88744165270793,152.88744165270793,56.562814070351756,3.6609129028030547,0.3631453181951568,0.3631453181951568
