Num,Voltage,Ileak[nA],CCE[a.u.],CCE2[a.u.],MPV[mV],Noise[mV],Error mu,Error mean
0,-900.0,-2.153363e-05,837.4183450586262,837.4183450586262,300.02010050251255,1.5487396242822966,0.46540193572806327,0.46540193572806327
1,-800.0,-1.82053e-05,702.5548900055833,702.5548900055833,255.95979899497488,1.423904598654817,0.45034166339205045,0.45034166339205045
2,-700.0,-1.542156e-05,581.2004020100501,581.2004020100501,215.19597989949747,1.5586582830318447,0.39355773727956056,0.39355773727956056
3,-600.0,-1.28335e-05,470.4761317699608,470.4761317699608,176.20100502512562,1.636142842567803,0.4087593311885572,0.4087593311885572
4,-500.0,-1.063655e-05,373.34332104969275,373.34332104969275,142.03015075376885,1.6243367255477161,0.4124344971178927,0.4124344971178927
5,-400.0,-8.892755e-06,288.1113657174762,288.1113657174762,110.83417085427136,1.6648553989555732,0.3726290672387074,0.3726290672387074
6,-300.0,-6.660128e-06,213.08969737576763,213.08969737576763,80.56281407035176,1.583042942238293,0.3510335266253513,0.3510335266253513
7,-200.0,-4.893067e-06,142.47028922389723,142.47028922389723,55.879396984924625,1.6338902448309265,0.36894666569018414,0.36894666569018414
8,-100.0,-3.180188e-06,78.94223115577886,78.94223115577886,32.040201005025125,1.5159214488408335,0.4139472297664659,0.4139472297664659
