Num,Voltage,Ileak[nA],CCE[a.u.],CCE2[a.u.],MPV[mV],Noise[mV],Error mu,Error mean
0,-900.0,-1.560968e-05,1538.567164712451,1538.567164712451,493.22613065326635,3.3684592563344737,0.6973375695436036,0.6973375695436036
1,-800.0,-1.413336e-05,1331.9576013400335,1331.9576013400335,429.70854271356785,3.395384436579783,0.6572993023118412,0.6572993023118412
2,-700.0,-1.265761e-05,1121.6956605248463,1121.6956605248463,365.7889447236181,3.4002791108423662,0.5594571653831326,0.5594571653831326
3,-600.0,-1.123965e-05,932.2342199888329,932.2342199888329,306.93467336683415,3.4971980829467553,0.5083472795039448,0.5083472795039448
4,-500.0,-1.049982e-05,766.1977621440533,766.1977621440533,256.20100502512565,3.453280306562236,0.47467634556378835,0.47467634556378835
5,-400.0,-8.651311e-06,610.8089424902288,610.8089424902288,207.39698492462313,3.4174428309967952,0.47469386479712156,0.47469386479712156
6,-300.0,-7.036312e-06,464.0505817978782,464.0505817978782,159.55778894472363,3.3774298671156533,0.3954035924941598,0.3954035924941598
7,-200.0,-5.294808e-06,323.51378224455607,323.51378224455607,111.59798994974874,3.3569714120632286,0.3641646305704341,0.3641646305704341
8,-100.0,-3.555005e-06,184.56879955332212,184.56879955332212,64.92462311557789,3.317036592416985,0.4081795706084666,0.4081795706084666
