Num,Voltage,Ileak[nA],CCE[a.u.],CCE2[a.u.],MPV[mV],Noise[mV],Error mu,Error mean
0,-900.0,-3.763453e-05,911.8208107202678,911.8208107202678,329.8492462311558,3.627639919595722,0.5355927233160342,0.5355927233160342
1,-800.0,-3.359601e-05,794.5313232830821,794.5313232830821,293.4673366834171,3.6748494778689813,0.5090403829800425,0.5090403829800425
2,-700.0,-2.963639e-05,680.956426577331,680.956426577331,256.88442211055275,3.569335183187777,0.48105522342759094,0.48105522342759094
3,-600.0,-2.605131e-05,581.0211948632048,581.0211948632048,224.321608040201,3.574435786031544,0.4098022601656271,0.4098022601656271
4,-500.0,-2.242932e-05,491.89451256281393,491.89451256281393,192.0,3.566844160993294,0.37133883947423263,0.37133883947423263
5,-400.0,-1.878232e-05,401.6019296482411,401.6019296482411,159.79899497487438,3.7927365665364405,0.3726795918454174,0.3726795918454174
6,-300.0,-1.565593e-05,312.334633165829,312.334633165829,126.5929648241206,3.83372384303295,0.4007123115705446,0.4007123115705446
7,-200.0,-1.193038e-05,224.87377331099938,224.87377331099938,94.31155778894473,3.563970497207965,0.3655035078515802,0.3655035078515802
8,-100.0,-8.144561e-06,132.05267225013955,132.05267225013955,57.28643216080402,3.5634193528024265,0.38746628084156387,0.38746628084156387
