Num,Voltage,Ileak[nA],CCE[a.u.],CCE2[a.u.],MPV[mV],Noise[mV],Error mu,Error mean
0,-900.0,-0.0001049865,1713.0090630932439,1713.0090630932439,547.2160804020101,1.4551921989376035,0.9832623115384725,0.9832623115384725
1,-800.0,-1.245502e-05,1461.6475622557232,1461.6475622557232,473.52763819095475,1.4629870425054499,0.7161975668892162,0.7161975668892162
2,-700.0,-1.060884e-05,1232.3386532663312,1232.3386532663312,404.62311557788945,1.4229609987749807,0.6005713435730623,0.6005713435730623
3,-600.0,-9.530602e-06,1020.4007950865437,1020.4007950865437,338.0100502512563,1.4745140929202847,0.6445299174858172,0.6445299174858172
4,-500.0,-7.753959e-06,832.2915019542153,832.2915019542153,277.90954773869345,1.417816853721728,0.5108453918853076,0.5108453918853076
5,-400.0,-6.33685e-06,659.0810764935788,659.0810764935788,219.73869346733667,1.4593776259455706,0.49616013099607403,0.49616013099607403
6,-300.0,-5.011551e-06,495.5822847571189,495.5822847571189,165.90954773869348,1.4350768749076444,0.4628178185282668,0.4628178185282668
7,-200.0,-3.769341e-06,343.7878458961473,343.7878458961473,112.88442211055276,1.3301606149849925,0.42574875745506563,0.42574875745506563
8,-100.0,-2.469887e-06,193.01738916806252,193.01738916806252,63.75879396984924,1.3485834812458504,0.44238384360105265,0.44238384360105265
