Num,Voltage,Ileak[nA],CCE[a.u.],CCE2[a.u.],MPV[mV],Noise[mV],Error mu,Error mean
0,-900.0,-2.951617e-05,830.8609000558345,830.8609000558345,279.43718592964825,2.535599132306193,1.322501780411774,1.322501780411774
1,-800.0,-2.592737e-05,709.8301641541037,709.8301641541037,240.88442211055278,2.502253691547591,1.1869352174048353,1.1869352174048353
2,-700.0,-2.237434e-05,602.3356605248463,602.3356605248463,203.49748743718592,2.4205006080258404,1.0542288839385356,1.0542288839385356
3,-600.0,-1.883914e-05,499.0411792294806,499.0411792294806,168.04020100502512,2.370569163364711,1.1959438258469028,1.1959438258469028
4,-500.0,-1.567534e-05,406.26624678950293,406.26624678950293,135.59798994974875,2.24075929666606,1.0531177922801689,1.0531177922801689
5,-400.0,-1.271845e-05,317.9362054718034,317.9362054718034,106.49246231155779,2.104538812955182,0.998371491376071,0.998371491376071
6,-300.0,-1.049985e-05,236.18381686208818,236.18381686208818,79.27638190954774,2.040519620113767,0.9362264653825225,0.9362264653825225
7,-200.0,-7.64362e-06,159.89769290898937,159.89769290898937,52.743718592964825,1.9973900451535165,0.7802561537775018,0.7802561537775018
8,-100.0,-4.603205e-06,90.14301730876603,90.14301730876603,31.195979899497488,1.8362549792078424,0.7960545395573438,0.7960545395573438
