Num,Voltage,Ileak[nA],CCE[a.u.],CCE2[a.u.],MPV[mV],Noise[mV],Error mu,Error mean
0,-900.0,-1.566891e-05,1276.7053042992738,1276.7053042992738,409.2462311557789,1.8699040639644162,1.2678799828572422,1.2678799828572422
1,-800.0,-1.40394e-05,1064.463365717476,1064.463365717476,342.07035175879395,2.36586619992221,0.9015372454675811,0.9015372454675811
2,-700.0,-1.231462e-05,901.2979385817977,901.2979385817977,290.89447236180905,2.359491033084498,0.9126570728300535,0.9126570728300535
3,-600.0,-1.073367e-05,756.2362032384141,756.2362032384141,246.15075376884423,2.0672223476918044,0.7387308395971997,0.7387308395971997
4,-500.0,-9.774871e-06,614.4543696259072,614.4543696259072,199.71859296482413,2.090396557070631,0.7223056696515792,0.7223056696515792
5,-400.0,-7.999689e-06,488.3460145170295,488.3460145170295,158.63316582914572,1.9015383337613934,0.6747088267672923,0.6747088267672923
6,-300.0,-6.568926e-06,370.59417978782795,370.59417978782795,118.51256281407035,1.8437826890917512,0.633932694416373,0.633932694416373
7,-200.0,-4.872333e-06,256.3368665549972,256.3368665549972,79.87939698492463,1.7784393102655462,0.6013003358105758,0.6013003358105758
8,-100.0,-3.258477e-06,144.91719039642658,144.91719039642658,42.050251256281406,1.7119216286307264,0.5661726911896714,0.5661726911896714
