Num,Voltage,Ileak[nA],CCE[a.u.],CCE2[a.u.],MPV[mV],Noise[mV],Error mu,Error mean
0,-900.0,-3.218316e-05,895.1793098827469,895.1793098827469,310.2713567839196,2.674350603826565,0.6576964733736,0.6576964733736
1,-800.0,-2.878604e-05,785.4775209380233,785.4775209380233,273.80904522613065,2.0571538374537335,0.45268358581478435,0.45268358581478435
2,-700.0,-2.588139e-05,676.7373757677274,676.7373757677274,239.23618090452263,1.7130522227739278,0.5004766547732852,0.5004766547732852
3,-600.0,-2.243658e-05,571.8792361809045,571.8792361809045,205.26633165829145,1.4762030679459062,0.44446329035057097,0.44446329035057097
4,-500.0,-1.923418e-05,478.73063093243985,478.73063093243985,173.42713567839195,1.4054864607780848,0.40411885773598183,0.40411885773598183
5,-400.0,-1.619778e-05,391.3819050809603,391.3819050809603,142.47236180904522,1.3752564909721163,0.38744233564288383,0.38744233564288383
6,-300.0,-1.316744e-05,303.63602903405905,303.63602903405905,111.47738693467336,1.276519344488086,0.4271036516185352,0.4271036516185352
7,-200.0,-1.001377e-05,216.97597319932993,216.97597319932993,79.71859296482413,1.2385157687759873,0.3545654295382563,0.3545654295382563
8,-100.0,-6.869989e-06,124.94495589056392,124.94495589056392,47.8391959798995,1.2547849589748434,0.4229515484606418,0.4229515484606418
