Num,Voltage,Ileak[nA],CCE[a.u.],CCE2[a.u.],MPV[mV],Noise[mV],Error mu,Error mean
0,-900.0,-2.076707e-05,1292.1463673925182,1292.1463673925182,465.0854271356784,5.654016765682749,0.638513025077823,0.638513025077823
1,-800.0,-1.759818e-05,1088.551629257398,1088.551629257398,402.93467336683415,5.635850647778323,0.61932976007988,0.61932976007988
2,-700.0,-1.492115e-05,897.6942490228921,897.6942490228921,342.1105527638191,5.485671347223981,0.5673515547275337,0.5673515547275337
3,-600.0,-1.236925e-05,727.6856996091569,727.6856996091569,287.27638190954775,5.444655492309198,0.4782937635916385,0.4782937635916385
4,-500.0,-1.04998e-05,585.131935231714,585.131935231714,238.39195979899498,5.514708715510328,0.4759998548951962,0.4759998548951962
5,-400.0,-8.258503e-06,452.23120044667775,452.23120044667775,191.11557788944722,5.402841747675528,0.4451809009141619,0.4451809009141619
6,-300.0,-6.369518e-06,327.168571747627,327.168571747627,145.64824120603015,5.368881955113721,0.4149480303618249,0.4149480303618249
7,-200.0,-4.567801e-06,213.5905661641541,213.5905661641541,104.68341708542714,5.4371080700894625,0.39652881245703114,0.39652881245703114
8,-100.0,-2.907009e-06,108.63740926856507,108.63740926856507,69.1859296482412,5.4476919966543385,0.3079303782291495,0.3079303782291495
