Num,Voltage,Ileak[nA],CCE[a.u.],CCE2[a.u.],MPV[mV],Noise[mV],Error mu,Error mean
0,-900.0,-2.189879e-05,1240.9774919039642,1240.9774919039642,411.9396984924623,4.351405712740638,0.6700368503504293,0.6700368503504293
1,-800.0,-1.967812e-05,1059.1662132886654,1059.1662132886654,355.5778894472362,4.41633007414887,0.6476092893599767,0.6476092893599767
2,-700.0,-1.740132e-05,888.5614025683974,888.5614025683974,304.20100502512565,4.408075788888593,0.5592888679064995,0.5592888679064995
3,-600.0,-1.493666e-05,737.790713567839,737.790713567839,256.321608040201,4.412447490098221,0.49914705671074766,0.49914705671074766
4,-500.0,-1.265593e-05,599.8519173646007,599.8519173646007,210.25125628140702,4.502548766615943,0.5090233311016392,0.5090233311016392
5,-400.0,-1.043928e-05,476.65795644891125,476.65795644891125,168.24120603015075,4.516687227650961,0.40156653598512715,0.40156653598512715
6,-300.0,-8.793019e-06,360.1708453378,360.1708453378,128.0,4.567837884228709,0.46132363211044713,0.46132363211044713
7,-200.0,-6.459825e-06,247.67574762702398,247.67574762702398,88.60301507537689,4.592131726442387,0.47670065689697644,0.47670065689697644
8,-100.0,-4.138951e-06,139.223548855388,139.223548855388,51.21608040201005,4.591575443740968,0.4794660074992169,0.4794660074992169
