Num,Voltage,Ileak[nA],CCE[a.u.],CCE2[a.u.],MPV[mV],Noise[mV],Error mu,Error mean
0,-900.0,-2.211863e-05,1200.5111245114458,1200.5111245114458,393.8894472361809,3.69020352414069,0.5773946998512988,0.5773946998512988
1,-800.0,-2.007122e-05,1025.7211390284756,1025.7211390284756,339.4572864321608,4.076758749019546,0.7537592945027768,0.7537592945027768
2,-700.0,-1.778119e-05,844.7845628140702,844.7845628140702,283.09547738693465,4.835443440001096,0.5336727717557662,0.5336727717557662
3,-600.0,-1.549074e-05,700.821011725293,700.821011725293,239.63819095477388,5.013636268031524,0.5055833802409644,0.5055833802409644
4,-500.0,-1.332833e-05,575.6476962590731,575.6476962590731,198.07035175879398,5.31798192231473,0.4891519049139598,0.4891519049139598
5,-400.0,-1.104481e-05,456.91781574539357,456.91781574539357,158.23115577889448,5.318280947997625,0.4671973741105923,0.4671973741105923
6,-300.0,-9.282705e-06,343.34629592406475,343.34629592406475,119.43718592964824,5.288937034658951,0.4510806589911489,0.4510806589911489
7,-200.0,-6.94475e-06,236.48963037409266,236.48963037409266,81.64824120603015,5.277272136635532,0.3959190000798755,0.3959190000798755
8,-100.0,-4.381362e-06,132.54771635957562,132.54771635957562,47.63819095477387,5.287999641177084,0.4424859601287084,0.4424859601287084
