Num,Voltage,Ileak[nA],CCE[a.u.],CCE2[a.u.],MPV[mV],Noise[mV],Error mu,Error mean
0,-900.0,-3.514252e-05,911.7397297599103,911.7397297599103,323.1758793969849,1.3675129781495134,0.5144470187772149,0.5144470187772149
1,-800.0,-3.140331e-05,789.7306264656614,789.7306264656614,285.54773869346735,1.387768868478439,0.5005097826197169,0.5005097826197169
2,-700.0,-2.790366e-05,678.2145750977104,678.2145750977104,249.64824120603015,1.4915671793109395,0.406696026561818,0.406696026561818
3,-600.0,-2.428894e-05,578.6753143495253,578.6753143495253,216.60301507537687,1.791607529239129,0.42650754587392053,0.42650754587392053
4,-500.0,-2.112223e-05,485.6775254048016,485.6775254048016,184.08040201005025,1.871923947901952,0.4220728762280714,0.4220728762280714
5,-400.0,-1.790749e-05,394.45018872138456,394.45018872138456,151.23618090452263,1.752320955610868,0.3753464176453685,0.3753464176453685
6,-300.0,-1.442025e-05,303.1658559463986,303.1658559463986,118.07035175879398,1.8649800405778458,0.4069850393774786,0.4069850393774786
7,-200.0,-1.111364e-05,216.1980926856504,216.1980926856504,84.94472361809045,1.8065472203235544,0.35650234654044183,0.35650234654044183
8,-100.0,-7.75544e-06,124.74759575656054,124.74759575656054,48.52261306532663,1.8279256976652647,0.33000507281412816,0.33000507281412816
