Num,Voltage,Ileak[nA],CCE[a.u.],CCE2[a.u.],MPV[mV],Noise[mV],Error mu,Error mean
0,-900.0,-2.26238e-05,1213.9122099385818,1213.9122099385818,401.80904522613065,2.0879689922960467,0.6312634656306889,0.6312634656306889
1,-800.0,-2.079922e-05,1076.456361809045,1076.456361809045,359.95979899497485,2.112189841280357,0.5526522844884094,0.5526522844884094
2,-700.0,-1.864008e-05,913.0984879955331,913.0984879955331,309.3467336683417,1.9342189364000826,0.5253408084769925,0.5253408084769925
3,-600.0,-1.669728e-05,762.5011635957565,762.5011635957565,262.95477386934675,1.905012242472364,0.4989177116963235,0.4989177116963235
4,-500.0,-1.461332e-05,628.2027024008933,628.2027024008933,219.1356783919598,1.9541570701954671,0.4523384580484593,0.4523384580484593
5,-400.0,-1.233828e-05,504.55907984366263,504.55907984366263,177.60804020100502,2.0244464795934145,0.46494237202615474,0.46494237202615474
6,-300.0,-1.001947e-05,383.48474818537125,383.48474818537125,136.40201005025125,2.0593674001683246,0.42598427771499575,0.42598427771499575
7,-200.0,-8.073184e-06,266.4621060859854,266.4621060859854,96.20100502512562,2.230761368642157,0.4045216399411038,0.4045216399411038
8,-100.0,-5.107699e-06,149.3810385259631,149.3810385259631,55.79899497487437,2.449145396645481,0.37343911112813266,0.37343911112813266
