Num,Voltage,Ileak[nA],CCE[a.u.],CCE2[a.u.],MPV[mV],Noise[mV],Error mu,Error mean
0,-900.0,-2.476232e-05,1144.793317699609,1144.793317699609,395.7788944723618,2.1042245460189233,0.5639406027498051,0.5639406027498051
1,-800.0,-2.276891e-05,1053.9369022892238,1053.9369022892238,365.86934673366835,1.9122415654305724,0.6534372358333554,0.6534372358333554
2,-700.0,-2.071619e-05,936.8773288665546,936.8773288665546,327.59798994974875,1.7552854816485033,0.5133045149784586,0.5133045149784586
3,-600.0,-1.881474e-05,780.1827269681739,780.1827269681739,278.39195979899495,1.6455076677675875,0.47592223980337656,0.47592223980337656
4,-500.0,-1.651172e-05,641.8215343383582,641.8215343383582,232.88442211055278,1.5783539807050317,0.4156799901032675,0.4156799901032675
5,-400.0,-1.422565e-05,520.8109704075935,520.8109704075935,192.0,1.5570848918009945,0.4191821462258951,0.4191821462258951
6,-300.0,-1.156326e-05,404.2055254048017,404.2055254048017,151.8391959798995,1.5182505972199303,0.39277261192658747,0.39277261192658747
7,-200.0,-9.434019e-06,292.3609514237855,292.3609514237855,109.78894472361809,1.4566446150144479,0.3772953997703837,0.3772953997703837
8,-100.0,-6.072199e-06,167.819309882747,167.819309882747,63.91959798994975,1.4512598387399929,0.35835128056584553,0.35835128056584553
