Num,Voltage,Ileak[nA],CCE[a.u.],CCE2[a.u.],MPV[mV],Noise[mV],Error mu,Error mean
0,-900.0,-1.962879e-05,1559.3580167504185,1559.3580167504185,517.8291457286432,3.2311880638845287,0.7869179445068731,0.7869179445068731
1,-800.0,-1.844134e-05,1474.4591044109434,1474.4591044109434,487.47738693467335,3.173923487610883,0.7418531741615507,0.7418531741615507
2,-700.0,-1.715483e-05,1364.3911825795647,1364.3911825795647,450.1708542713568,3.203249880976661,0.5946613735389779,0.5946613735389779
3,-600.0,-1.590319e-05,1216.847562255723,1216.847562255723,402.3316582914573,3.1097286920091776,0.6801939655026816,0.6801939655026816
4,-500.0,-1.463746e-05,1011.3340390843103,1011.3340390843103,338.2110552763819,3.0399494748027553,0.6683181833942633,0.6683181833942633
5,-400.0,-1.299969e-05,802.6023807928528,802.6023807928528,275.33668341708545,2.9786370304002565,0.5633584859286673,0.5633584859286673
6,-300.0,-1.094406e-05,611.956136236739,611.956136236739,215.71859296482413,3.0386015986692474,0.455806512518745,0.455806512518745
7,-200.0,-9.018388e-06,436.27358123953087,436.27358123953087,156.7035175879397,3.068391361363953,0.5093328052781259,0.5093328052781259
8,-100.0,-5.934618e-06,254.72964824120595,254.72964824120595,93.90954773869346,2.9689288225568133,0.40823174299007664,0.40823174299007664
