Num,Voltage,Ileak[nA],CCE[a.u.],CCE2[a.u.],MPV[mV],Noise[mV],Error mu,Error mean
0,-900.0,-0.0001049865,1079.8038726968173,1079.8038726968173,349.70854271356785,2.318418580622648,0.5996498102047142,0.5996498102047142
1,-800.0,-1.168403e-05,893.8237141261864,893.8237141261864,295.8793969849246,2.294478685225399,0.5630125411671113,0.5630125411671113
2,-700.0,-9.920409e-06,735.3669503070909,735.3669503070909,247.91959798994975,2.3142867283307433,0.4655444445670279,0.4655444445670279
3,-600.0,-7.771378e-06,603.3860323841428,603.3860323841428,206.4321608040201,2.125358846840629,0.4678768127280157,0.4678768127280157
4,-500.0,-6.157517e-06,479.3853891680625,479.3853891680625,166.83417085427135,2.3559253581557345,0.4553870301508061,0.4553870301508061
5,-400.0,-4.777154e-06,375.5530005583472,375.5530005583472,131.41708542713567,2.2044256620285494,0.4648092953519378,0.4648092953519378
6,-300.0,-3.712777e-06,291.0380882188721,291.0380882188721,101.82914572864321,1.6939775557427106,0.4208750788952732,0.4208750788952732
7,-200.0,-2.759529e-06,205.38094919039642,205.38094919039642,71.19597989949749,1.243556122717113,0.3552779106633904,0.3552779106633904
8,-100.0,-1.759077e-06,115.59768620882184,115.59768620882184,40.20100502512563,1.139782236008656,0.448559954962776,0.448559954962776
