Num,Voltage,Ileak[nA],CCE[a.u.],CCE2[a.u.],MPV[mV],Noise[mV],Error mu,Error mean
0,-900.0,-2.176095e-05,926.7296303740924,926.7296303740924,329.1256281407035,2.583016092069921,0.9805394630706553,0.9805394630706553
1,-800.0,-1.861729e-05,780.7771658291455,780.7771658291455,282.1708542713568,2.3348563908538518,0.7217976286948868,0.7217976286948868
2,-700.0,-1.567459e-05,646.9378179787826,646.9378179787826,237.5075376884422,2.3659549062526994,0.43954859115675565,0.43954859115675565
3,-600.0,-1.319668e-05,531.5297911781126,531.5297911781126,195.17587939698493,2.2621740351983175,0.46744147645051953,0.46744147645051953
4,-500.0,-1.06231e-05,407.95281295365714,407.95281295365714,153.80904522613065,2.7750251725365165,0.6967176882849974,0.6967176882849974
5,-400.0,-9.058857e-06,310.8091926298157,310.8091926298157,119.55778894472361,2.8407243728148885,0.5455393577694142,0.5455393577694142
6,-300.0,-7.000076e-06,237.56490898939137,237.56490898939137,89.00502512562814,2.219823221294694,0.4368707488737213,0.4368707488737213
7,-200.0,-5.04454e-06,164.88694137353434,164.88694137353434,63.11557788944724,1.954347785266511,0.4477450659101166,0.4477450659101166
8,-100.0,-3.198542e-06,88.70089112227804,88.70089112227804,34.89447236180904,1.6775089369815321,0.41757583618093647,0.41757583618093647
