Num,Voltage,Ileak[nA],CCE[a.u.],CCE2[a.u.],MPV[mV],Noise[mV],Error mu,Error mean
0,-900.0,-1.484264e-05,1466.7660256839754,1466.7660256839754,466.61306532663315,6.53674948059853,0.6783587592263729,0.6783587592263729
1,-800.0,-1.332771e-05,1253.8254651032942,1253.8254651032942,400.643216080402,6.948608603443913,0.6802318080486799,0.6802318080486799
2,-700.0,-1.194453e-05,1067.3896951423785,1067.3896951423785,344.0,7.338688879436383,0.6401547106554465,0.6401547106554465
3,-600.0,-1.054312e-05,892.8815991066441,892.8815991066441,290.3718592964824,7.390498410877968,0.6353125496447527,0.6353125496447527
4,-500.0,-9.648791e-06,737.1019363484086,737.1019363484086,240.88442211055278,6.9290343883019165,0.4937181783582128,0.4937181783582128
