Num,Voltage,Ileak[nA],CCE[a.u.],CCE2[a.u.],MPV[mV],Noise[mV],Error mu,Error mean
0,-900.0,-2.135129e-05,1012.8259073143495,1012.8259073143495,330.57286432160805,1.9077863364947503,0.7836709929741346,0.7836709929741346
1,-800.0,-1.879285e-05,845.5751647124508,845.5751647124508,278.23115577889445,2.1326655852878478,0.8069909085781056,0.8069909085781056
2,-700.0,-1.627729e-05,730.1624745951981,730.1624745951981,243.7788944723618,1.5829751174293754,1.1043026348572331,1.1043026348572331
3,-600.0,-1.384705e-05,613.4117520938022,613.4117520938022,207.31658291457288,1.3428999492838536,0.5640474813073305,0.5640474813073305
4,-500.0,-1.159516e-05,500.30157900614176,500.30157900614176,168.20100502512562,1.3425188937260497,0.517329250417229,0.517329250417229
5,-400.0,-1.001341e-05,393.6294271356782,393.6294271356782,131.01507537688443,1.3068073413108852,0.5301434536492053,0.5301434536492053
6,-300.0,-7.77698e-06,294.03876270240085,294.03876270240085,96.36180904522612,1.349247976784193,0.47612085240818186,0.47612085240818186
7,-200.0,-5.70213e-06,200.19114237855942,200.19114237855942,64.84422110552764,1.3182013826643593,0.5238161505137464,0.5238161505137464
8,-100.0,-3.601336e-06,111.92256393076491,111.92256393076491,35.57788944723618,1.2827018002856254,0.5581774138873404,0.5581774138873404
