Num,Voltage,Ileak[nA],CCE[a.u.],CCE2[a.u.],MPV[mV],Noise[mV],Error mu,Error mean
0,-900.0,-1.481501e-05,1209.3242844444444,1209.3242844444444,410.68,3.075608694145953,0.739304849706808,0.739304849706808
1,-800.0,-1.177212e-05,984.7158399999997,984.7158399999997,344.56,3.138021740594613,0.7294440535092473,0.7294440535092473
2,-700.0,-9.717927e-06,788.4681777777778,788.4681777777778,284.44,3.3407555514166236,0.8146922776116137,0.8146922776116137
3,-600.0,-7.378969e-06,652.4152888888889,652.4152888888889,235.2,3.0712831596766814,0.5431200412431858,0.5431200412431858
4,-500.0,-5.734794e-06,520.5481777777777,520.5481777777777,189.8,3.011989170868995,0.5261844665134076,0.5261844665134076
5,-400.0,-4.425181e-06,399.60968888888885,399.60968888888885,147.96,3.0582224725088305,0.5505738213900118,0.5505738213900118
6,-300.0,-3.386225e-06,284.8548622222222,284.8548622222222,110.4,3.249853208460839,0.4176010881211879,0.4176010881211879
7,-200.0,-2.499568e-06,183.58311111111107,183.58311111111107,75.48,3.2885130415875437,0.623715052888737,0.623715052888737
8,-100.0,-1.56931e-06,86.69955555555556,86.69955555555556,47.04,3.5590840824814522,0.43348188797226594,0.43348188797226594
