Num,Voltage,Ileak[nA],CCE[a.u.],CCE2[a.u.],MPV[mV],Noise[mV],Error mu,Error mean
0,-900.0,-2.275289e-05,1226.4605516471245,1226.4605516471245,398.4321608040201,6.802633296845793,0.6489791866997193,0.6489791866997193
1,-800.0,-2.066734e-05,1068.6966566164153,1068.6966566164153,349.7889447236181,9.295669447001517,0.5909624064178083,0.5909624064178083
2,-700.0,-1.833696e-05,894.3537241764377,894.3537241764377,295.59798994974875,7.715654361305092,0.5941707913979132,0.5941707913979132
3,-600.0,-1.629799e-05,753.0758860971525,753.0758860971525,251.89949748743717,9.476901663387913,0.4913683688160146,0.4913683688160146
4,-500.0,-1.395438e-05,617.1047057509771,617.1047057509771,207.59798994974875,9.303323680649621,0.4914579277987045,0.4914579277987045
5,-400.0,-1.161405e-05,499.5575030709102,499.5575030709102,168.44221105527637,10.192327310285664,0.4505625405251457,0.4505625405251457
6,-300.0,-9.937056e-06,385.280625348967,385.280625348967,128.76381909547737,10.407174526615936,0.3834286443954514,0.3834286443954514
7,-200.0,-7.346819e-06,273.00834840871016,273.00834840871016,89.8894472361809,10.272388549153211,0.44300469585874197,0.44300469585874197
8,-100.0,-4.689019e-06,162.57293579006142,162.57293579006142,54.63316582914573,10.346347190549617,0.4236039195029506,0.4236039195029506
