Num,Voltage,Ileak[nA],CCE[a.u.],CCE2[a.u.],MPV[mV],Noise[mV],Error mu,Error mean
0,-900.0,-1.954856e-05,1060.1107225013957,1060.1107225013957,403.7386934673367,1.0705181083118793,0.5008374640269667,0.5008374640269667
1,-800.0,-1.81105e-05,930.2495410385256,930.2495410385256,360.4824120603015,0.9748400645560417,0.4873954067915647,0.4873954067915647
2,-700.0,-1.641516e-05,808.9818872138469,808.9818872138469,319.5577889447236,0.9727427747814203,0.4406974654434737,0.4406974654434737
3,-600.0,-1.430053e-05,697.2421753210493,697.2421753210493,279.11557788944725,0.983795405248105,0.43803409255197645,0.43803409255197645
4,-500.0,-1.253628e-05,591.1752540480177,591.1752540480177,238.07035175879398,1.0634375805956524,0.37260730711958706,0.37260730711958706
5,-400.0,-1.059179e-05,482.3375723059741,482.3375723059741,193.4070351758794,1.0272516876424111,0.41097491319203294,0.41097491319203294
6,-300.0,-9.174893e-06,373.14331658291445,373.14331658291445,151.75879396984925,1.0900978976351736,0.3954195633288731,0.3954195633288731
7,-200.0,-6.915693e-06,269.209156895589,269.209156895589,109.50753768844221,1.1179115646691964,0.37808946661749754,0.37808946661749754
8,-100.0,-4.623726e-06,160.73687548855384,160.73687548855384,64.56281407035176,1.1905651968193003,0.38710530256216474,0.38710530256216474
