Num,Voltage,Ileak[nA],CCE[a.u.],CCE2[a.u.],MPV[mV],Noise[mV],Error mu,Error mean
0,-700.0,-0.000104985,3247.350798436628,3247.350798436628,855.1155778894472,1.8337226089436112,0.8992551288708132,0.8992551288708132
1,-600.0,2.813638e-08,3257.532712451144,3257.532712451144,834.251256281407,1.8088754254395485,0.9007560202602575,0.9007560202602575
2,-500.0,0.0001049612,3272.8671446119483,3272.8671446119483,807.678391959799,1.7752402704761152,1.0989266421582846,1.0989266421582846
3,-400.0,5.787604e-08,3298.7452998324966,3298.7452998324966,771.3768844221106,1.824554278100562,1.0383534209688838,1.0383534209688838
