Num,Voltage,Ileak[nA],CCE[a.u.],CCE2[a.u.],MPV[mV],Noise[mV],Error mu,Error mean
0,-700.0,-0.0001049849,3666.36751758794,3666.36751758794,939.0150753768844,1.6758964654156732,0.8487580865711244,0.8487580865711244
1,-600.0,2.923069e-08,3699.6147671691797,3699.6147671691797,924.2211055276382,1.6821765640178954,0.8880305405336689,0.8880305405336689
2,-500.0,0.0001049613,3717.078244556114,3717.078244556114,897.7688442211055,1.6839080594395335,0.8702576608585929,0.8702576608585929
3,-400.0,7.441781e-08,3769.6910329424904,3769.6910329424904,864.5226130653266,1.6598706214213104,1.0793986586015054,1.0793986586015054
