Num,Voltage,Ileak[nA],CCE[a.u.],CCE2[a.u.],MPV[mV],Noise[mV],Error mu,Error mean
0,-700.0,-0.0001049848,3027.194693467337,3027.194693467337,807.8391959798995,1.9295899628273772,0.8831045489789334,0.8831045489789334
1,-600.0,3.187538e-08,3047.138626465663,3047.138626465663,790.070351758794,1.891873894609433,0.8854586560081452,0.8854586560081452
2,-500.0,0.0001049614,3060.3842680067005,3060.3842680067005,763.6582914572864,1.8765259019987441,1.0026459331469697,1.0026459331469697
3,-400.0,6.785913e-08,3096.6285293132323,3096.6285293132323,729.9698492462312,1.782972861606253,0.9245429595381853,0.9245429595381853
