time (13.11.2024);set voltage (V);real voltage (V);serial capacitance;1/serial capacitance^2;parallel capacitance;LCR frequency (Hz);r;delta r;x;delta x;sample current
13:25:37;-5;-4.98281;9.319272341252625e-11;1.1514258968607783e+20;6.811802018893296e-11;2000.0;518077.85;18.294845585574098;-853902.2;67.20742518501956;-7.34306e-07
13:25:52;-10;-10.00185;9.264546667293909e-11;1.1650690179046028e+20;6.955388486851155e-11;2000.0;494916.7;147.1653508812451;-858946.2;90.52526166766931;-2.474289e-05
