Num,Voltage,Ileak[nA],CCE[a.u.],CCE2[a.u.],MPV[mV],Noise[mV],Error mu,Error mean
0,-700.0,2.559839e-08,2987.4554103852606,2987.4554103852606,797.3065326633166,2.1304083168827477,1.3585541460024335,1.3585541460024335
1,-600.0,0.0001049617,3003.90303517588,3003.90303517588,778.3718592964824,1.9944997584803215,0.8436150042652463,0.8436150042652463
2,-500.0,6.044525e-08,3014.293654941374,3014.293654941374,753.286432160804,2.003861382459461,1.0077108332768017,1.0077108332768017
3,-400.0,0.0001049622,3044.0030016750425,3044.0030016750425,719.9597989949749,2.000569377074987,0.9016173066193679,0.9016173066193679
