Num,Voltage,Ileak[nA],CCE[a.u.],CCE2[a.u.],MPV[mV],Noise[mV],Error mu,Error mean
0,-700.0,-0.000104985,2948.681934115021,2948.681934115021,787.4572864321608,2.115746223942912,0.8823537606830202,0.8823537606830202
1,-600.0,3.371631e-08,2964.4146599664996,2964.4146599664996,769.1256281407035,2.1265469316161925,0.8163475058538721,0.8163475058538721
2,-500.0,0.0001049614,2990.5033076493587,2990.5033076493587,745.8894472361809,2.0268842327340435,1.2966582068370154,1.2966582068370154
3,-400.0,6.762579e-08,3014.577795644891,3014.577795644891,711.1155778894472,2.004343770186787,0.9926565502965053,0.9926565502965053
