Num,Voltage,Ileak[nA],CCE[a.u.],CCE2[a.u.],MPV[mV],Noise[mV],Error mu,Error mean
0,-700.0,-9.929538e-08,3277.9276471245116,3277.9276471245116,859.9396984924623,5.208697227462227,1.3183675755438975,1.3183675755438975
1,-600.0,-9.273424e-08,3306.228797319933,3306.228797319933,843.2562814070352,4.964798757555978,0.930733468979167,0.930733468979167
2,-500.0,-8.817343e-08,3333.231669458403,3333.231669458403,819.1758793969849,4.89006829035522,1.0802146193436861,1.0802146193436861
3,-400.0,-9.77041e-08,3339.0971747627013,3339.0971747627013,776.321608040201,5.129361820107742,0.9375344435006894,0.9375344435006894
