Num,Voltage,Ileak[nA],CCE[a.u.],CCE2[a.u.],MPV[mV],Noise[mV],Error mu,Error mean
0,-900.0,-3.529934e-05,1168.0275689558905,1168.0275689558905,429.58793969849245,1.1377694402403202,0.5773419695741098,0.5773419695741098
1,-800.0,-3.16223e-05,1040.9083640424342,1040.9083640424342,388.02010050251255,1.1641610396568096,0.47771295503925276,0.47771295503925276
2,-700.0,-2.81211e-05,913.0732060301506,913.0732060301506,344.643216080402,1.224213565684531,0.47234184523321665,0.47234184523321665
3,-600.0,-2.512693e-05,802.544920156337,802.544920156337,306.13065326633165,1.2037359323067272,0.44046034277273854,0.44046034277273854
4,-500.0,-2.207363e-05,691.9420033500836,691.9420033500836,264.6030150753769,1.1658466661499487,0.4336654325525876,0.4336654325525876
5,-400.0,-1.887729e-05,576.1076493579005,576.1076493579005,222.83417085427135,1.1800116477785574,0.4290724048541878,0.4290724048541878
6,-300.0,-1.574325e-05,458.4213869346733,458.4213869346733,176.84422110552765,1.2333121192903758,0.4413030237814079,0.4413030237814079
7,-200.0,-1.242967e-05,339.6610251256281,339.6610251256281,131.69849246231155,1.0295214539574984,0.5033419471107878,0.5033419471107878
8,-100.0,-8.764904e-06,207.66627805695137,207.66627805695137,80.56281407035176,1.1196026010669018,0.35241344443565575,0.35241344443565575
