Num,Voltage,Ileak[nA],CCE[a.u.],CCE2[a.u.],MPV[mV],Noise[mV],Error mu,Error mean
0,-900.0,-3.039988e-05,1297.9551803461752,1297.9551803461752,467.7386934673367,1.6601738653715685,0.5885182946239583,0.5885182946239583
1,-800.0,-2.746231e-05,1135.1760938023451,1135.1760938023451,418.2110552763819,1.6839613777114226,0.5438371321008294,0.5438371321008294
2,-700.0,-2.450544e-05,989.6497420435512,989.6497420435512,370.2110552763819,1.6136433647240715,0.4478813270219029,0.4478813270219029
3,-600.0,-2.181709e-05,858.7469793411499,858.7469793411499,325.3065326633166,1.6661477624765195,0.46826951249174403,0.46826951249174403
4,-500.0,-1.915184e-05,733.112745951982,733.112745951982,279.95979899497485,1.7230999668547016,0.413484717522546,0.413484717522546
5,-400.0,-1.630405e-05,610.521210496929,610.521210496929,234.13065326633165,1.5997075969509533,0.4855510745236789,0.4855510745236789
6,-300.0,-1.383504e-05,485.17294025683964,485.17294025683964,186.8140703517588,1.674134144513877,0.4298742062622873,0.4298742062622873
7,-200.0,-1.103603e-05,355.5536437744276,355.5536437744276,137.48743718592965,1.6542858600305883,0.46373686262470787,0.46373686262470787
8,-100.0,-7.777062e-06,217.38772082635396,217.38772082635396,83.89949748743719,1.6040029192977785,0.3409625303161531,0.3409625303161531
