Num,Voltage,Ileak[nA],CCE[a.u.],CCE2[a.u.],MPV[mV],Noise[mV],Error mu,Error mean
0,-900.0,-1.625984e-05,2231.887573333333,2231.887573333333,700.08,3.8055092227512004,0.7426157531321307,0.7426157531321307
1,-800.0,-1.530745e-05,2091.621084444444,2091.621084444444,659.2,3.8791983644326935,0.7182372733296358,0.7182372733296358
2,-700.0,-1.444048e-05,1941.9485511111104,1941.9485511111104,614.6,3.834426021398802,0.7033582165582433,0.7033582165582433
3,-600.0,-1.35798e-05,1727.6750755555556,1727.6750755555556,552.36,3.889479136159144,0.5541804586955397,0.5541804586955397
4,-500.0,-1.268662e-05,1442.0736711111113,1442.0736711111113,476.44,3.86040363782255,0.634320388447348,0.634320388447348
5,-400.0,-1.134478e-05,1155.27584,1155.27584,398.84,3.7751300787007476,0.4678516004033784,0.4678516004033784
6,-300.0,-1.049982e-05,911.8288177777778,911.8288177777778,320.8,3.7474206371981738,0.47658470306966527,0.47658470306966527
7,-200.0,-8.21029e-06,682.965671111111,682.965671111111,240.88,3.4563903171793777,0.8220500111307079,0.8220500111307079
8,-100.0,-7.702806e-06,422.5601244444444,422.5601244444444,144.88,3.12580001413959,0.5397027448512749,0.5397027448512749
