Num,Voltage,Ileak[nA],CCE[a.u.],CCE2[a.u.],MPV[mV],Noise[mV],Error mu,Error mean
0,-900.0,-2.658526e-05,1100.5656906756003,1100.5656906756003,322.1708542713568,2.958279746649882,0.8305573340803837,0.8305573340803837
1,-800.0,-2.182736e-05,1004.6983182579564,1004.6983182579564,295.47738693467335,3.0627968068827323,0.5369923953583924,0.5369923953583924
2,-700.0,-1.853955e-05,928.3405829145727,928.3405829145727,272.7638190954774,3.0029522886796465,0.6507462953735583,0.6507462953735583
3,-600.0,-1.641919e-05,876.9032719151311,876.9032719151311,256.0,2.601673306776149,0.5199450635542096,0.5199450635542096
4,-500.0,-1.448313e-05,803.031352317141,803.031352317141,232.72361809045225,2.4702473459971404,0.4348239940809124,0.4348239940809124
5,-400.0,-1.302995e-05,725.1655790061418,725.1655790061418,208.36180904522612,2.3342951411665167,0.4890083308281798,0.4890083308281798
6,-300.0,-1.172317e-05,603.5454427694024,603.5454427694024,172.98492462311557,2.2840167276056373,0.470779052830658,0.470779052830658
7,-200.0,-1.049988e-05,401.9596471245114,401.9596471245114,113.08542713567839,2.307170993958133,0.4077056711635253,0.4077056711635253
8,-100.0,-6.935205e-06,212.3182132886655,212.3182132886655,64.08040201005025,2.2960074351508286,0.4047414855855615,0.4047414855855615
