Num,Voltage,Ileak[nA],CCE[a.u.],CCE2[a.u.],MPV[mV],Noise[mV],Error mu,Error mean
0,-900.0,-3.258967e-05,1150.8649955555557,1150.8649955555557,430.36,1.461081013631709,0.4810431198967496,0.4810431198967496
1,-800.0,-2.873955e-05,1002.8492444444444,1002.8492444444444,383.4,1.6246119384693944,0.4927858569399097,0.4927858569399097
2,-700.0,-2.576152e-05,872.4840888888887,872.4840888888887,337.76,1.5871701659880297,0.4688597231582183,0.4688597231582183
3,-600.0,-2.273822e-05,751.488711111111,751.488711111111,295.52,1.581208476739731,0.45484191187708317,0.45484191187708317
4,-500.0,-1.982958e-05,639.9092977777777,639.9092977777777,253.04,1.6489088947573414,0.414285312315076,0.414285312315076
5,-400.0,-1.694051e-05,528.5155733333331,528.5155733333331,209.96,1.5745208795058896,0.4052641607643079,0.4052641607643079
6,-300.0,-1.428866e-05,419.31073777777766,419.31073777777766,167.96,1.5151550301642729,0.3894069336824911,0.3894069336824911
7,-200.0,-1.123731e-05,307.69015111111105,307.69015111111105,121.2,1.6696568583668194,0.3432138179036498,0.3432138179036498
8,-100.0,-7.941376e-06,183.3143111111111,183.3143111111111,72.64,1.6818766708062958,0.343060876230444,0.343060876230444
