Num,Voltage,Ileak[nA],CCE[a.u.],CCE2[a.u.],MPV[mV],Noise[mV],Error mu,Error mean
0,-900.0,-1.960211e-05,1574.2537422222224,1574.2537422222224,506.28,2.4814441334945103,0.7393759011490714,0.7393759011490714
1,-800.0,-1.791013e-05,1470.6369422222226,1470.6369422222226,471.32,2.5013228697562084,0.7166545477424924,0.7166545477424924
2,-700.0,-1.642116e-05,1363.4743466666669,1363.4743466666669,435.24,2.3593581047960197,0.7154393872299752,0.7154393872299752
3,-600.0,-1.527209e-05,1243.1720533333332,1243.1720533333332,394.8,2.329425680291174,0.5746775819535692,0.5746775819535692
4,-500.0,-1.399352e-05,1091.1912000000002,1091.1912000000002,345.24,2.264343417220787,0.6232971528893737,0.6232971528893737
5,-400.0,-1.291385e-05,872.0199288888888,872.0199288888888,280.44,2.303671133507998,0.5446604931514658,0.5446604931514658
6,-300.0,-1.117388e-05,653.2309688888888,653.2309688888888,216.72,2.330159704164841,0.4399156137260867,0.4399156137260867
7,-200.0,-9.57652e-06,469.43260444444445,469.43260444444445,158.84,2.3130994011296124,0.3917309117238516,0.3917309117238516
8,-100.0,-6.53606e-06,272.3245866666667,272.3245866666667,94.16,2.3782443571303227,0.41557268822673976,0.41557268822673976
