Num,Voltage,Ileak[nA],CCE[a.u.],CCE2[a.u.],MPV[mV],Noise[mV],Error mu,Error mean
0,-900.0,-1.94595e-05,1516.8120888888889,1516.8120888888889,488.56,3.201178640963048,0.7629969625103346,0.7629969625103346
1,-800.0,-1.774628e-05,1414.2019733333332,1414.2019733333332,453.72,3.2222649728964807,0.6921089948844769,0.6921089948844769
2,-700.0,-1.608158e-05,1311.2519111111108,1311.2519111111108,418.28,3.138361607630152,0.6038868874218056,0.6038868874218056
3,-600.0,-1.491424e-05,1191.023502222222,1191.023502222222,378.0,3.1573889509615887,0.585215874015735,0.585215874015735
4,-500.0,-1.364555e-05,1051.5726399999999,1051.5726399999999,331.32,3.2074698231887804,0.6893096279611951,0.6893096279611951
5,-400.0,-1.238734e-05,854.5315199999998,854.5315199999998,272.36,3.080029148491221,0.529288077326515,0.529288077326515
6,-300.0,-1.082393e-05,640.2809244444443,640.2809244444443,211.36,3.102593387538087,0.4431087848373128,0.4431087848373128
7,-200.0,-9.380937e-06,461.0922844444444,461.0922844444444,153.6,3.0146707864404174,0.4529565665712335,0.4529565665712335
8,-100.0,-6.37616e-06,268.21244444444443,268.21244444444443,89.52,3.1114733122492804,0.3562147487120655,0.3562147487120655
