Num,Voltage,Ileak[nA],CCE[a.u.],CCE2[a.u.],MPV[mV],Noise[mV],Error mu,Error mean
0,-900.0,-0.0001049914,1615.8368553880512,1615.8368553880512,512.0402010050251,0.9758918876814597,2.0467188748236045,2.0467188748236045
1,-800.0,-2.026256e-05,1503.3576888888888,1503.3576888888888,474.56,0.9791051596127184,0.6874117578278696,0.6874117578278696
2,-700.0,-1.850635e-05,1380.8092088888889,1380.8092088888889,434.12,0.9703423349074182,0.6074528485405245,0.6074528485405245
3,-600.0,-1.704753e-05,1246.3791466666669,1246.3791466666669,390.64,1.029221712428053,0.6167785625327734,0.6167785625327734
4,-500.0,-1.566775e-05,1079.6614222222227,1079.6614222222227,337.72,1.0626125503205603,0.5115713080304636,0.5115713080304636
5,-400.0,-1.417855e-05,859.5789866666664,859.5789866666664,274.4,1.035349431083267,0.5082764602064506,0.5082764602064506
6,-300.0,-1.218049e-05,659.0831288888887,659.0831288888887,215.72,1.058584286374035,0.41582371649534144,0.41582371649534144
7,-200.0,-1.049985e-05,475.61359999999985,475.61359999999985,157.36,1.1275529058787244,0.48637630205428317,0.48637630205428317
8,-100.0,-7.002601e-06,278.8410666666667,278.8410666666667,91.96,1.1816109530824621,0.4136905123398403,0.4136905123398403
