Num,Voltage,Ileak[nA],CCE[a.u.],CCE2[a.u.],MPV[mV],Noise[mV],Error mu,Error mean
0,-900.0,-0.0001049911,1802.2751803461754,1802.2751803461754,580.7437185929648,3.038788557656773,1.7227653249456856,1.7227653249456856
1,-800.0,-1.622703e-05,1700.9544888888888,1700.9544888888888,546.48,3.085918955913965,0.7854673533635893,0.7854673533635893
2,-700.0,-1.50058e-05,1589.8620622222224,1589.8620622222224,509.2,3.075647228884225,0.7020095406759064,0.7020095406759064
3,-600.0,-1.39865e-05,1464.8370311111112,1464.8370311111112,466.92,3.129479513384192,0.6656563053107812,0.6656563053107812
4,-500.0,-1.294703e-05,1313.9501866666667,1313.9501866666667,417.08,3.1043642397974716,0.7209528894456266,0.7209528894456266
5,-400.0,-1.202562e-05,1100.2101866666667,1100.2101866666667,348.68,3.10863878749383,0.588778216988367,0.588778216988367
6,-300.0,-1.065232e-05,815.3871999999999,815.3871999999999,264.92,3.0428028015119364,0.527443088114727,0.527443088114727
7,-200.0,-9.160613e-06,581.4766577777777,581.4766577777777,192.64,3.12583686374792,0.43668986157226014,0.43668986157226014
8,-100.0,-6.371469e-06,342.86714666666666,342.86714666666666,114.28,3.088264453270369,0.48001466644259905,0.48001466644259905
