Num,Voltage,Ileak[nA],CCE[a.u.],CCE2[a.u.],MPV[mV],Noise[mV],Error mu,Error mean
0,-900.0,-2.063717e-05,1552.3929871580124,1552.3929871580124,479.5577889447236,4.902293166666989,0.7403644735920715,0.7403644735920715
1,-800.0,-1.884046e-05,1457.8483171412618,1457.8483171412618,448.20100502512565,5.203846010938689,0.7815991623765854,0.7815991623765854
2,-700.0,-1.718263e-05,1352.1534427694023,1352.1534427694023,415.11557788944725,5.519063157972715,0.6539288395857384,0.6539288395857384
3,-600.0,-1.574197e-05,1235.3789212730317,1235.3789212730317,376.643216080402,5.296515086400666,0.7426384342402755,0.7426384342402755
4,-500.0,-1.462006e-05,1084.5969759910663,1084.5969759910663,329.286432160804,5.212302047813491,0.6092606394741865,0.6092606394741865
5,-400.0,-1.327148e-05,869.7023964265771,869.7023964265771,268.94472361809045,5.340071536505877,0.5603163775088649,0.5603163775088649
6,-300.0,-1.151245e-05,657.7893735343383,657.7893735343383,210.0502512562814,5.312286062649754,0.48710576703740516,0.48710576703740516
7,-200.0,-9.80175e-06,474.5717922948073,474.5717922948073,154.57286432160805,5.372828351639642,0.4601656848323251,0.4601656848323251
8,-100.0,-6.694168e-06,281.5783629257397,281.5783629257397,94.71356783919597,5.30516735204744,0.46930943877149933,0.46930943877149933
