Num,Voltage,Ileak[nA],CCE[a.u.],CCE2[a.u.],MPV[mV],Noise[mV],Error mu,Error mean
0,-900.0,-2.450288e-05,1452.7130943606921,1452.7130943606921,457.32663316582915,5.456295365413941,0.6885335938201271,0.6885335938201271
1,-800.0,-2.25307e-05,1355.4447079843662,1355.4447079843662,424.88442211055275,5.335243081600753,0.5627913518522052,0.5627913518522052
2,-700.0,-2.089446e-05,1263.65916694584,1263.65916694584,395.21608040201005,5.351865127635839,0.6631620466233763,0.6631620466233763
3,-600.0,-1.92746e-05,1161.2795354550528,1161.2795354550528,361.4472361809045,5.372311887508748,0.6318938450764922,0.6318938450764922
4,-500.0,-1.78799e-05,1011.6828408710215,1011.6828408710215,315.4170854271357,5.34488097773734,0.5914963576855178,0.5914963576855178
5,-400.0,-1.5991e-05,814.2021574539363,814.2021574539363,258.09045226130655,5.270393624027236,0.4732311088174262,0.4732311088174262
6,-300.0,-1.377615e-05,626.8568978224455,626.8568978224455,205.70854271356785,5.345965318864071,0.4619613909763734,0.4619613909763734
7,-200.0,-1.109157e-05,457.12721831379116,457.12721831379116,152.04020100502512,5.265581169954506,0.4523968257913096,0.4523968257913096
8,-100.0,-8.109763e-06,269.6734874371859,269.6734874371859,94.51256281407035,5.229111549478562,0.39896759987143,0.39896759987143
