Num,Voltage,Ileak[nA],CCE[a.u.],CCE2[a.u.],MPV[mV],Noise[mV],Error mu,Error mean
0,-900.0,-2.346359e-05,1614.95479173646,1614.95479173646,504.321608040201,1.949658165276133,0.7157344635282288,0.7157344635282288
1,-800.0,-2.16095e-05,1516.217013958682,1516.217013958682,472.2814070351759,2.025469231191907,0.7674734276835097,0.7674734276835097
2,-700.0,-2.003873e-05,1411.736531546622,1411.736531546622,437.9899497487437,1.973006114033157,0.7967437377609061,0.7967437377609061
3,-600.0,-1.822109e-05,1279.977094360692,1279.977094360692,395.53768844221105,2.027205359108646,0.7306285685261539,0.7306285685261539
4,-500.0,-1.676777e-05,1116.1148319374652,1116.1148319374652,344.84422110552765,2.060972637594067,0.6454014238531713,0.6454014238531713
5,-400.0,-1.517956e-05,891.9956761585703,891.9956761585703,280.24120603015075,2.171305164645185,0.4893685943443617,0.4893685943443617
6,-300.0,-1.301999e-05,677.5242434394194,677.5242434394194,218.01005025125627,2.3920308555827883,0.5282331899363388,0.5282331899363388
7,-200.0,-1.030911e-05,490.2291546621998,490.2291546621998,160.72361809045225,2.601865320671916,0.49226591784187906,0.49226591784187906
8,-100.0,-7.539621e-06,294.56289447236173,294.56289447236173,96.72361809045226,2.453430719513534,0.37611834379024744,0.37611834379024744
