Num,Voltage,Ileak[nA],CCE[a.u.],CCE2[a.u.],MPV[mV],Noise[mV],Error mu,Error mean
0,-900.0,-2.101138e-05,2022.651640424344,2022.651640424344,629.3467336683417,2.3156226946606475,0.8810996340232057,0.8810996340232057
1,-800.0,-1.91869e-05,1889.964721384701,1889.964721384701,586.0502512562814,2.2458978686407,0.7958927303099372,0.7958927303099372
2,-700.0,-1.772977e-05,1746.2200245672805,1746.2200245672805,539.9396984924623,2.2508208170295054,0.8572196713859227,0.8572196713859227
3,-600.0,-1.626962e-05,1585.667412618649,1585.667412618649,488.7638190954774,2.2646593806182658,0.7602652545428399,0.7602652545428399
4,-500.0,-1.505024e-05,1383.4892506979338,1383.4892506979338,425.8492462311558,2.333152343764319,0.6393787101081929,0.6393787101081929
5,-400.0,-1.352842e-05,1106.7090295924063,1106.7090295924063,344.9246231155779,2.2827678051672153,0.5825874924920411,0.5825874924920411
6,-300.0,-1.177322e-05,844.0914617532104,844.0914617532104,270.8743718592965,2.3447680977140606,0.5869615158554488,0.5869615158554488
7,-200.0,-9.995917e-06,611.6182155220547,611.6182155220547,198.99497487437185,2.3552235201243183,0.47055120728197325,0.47055120728197325
8,-100.0,-6.755142e-06,363.33182356225564,363.33182356225564,118.15075376884423,2.3298355270509536,0.42118268382939944,0.42118268382939944
