Num,Voltage,Ileak[nA],CCE[a.u.],CCE2[a.u.],MPV[mV],Noise[mV],Error mu,Error mean
0,-900.0,-3.483238e-05,1824.4211457286426,1824.4211457286426,584.8040201005025,2.763392363381463,0.6519901753310153,0.6519901753310153
1,-800.0,-3.091348e-05,1639.110128419877,1639.110128419877,529.1256281407035,2.7585344917050985,0.5836312468983229,0.5836312468983229
2,-700.0,-2.739685e-05,1451.0363372417644,1451.0363372417644,472.4824120603015,2.8004671521255333,0.505336128750617,0.505336128750617
3,-600.0,-2.427643e-05,1240.947296482412,1240.947296482412,410.4120603015076,2.8242879830224776,0.4764894418974608,0.4764894418974608
4,-500.0,-2.162292e-05,1019.4073299832496,1019.4073299832496,344.04020100502515,2.695019928030434,0.44137489189435386,0.44137489189435386
5,-400.0,-1.841402e-05,821.0670776102735,821.0670776102735,283.21608040201005,2.8198621280670544,0.4461393077136353,0.4461393077136353
6,-300.0,-1.541722e-05,639.4513902847569,639.4513902847569,223.75879396984925,2.772055743550188,0.40894808082073153,0.40894808082073153
7,-200.0,-1.197197e-05,460.80444891122266,460.80444891122266,162.41206030150755,2.880864080376818,0.4210899044454813,0.4210899044454813
8,-100.0,-8.716772e-06,272.0817956448911,272.0817956448911,96.88442211055276,2.831851298651956,0.3924737955343812,0.3924737955343812
