Num,Voltage,Ileak[nA],CCE[a.u.],CCE2[a.u.],MPV[mV],Noise[mV],Error mu,Error mean
0,-900.0,-4.503684e-05,1205.8558927973197,1205.8558927973197,391.1959798994975,7.453843418764625,0.6932518772363712,0.6932518772363712
1,-800.0,-3.925243e-05,1064.4942222222219,1064.4942222222219,347.85929648241205,7.671094504864052,0.6241215803965484,0.6241215803965484
2,-700.0,-3.420431e-05,919.2947135678392,919.2947135678392,304.0,7.2291446651984135,0.5454635143529276,0.5454635143529276
3,-600.0,-2.999575e-05,766.0742110552761,766.0742110552761,258.3316582914573,6.99116475296373,0.5082825034474462,0.5082825034474462
4,-500.0,-2.559159e-05,625.3816996091567,625.3816996091567,216.1608040201005,6.729080649428114,0.4670328619052359,0.4670328619052359
5,-400.0,-2.120037e-05,502.7375633724175,502.7375633724175,177.00502512562815,6.870147623759005,0.479661879531482,0.479661879531482
6,-300.0,-1.741191e-05,390.47473813512,390.47473813512,140.78391959798995,6.701050122398303,0.414262550998142,0.414262550998142
7,-200.0,-1.334295e-05,281.3183785594639,281.3183785594639,103.678391959799,6.61573616512141,0.41407201887034567,0.41407201887034567
8,-100.0,-9.267342e-06,169.28505639307647,169.28505639307647,64.0,6.54169764186978,0.3819522832370465,0.3819522832370465
