Num,Voltage,Ileak[nA],CCE[a.u.],CCE2[a.u.],MPV[mV],Noise[mV],Error mu,Error mean
0,-900.0,-0.0001049916,1373.8731133557799,1373.8731133557799,448.0,1.3103957039270746,0.48168755021812726,0.48168755021812726
1,-800.0,-3.734202e-05,1211.5682844444445,1211.5682844444445,398.96,1.3335707936695356,0.4905442397990218,0.4905442397990218
2,-700.0,-3.193985e-05,1045.7623822222222,1045.7623822222222,347.8,1.277845099675791,0.4961441725950207,0.4961441725950207
3,-600.0,-2.747109e-05,863.3941866666667,863.3941866666667,293.96,1.2464240405611924,0.4740445346167376,0.4740445346167376
4,-500.0,-2.325502e-05,692.3308444444442,692.3308444444442,240.32,1.2608725178117095,0.47313965464754526,0.47313965464754526
5,-400.0,-1.915199e-05,548.7459377777777,548.7459377777777,192.28,1.23778892873493,0.4026477328881906,0.4026477328881906
6,-300.0,-1.538905e-05,415.96304,415.96304,147.6,1.380172452992741,0.38143402679886795,0.38143402679886795
7,-200.0,-1.182419e-05,293.42062222222216,293.42062222222216,104.32000000000002,1.385522319836614,0.4408345685174879,0.4408345685174879
8,-100.0,-8.182735e-06,168.45854222222218,168.45854222222218,63.36,1.4118043966219211,0.4278759595957682,0.4278759595957682
