Num,Voltage,Ileak[nA],CCE[a.u.],CCE2[a.u.],MPV[mV],Noise[mV],Error mu,Error mean
0,-900.0,-3.708454e-05,1349.6299095477384,1349.6299095477384,438.8743718592965,3.124512395988216,0.5981092308248582,0.5981092308248582
1,-800.0,-3.320401e-05,1208.5653690675601,1208.5653690675601,395.53768844221105,3.4631454918895037,0.5880869102219011,0.5880869102219011
2,-700.0,-3.02457e-05,1079.5677945281964,1079.5677945281964,355.5778894472362,3.497785780153474,0.5980655619367289,0.5980655619367289
3,-600.0,-2.704005e-05,927.3127414852037,927.3127414852037,309.3467336683417,3.4079674206033204,0.50243511556925,0.50243511556925
4,-500.0,-2.369322e-05,761.1824634282522,761.1824634282522,258.13065326633165,3.6874088381257306,0.5056563654627971,0.5056563654627971
5,-400.0,-2.034339e-05,623.2914796203237,623.2914796203237,215.678391959799,3.645884756068201,0.42103599230125177,0.42103599230125177
6,-300.0,-1.695449e-05,501.72321161362356,501.72321161362356,175.91959798994975,2.776578831008422,0.40562384110264704,0.40562384110264704
7,-200.0,-1.343516e-05,363.29850139586813,363.29850139586813,128.08040201005025,3.1773134289381333,0.3907907948784158,0.3907907948784158
8,-100.0,-9.491914e-06,221.0537844779453,221.0537844779453,79.95979899497488,3.108540160216563,0.3665765972369267,0.3665765972369267
