Num,Voltage,Ileak[nA],CCE[a.u.],CCE2[a.u.],MPV[mV],Noise[mV],Error mu,Error mean
0,-900.0,-4.45408e-05,1215.8825599999996,1215.8825599999996,401.08,2.669100222921575,0.6017944260293545,0.6017944260293545
1,-800.0,-3.729399e-05,1071.9770133333334,1071.9770133333334,355.28,2.724615283750065,0.5868882005970092,0.5868882005970092
2,-700.0,-3.295224e-05,925.7531377777774,925.7531377777774,310.6,2.736904839187039,0.5626642792998322,0.5626642792998322
3,-600.0,-2.860061e-05,770.0552355555552,770.0552355555552,262.8,2.709705017884902,0.4568524103033723,0.4568524103033723
4,-500.0,-2.440998e-05,625.9559644444442,625.9559644444442,216.52,2.5984463639207256,0.42136868037385106,0.42136868037385106
5,-400.0,-2.04121e-05,501.93223111111104,501.93223111111104,175.96,2.58091625035723,0.4020116456024614,0.4020116456024614
6,-300.0,-1.661304e-05,385.9689422222221,385.9689422222221,135.92,2.536156428948886,0.39992624920102365,0.39992624920102365
7,-200.0,-1.273562e-05,274.6412266666666,274.6412266666666,96.12,2.540534589412236,0.36366842040518077,0.36366842040518077
8,-100.0,-8.911848e-06,159.3265066666666,159.3265066666666,56.32,2.4544305517437914,0.36400036923058193,0.36400036923058193
