Num,Voltage,Ileak[nA],CCE[a.u.],CCE2[a.u.],MPV[mV],Noise[mV],Error mu,Error mean
0,-700.0,-0.0001049848,3273.5898693467334,3273.5898693467334,863.0753768844221,2.751257092157778,0.8547774448343335,0.8547774448343335
1,-600.0,2.63797e-08,3276.3808196538243,3276.3808196538243,840.7638190954774,2.724128581273384,0.9294068322825749,0.9294068322825749
2,-500.0,0.0001049611,3282.2202925739807,3282.2202925739807,812.3819095477387,2.6698477323397167,0.8815106369196165,0.8815106369196165
3,-400.0,8.571106e-08,3316.255481853713,3316.255481853713,775.9597989949749,2.667964709278957,0.9499059015638881,0.9499059015638881
