Num,Voltage,Ileak[nA],CCE[a.u.],CCE2[a.u.],MPV[mV],Noise[mV],Error mu,Error mean
0,-700.0,-0.0001049849,3607.5795510887783,3607.5795510887783,932.4221105527638,2.318920519952769,0.8773617762591363,0.8773617762591363
1,-600.0,3.689495e-08,3617.9012037967623,3617.9012037967623,913.0050251256281,2.3957747470077693,1.0025686906828926,1.0025686906828926
2,-500.0,0.0001049613,3667.679803461754,3667.679803461754,893.3065326633166,2.388609704801604,1.0570093709384072,1.0570093709384072
3,-400.0,5.715169e-08,3690.2556158570637,3690.2556158570637,853.9095477386935,2.331459802312433,1.1506060474208675,1.1506060474208675
