Num,Voltage,Ileak[nA],CCE[a.u.],CCE2[a.u.],MPV[mV],Noise[mV],Error mu,Error mean
0,-700.0,-0.0001049849,3245.9364734785036,3245.9364734785036,853.6683417085427,2.7801460439623344,1.0924307693343827,1.0924307693343827
1,-600.0,2.184253e-08,3282.151450586264,3282.151450586264,838.8743718592965,2.6713086370600814,1.183982822912491,1.183982822912491
2,-500.0,0.0001049611,3294.268944723618,3294.268944723618,810.6934673366834,2.6885589918123247,1.0990081670417138,1.0990081670417138
3,-400.0,7.326209e-08,3334.966744835288,3334.966744835288,776.0,2.74987278181711,1.3911223872598284,1.3911223872598284
