Num,Voltage,Ileak[nA],CCE[a.u.],CCE2[a.u.],MPV[mV],Noise[mV],Error mu,Error mean
0,-700.0,-0.0001049849,3304.4232183137906,3304.4232183137906,863.2361809045226,3.6392532773357207,0.9266521633798573,0.9266521633798573
1,-600.0,3.403532e-08,3315.7325471803456,3315.7325471803456,842.2914572864322,3.66715322380393,0.9288438469993634,0.9288438469993634
2,-500.0,0.0001049612,3347.8597788944717,3347.8597788944717,818.6532663316583,3.6246047813354694,1.1686817814262964,1.1686817814262964
3,-400.0,6.066928e-08,3358.0745683975433,3358.0745683975433,776.8844221105528,3.6853092604761204,1.0644681957639635,1.0644681957639635
