Num,Voltage,Ileak[nA],CCE[a.u.],CCE2[a.u.],MPV[mV],Noise[mV],Error mu,Error mean
0,-700.0,-0.000104985,3667.6573802345056,3667.6573802345056,939.3768844221106,1.8076812278244059,1.026669579937903,1.026669579937903
1,-600.0,3.536772e-08,3702.1187537688443,3702.1187537688443,924.6633165829146,1.8570721449615604,1.150985501557704,1.150985501557704
2,-500.0,0.0001049613,3722.132547180346,3722.132547180346,900.4221105527638,1.8463873330914875,1.024889686962061,1.024889686962061
3,-400.0,7.203768e-08,3749.0407593523164,3749.0407593523164,862.1909547738693,1.8479207602450851,0.9717072857793849,0.9717072857793849
