Num,Voltage,Ileak[nA],CCE[a.u.],CCE2[a.u.],MPV[mV],Noise[mV],Error mu,Error mean
0,-700.0,-0.0001049849,4004.267810161918,4004.267810161918,995.9798994974874,2.512503097497437,0.9556136145168163,0.9556136145168163
1,-600.0,2.706125e-08,4039.8876337241736,4039.8876337241736,983.6381909547739,2.44710626839824,0.8632977810774066,0.8632977810774066
2,-500.0,0.0001049616,4103.636779452818,4103.636779452818,967.5577889447236,2.4078485366042854,0.9557297299335591,0.9557297299335591
3,-400.0,5.908655e-08,4154.1323149078735,4154.1323149078735,935.6381909547739,2.2843089889978914,1.0715513105915204,1.0715513105915204
