Num,Voltage,Ileak[nA],CCE[a.u.],CCE2[a.u.],MPV[mV],Noise[mV],Error mu,Error mean
0,-700.0,-0.0001049849,2951.1537777777785,2951.1537777777785,789.1859296482412,1.8406543729873415,0.8137971740255587,0.8137971740255587
1,-600.0,3.616669e-08,2969.066023450587,2969.066023450587,772.1407035175879,1.9112791233912587,1.1800459170004927,1.1800459170004927
2,-500.0,0.0001049615,2978.284632049135,2978.284632049135,744.9246231155779,2.0637537832335653,0.9707526382209467,0.9707526382209467
3,-400.0,6.610194e-08,2991.814914572865,2991.814914572865,708.3417085427136,2.1062976968193685,1.021721306685535,1.021721306685535
