Num,Voltage,Ileak[nA],CCE[a.u.],CCE2[a.u.],MPV[mV],Noise[mV],Error mu,Error mean
0,-700.0,-0.0001049849,3399.7173601340037,3399.7173601340037,888.8442211055276,2.0741289207159306,0.8642669457234903,0.8642669457234903
1,-600.0,4.81743e-08,3405.877976549414,3405.877976549414,868.5829145728643,2.137701961155397,0.9290433838664975,0.9290433838664975
2,-500.0,0.0001049612,3407.5116203238417,3407.5116203238417,838.8341708542714,2.0988897093708436,1.1017826744355201,1.1017826744355201
3,-400.0,6.798719e-08,3372.3243417085428,3372.3243417085428,790.070351758794,2.435807538745635,3.5601844423031856,3.5601844423031856
