Num,Voltage,Ileak[nA],CCE[a.u.],CCE2[a.u.],MPV[mV],Noise[mV],Error mu,Error mean
0,-700.0,-0.0001049848,3344.0232272473477,3344.0232272473477,873.3266331658291,1.874404109105406,0.9618152218654942,0.9618152218654942
1,-600.0,3.507486e-08,3359.593415968732,3359.593415968732,855.5577889447236,1.8127403858855389,1.29320727966977,1.29320727966977
2,-500.0,0.0001049613,3370.3286387493013,3370.3286387493013,828.6231155778896,1.8933516199849354,1.0145262725311517,1.0145262725311517
3,-400.0,5.316441e-08,3402.07535455053,3402.07535455053,791.356783919598,1.878435572187711,1.088383346497514,1.088383346497514
