Num,Voltage,Ileak[nA],CCE[a.u.],CCE2[a.u.],MPV[mV],Noise[mV],Error mu,Error mean
0,-700.0,-0.0001049848,3358.346005583472,3358.346005583472,874.251256281407,3.73667524093121,0.9030261995447432,0.9030261995447432
1,-600.0,2.117306e-08,3356.318141820212,3356.318141820212,851.6582914572864,3.7086384366968623,1.1117696124631937,1.1117696124631937
2,-500.0,0.0001049611,3370.9075332216635,3370.9075332216635,824.3618090452263,3.6904763400394236,0.9980791156987839,0.9980791156987839
3,-400.0,6.062267e-08,3403.0495410385256,3403.0495410385256,785.929648241206,3.633350225802957,0.9676950225038087,0.9676950225038087
