Num,Voltage,Ileak[nA],CCE[a.u.],CCE2[a.u.],MPV[mV],Noise[mV],Error mu,Error mean
0,-700.0,-0.0001049848,3233.4685695142375,3233.4685695142375,853.427135678392,1.8097096614667323,0.8280158213110251,0.8280158213110251
1,-600.0,3.303676e-08,3237.1431021775543,3237.1431021775543,832.1608040201005,1.7588697758250613,0.9224447379433294,0.9224447379433294
2,-500.0,0.0001049613,3247.755184812953,3247.755184812953,805.2261306532663,1.8195661008766346,0.9045779347800873,0.9045779347800873
3,-400.0,6.56662e-08,3285.4251702959236,3285.4251702959236,770.8140703517588,1.7504126872072292,1.0937383954689406,1.0937383954689406
