Num,Voltage,Ileak[nA],CCE[a.u.],CCE2[a.u.],MPV[mV],Noise[mV],Error mu,Error mean
0,-700.0,-0.000104985,3141.7283573422674,3141.7283573422674,831.035175879397,1.7061289336095997,0.8518862839948762,0.8518862839948762
1,-600.0,2.750648e-08,3145.8280379676166,3145.8280379676166,809.1658291457286,1.816183104383314,0.9821746336173529,0.9821746336173529
2,-500.0,0.0001049614,3161.9208754885544,3161.9208754885544,783.4371859296482,1.7325817720651988,0.9597546607323256,0.9597546607323256
3,-400.0,6.212684e-08,3180.1162613065326,3180.1162613065326,746.4924623115578,1.7028504381678462,0.9261272103712666,0.9261272103712666
