Num,Voltage,Ileak[nA],CCE[a.u.],CCE2[a.u.],MPV[mV],Noise[mV],Error mu,Error mean
0,-700.0,-0.0001049848,3357.1002747068683,3357.1002747068683,879.1557788944724,2.3223882417430426,0.8577208228403254,0.8577208228403254
1,-600.0,3.592026e-08,3377.5708587381355,3377.5708587381355,861.1457286432161,2.3423329351038227,0.9723334814435605,0.9723334814435605
2,-500.0,0.0001049614,3384.2426890005586,3384.2426890005586,832.5226130653266,2.3176215360675996,0.9226323639486402,0.9226323639486402
3,-400.0,5.024406e-08,3394.266997208263,3394.266997208263,791.9195979899497,2.309153530544108,0.9922437740789292,0.9922437740789292
