Num,Voltage,Ileak[nA],CCE[a.u.],CCE2[a.u.],MPV[mV],Noise[mV],Error mu,Error mean
0,-900.0,-1.410634e-05,2407.065452088889,2407.065452088889,771.8544,7.655395332964868,0.6286249502866375,0.6286249502866375
1,-800.0,-1.332983e-05,2215.259196088889,2215.259196088889,717.3368000000003,7.702856008980784,0.6213212037843214,0.6213212037843214
2,-700.0,-1.241432e-05,1956.047083377778,1956.047083377778,645.4224,7.6273518703798935,0.555274186425697,0.555274186425697
3,-600.0,-1.146095e-05,1675.7753788444447,1675.7753788444447,568.6848,7.534693601806659,0.5304447847107951,0.5304447847107951
4,-500.0,-1.034842e-05,1409.2814496,1409.2814496,492.27600000000007,7.6745574351619785,0.437691241173135,0.437691241173135
5,-400.0,-9.433128e-06,1151.8768611555556,1151.8768611555556,411.67839999999995,7.747937933855947,0.42915694348953415,0.42915694348953415
6,-300.0,-7.89075e-06,910.5418944000002,910.5418944000002,330.3072,7.871928935587094,0.45630390723937486,0.45630390723937486
7,-200.0,-6.212951e-06,653.9473294222223,653.9473294222223,238.7392,7.519619028075005,0.5345845488813913,0.5345845488813913
8,-100.0,-4.190917e-06,382.0628764444447,382.0628764444447,140.0680000000001,7.432080001748844,0.3390401911542636,0.3390401911542636
