Num,Voltage,Ileak[nA],CCE[a.u.],CCE2[a.u.],MPV[mV],Noise[mV],Error mu,Error mean
0,-900.0,-1.192134e-05,2514.679793777778,2514.679793777778,782.0232000000001,2.169905963166989,0.5946370127776438,0.5946370127776438
1,-800.0,-1.127042e-05,2317.364939377778,2317.364939377778,727.1592000000002,2.1350542933322667,0.5552336565429736,0.5552336565429736
2,-700.0,-1.060504e-05,2056.107094755556,2056.107094755556,657.7704000000001,2.1408734590544936,0.5451554105504952,0.5451554105504952
3,-600.0,-1.020031e-05,1762.948545066667,1762.948545066667,580.2760000000001,2.110678033197442,0.5277459672580362,0.5277459672580362
4,-500.0,-9.210322e-06,1480.0481678222225,1480.0481678222225,501.31919999999997,2.117519974123002,0.49902187121415786,0.49902187121415786
5,-400.0,-8.070851e-06,1206.1108213333337,1206.1108213333337,419.9936,2.118250595394438,0.4713018351404111,0.4713018351404111
6,-300.0,-6.773197e-06,945.2101973333334,945.2101973333334,333.37679999999995,2.1239282423534624,0.40890995724496637,0.40890995724496637
7,-200.0,-5.292901e-06,683.8910094222224,683.8910094222224,241.59440000000004,2.124257337478701,0.35857304393944606,0.35857304393944606
8,-100.0,-3.590486e-06,407.59563128888914,407.59563128888914,140.5240000000001,2.121144158666948,0.36349842347234484,0.36349842347234484
