Num,Voltage,Ileak[nA],CCE[a.u.],CCE2[a.u.],MPV[mV],Noise[mV],Error mu,Error mean
0,-900.0,-1.777469e-05,1809.8124266666664,1809.8124266666664,590.12,5.425702248454931,0.6198608979440435,0.6198608979440435
1,-800.0,-1.612794e-05,1601.1074666666664,1601.1074666666664,534.32,5.472958777277404,0.5767632276766607,0.5767632276766607
2,-700.0,-1.469689e-05,1399.2280355555552,1399.2280355555552,477.8,5.402955071641151,0.5966345615198608,0.5966345615198608
3,-600.0,-1.32388e-05,1207.7783999999997,1207.7783999999997,421.16,5.473195897584274,0.5143450172792529,0.5143450172792529
4,-500.0,-1.169718e-05,1021.9994133333332,1021.9994133333332,361.56,5.462420261304609,0.4882196358197798,0.4882196358197798
5,-400.0,-1.006507e-05,844.2675911111108,844.2675911111108,303.2,5.495154210981629,0.4250594461954709,0.4250594461954709
6,-300.0,-8.744877e-06,669.9828977777777,669.9828977777777,239.84,5.561800916258939,0.4216963229623893,0.4216963229623893
7,-200.0,-6.777707e-06,486.5708799999999,486.5708799999999,172.04,5.5109032935727615,0.4553440896728525,0.4553440896728525
8,-100.0,-4.477377e-06,292.24607999999995,292.24607999999995,97.8,5.507791007089664,0.40429107929807173,0.40429107929807173
