Num,Voltage,Ileak[nA],CCE[a.u.],CCE2[a.u.],MPV[mV],Noise[mV],Error mu,Error mean
0,-900.0,-1.29963e-05,2351.246224711111,2351.246224711111,744.4144,2.7988518518338164,0.5477607152161225,0.5477607152161225
1,-800.0,-1.221786e-05,2186.390242488889,2186.390242488889,696.8376000000001,2.790573361965885,0.5659710510193976,0.5659710510193976
2,-700.0,-1.148168e-05,1950.6139413333335,1950.6139413333335,632.1840000000001,2.8358963811191074,0.5506161789413736,0.5506161789413736
3,-600.0,-1.068356e-05,1672.8555680000002,1672.8555680000002,558.1584000000001,2.825607327126527,0.5226062609725234,0.5226062609725234
4,-500.0,-1.002078e-05,1399.7308529777779,1399.7308529777779,482.31039999999996,2.828501223901075,0.46087885316434424,0.46087885316434424
5,-400.0,-8.788034e-06,1141.1876305777778,1141.1876305777778,404.85040000000004,2.8059337217659315,0.438927116910862,0.438927116910862
6,-300.0,-7.389086e-06,898.180056177778,898.180056177778,323.63519999999994,2.813721640170796,0.4457671116101762,0.4457671116101762
7,-200.0,-5.801855e-06,653.1845105777779,653.1845105777779,236.43520000000004,2.806778557122202,0.3713335333886229,0.3713335333886229
8,-100.0,-3.916862e-06,388.22633457777806,388.22633457777806,138.6784000000001,2.784872632445371,0.37525159163590527,0.37525159163590527
