Num,Voltage,Ileak[nA],CCE[a.u.],CCE2[a.u.],MPV[mV],Noise[mV],Error mu,Error mean
0,-900.0,-1.330379e-05,2568.0763381333336,2568.0763381333336,790.8800000000003,4.089290171949162,1.5029780715979602,1.5029780715979602
1,-800.0,-1.254968e-05,2407.200105244445,2407.200105244445,744.3472,4.022513864697542,1.6289939939735594,1.6289939939735594
2,-700.0,-1.178265e-05,2168.6066876444443,2168.6066876444443,679.96,3.975126331761261,1.6773594733880053,1.6773594733880053
3,-600.0,-1.097631e-05,1871.8043221333337,1871.8043221333337,601.6320000000001,3.9475251227629258,1.487879740859079,1.487879740859079
4,-500.0,-1.037402e-05,1570.9667779555557,1570.9667779555557,520.9336,3.901906103345954,1.440114722468348,1.440114722468348
5,-400.0,-9.15797e-06,1280.5265123555555,1280.5265123555555,437.8296000000001,3.8200997664278002,1.266168214323012,1.266168214323012
6,-300.0,-7.737575e-06,1006.8126894222223,1006.8126894222223,350.276,3.834429150886145,1.456380010173829,1.456380010173829
7,-200.0,-6.132561e-06,732.470721777778,732.470721777778,255.7672,3.8712738334341714,1.3670956535019787,1.3670956535019787
8,-100.0,-4.375154e-06,442.1936202666669,442.1936202666669,151.1760000000001,3.9315006564132458,1.2259469829450218,1.2259469829450218
