Num,Voltage,Ileak[nA],CCE[a.u.],CCE2[a.u.],MPV[mV],Noise[mV],Error mu,Error mean
0,-900.0,-0.0001049914,1914.3630150753768,1914.3630150753768,616.2814070351759,5.706997809211388,0.6426513821267399,0.6426513821267399
1,-800.0,-1.542666e-05,1759.909244444444,1759.909244444444,572.2,5.2143581213111885,3.5652689027337106,3.5652689027337106
2,-700.0,-1.434886e-05,1554.8585066666667,1554.8585066666667,516.48,5.275677144531622,0.7830142701126217,0.7830142701126217
3,-600.0,-1.304385e-05,1326.231413333333,1326.231413333333,451.48,5.520234254288692,0.5844539495973999,0.5844539495973999
4,-500.0,-1.163318e-05,1098.130133333333,1098.130133333333,384.08,5.775299126452239,0.7225929841895745,0.7225929841895745
5,-400.0,-1.004375e-05,900.2371377777777,900.2371377777777,319.88,5.467391546339777,0.5315688358058622,0.5315688358058622
6,-300.0,-8.855734e-06,718.0907022222221,718.0907022222221,256.48,5.024890323721713,0.6501751148729087,0.6501751148729087
7,-200.0,-6.791186e-06,531.1175999999999,531.1175999999999,187.0,4.891710675554446,0.5296352737497759,0.5296352737497759
8,-100.0,-4.577616e-06,320.1631822222222,320.1631822222222,107.4,4.755229786349725,0.5188332880608176,0.5188332880608176
