Num,Voltage,Ileak[nA],CCE[a.u.],CCE2[a.u.],MPV[mV],Noise[mV],Error mu,Error mean
0,-900.0,-1.403864e-05,2508.5509880888894,2508.5509880888894,778.1728000000003,4.777403321933862,1.0817597285229665,1.0817597285229665
1,-800.0,-1.319066e-05,2307.999156977778,2307.999156977778,723.5280000000001,4.756069523584095,1.0800927034607355,1.0800927034607355
2,-700.0,-1.229546e-05,2039.3423672888887,2039.3423672888887,654.7128,4.747845930157548,0.9981855062901288,0.9981855062901288
3,-600.0,-1.130523e-05,1748.7234837333335,1748.7234837333335,578.4424,4.763570520877988,1.0022180928359259,1.0022180928359259
4,-500.0,-1.014715e-05,1469.1032643555557,1469.1032643555557,501.86240000000004,4.780316442770007,0.9982632074391603,0.9982632074391603
5,-400.0,-9.241767e-06,1206.4374179555557,1206.4374179555557,421.95279999999997,4.76790347378472,0.9651277437991723,0.9651277437991723
6,-300.0,-7.722568e-06,951.0782190222225,951.0782190222225,336.91519999999997,4.791853025506348,0.8973371122223348,0.8973371122223348
7,-200.0,-6.037887e-06,688.0748682666668,688.0748682666668,245.34000000000003,4.7524359219994885,0.9880888458941732,0.9880888458941732
8,-100.0,-4.099079e-06,406.91733048888915,406.91733048888915,143.6912000000001,4.777221446133986,0.8786763142265301,0.8786763142265301
