Num,Voltage,Ileak[nA],CCE[a.u.],CCE2[a.u.],MPV[mV],Noise[mV],Error mu,Error mean
0,-900.0,-1.52764e-05,2139.6036444444435,2139.6036444444435,682.52,10.787805541214661,0.5908888057832835,0.5908888057832835
1,-800.0,-1.435287e-05,1949.6553244444433,1949.6553244444433,628.72,10.469731884264997,0.5715874988136118,0.5715874988136118
2,-700.0,-1.333281e-05,1710.6387555555557,1710.6387555555557,564.68,10.115783242897406,0.5009322636844248,0.5009322636844248
3,-600.0,-1.210842e-05,1463.82848,1463.82848,498.12,9.79270440458383,0.5129446784985754,0.5129446784985754
4,-500.0,-1.081194e-05,1231.9816533333333,1231.9816533333333,431.72,9.645682142803587,0.44432168526868326,0.44432168526868326
5,-400.0,-9.789238e-06,1016.2382044444442,1016.2382044444442,362.48,9.619665503283455,0.40963923249610884,0.40963923249610884
6,-300.0,-8.235004e-06,800.9886222222221,800.9886222222221,288.88,9.509688211321295,0.42510142225120734,0.42510142225120734
7,-200.0,-6.437425e-06,583.4589688888889,583.4589688888889,209.84,9.472422066318051,0.39085213163036586,0.39085213163036586
8,-100.0,-4.288179e-06,351.6634133333333,351.6634133333333,123.68,9.471183406053918,0.37859556891226237,0.37859556891226237
