Num,Voltage,Ileak[nA],CCE[a.u.],CCE2[a.u.],MPV[mV],Noise[mV],Error mu,Error mean
0,-900.0,-1.557565e-05,2235.9644042666664,2235.9644042666664,718.2736000000001,6.454589507202523,0.5733079170696324,0.5733079170696324
1,-800.0,-1.461098e-05,2019.9821045333333,2019.9821045333333,657.6632000000001,6.121339075158857,0.5940943350987934,0.5940943350987934
2,-700.0,-1.357846e-05,1751.6605223111117,1751.6605223111117,585.68,5.794531385134918,0.5836719365714945,0.5836719365714945
3,-600.0,-1.237317e-05,1521.9513166222223,1521.9513166222223,522.8408000000001,6.3037447551196735,0.561764160549674,0.561764160549674
4,-500.0,-1.096477e-05,1276.520088888889,1276.520088888889,450.0776,6.084619095521121,0.5463415487751956,0.5463415487751956
5,-400.0,-9.959347e-06,1036.0083207111113,1036.0083207111113,373.4560000000001,5.72893788617268,0.4714839575447698,0.4714839575447698
6,-300.0,-8.273738e-06,812.272622577778,812.272622577778,296.29359999999997,5.495770325567442,0.44621298611098276,0.44621298611098276
7,-200.0,-6.502987e-06,595.5290894222225,595.5290894222225,217.03520000000003,5.679912002003093,0.3898557390723901,0.3898557390723901
8,-100.0,-4.356444e-06,356.0328551111113,356.0328551111113,128.55520000000007,5.857940045425737,0.4117521211602926,0.4117521211602926
