Num,Voltage,Ileak[nA],CCE[a.u.],CCE2[a.u.],MPV[mV],Noise[mV],Error mu,Error mean
0,-900.0,-1.301758e-05,2323.4738577777775,2323.4738577777775,742.4288,3.383478157571796,0.5719327144761015,0.5719327144761015
1,-800.0,-1.232844e-05,2159.417874488889,2159.417874488889,694.4112000000001,3.3570927288126726,0.5367616104114751,0.5367616104114751
2,-700.0,-1.155444e-05,1928.2372184888889,1928.2372184888889,629.1592,3.381740067753126,0.5554119415226141,0.5554119415226141
3,-600.0,-1.066075e-05,1658.2014844444443,1658.2014844444443,555.5536,3.4124877352902208,0.5101955022603785,0.5101955022603785
4,-500.0,-1.005237e-05,1392.3494296888891,1392.3494296888891,480.0024000000001,3.4158649772921885,0.4788518971185992,0.4788518971185992
5,-400.0,-8.816491e-06,1148.9493429333334,1148.9493429333334,406.02479999999997,3.3064299328967426,0.42956075836565927,0.42956075836565927
6,-300.0,-7.426745e-06,904.0160199111114,904.0160199111114,324.4968,3.2951414319978953,0.39383608643190593,0.39383608643190593
7,-200.0,-5.824882e-06,655.8373255111114,655.8373255111114,236.95200000000006,3.3096517631621714,0.3376983589418219,0.3376983589418219
8,-100.0,-3.932502e-06,392.170292977778,392.170292977778,139.4728000000001,3.2459673751096982,0.3428596261310449,0.3428596261310449
