Num,Voltage,Ileak[nA],CCE[a.u.],CCE2[a.u.],MPV[mV],Noise[mV],Error mu,Error mean
0,-900.0,-9.589688e-06,2003.034787911111,2003.034787911111,682.096,14.070662802108755,0.5840640315538016,0.5840640315538016
1,-800.0,-8.711539e-06,1774.2202307555556,1774.2202307555556,615.2288000000001,13.666779712789195,0.5333192593001688,0.5333192593001688
2,-700.0,-7.857717e-06,1555.199576888889,1555.199576888889,547.6336,13.512364977038306,0.5193214462584826,0.5193214462584826
3,-600.0,-7.018721e-06,1329.4316305777777,1329.4316305777777,475.12160000000006,13.863092954405912,0.48050249833972764,0.48050249833972764
4,-500.0,-6.141024e-06,1102.5144373333333,1102.5144373333333,399.7808,15.085172288310138,0.4922353552506353,0.4922353552506353
5,-400.0,-5.21476e-06,896.3987484444445,896.3987484444445,327.18879999999996,15.329804128123014,0.44579703047337504,0.44579703047337504
6,-300.0,-4.302296e-06,698.3604992000002,698.3604992000002,251.84160000000003,14.760177628536713,0.44988168594189226,0.44988168594189226
7,-200.0,-3.386642e-06,513.1559936000001,513.1559936000001,179.77280000000007,13.699236887256008,0.44446391607472563,0.44446391607472563
8,-100.0,-2.290997e-06,305.84757262222234,305.84757262222234,105.79920000000007,15.063603238650328,0.3426668715122608,0.3426668715122608
