Num,Voltage,Ileak[nA],CCE[a.u.],CCE2[a.u.],MPV[mV],Noise[mV],Error mu,Error mean
0,-900.0,-4.067912e-06,3205.7395600223335,3205.7395600223335,888.2814070351759,3.723586260585603,0.8565286624793568,0.8565286624793568
1,-800.0,-3.898565e-06,3176.6151647124516,3176.6151647124516,868.3417085427136,3.9656941301058963,0.8883972382476939,0.8883972382476939
2,-700.0,-3.750403e-06,3096.131323283082,3096.131323283082,831.9597989949749,4.047423618755388,0.9534214164028386,0.9534214164028386
3,-600.0,-3.520924e-06,2997.9960781686204,2997.9960781686204,782.6331658291457,4.197728531465996,0.8705362014318297,0.8705362014318297
4,-500.0,-3.360379e-06,2790.6596270240093,2790.6596270240093,702.1507537688442,4.353513252630025,0.8901353617877573,0.8901353617877573
5,-400.0,-3.11827e-06,2396.4048330541596,2396.4048330541596,592.1206030150754,4.326781967975525,0.8304805143662415,0.8304805143662415
6,-300.0,-2.766112e-06,1860.4855388051365,1860.4855388051365,467.09547738693465,4.470351334789211,0.6391647773338817,0.6391647773338817
7,-200.0,-2.252848e-06,1292.7555287548853,1292.7555287548853,335.3969849246231,4.691183729217334,0.5449227290810009,0.5449227290810009
8,-100.0,-1.549372e-06,733.2350284757119,733.2350284757119,187.69849246231155,5.043376082528272,0.45379204924555916,0.45379204924555916
