Num,Voltage,Ileak[nA],CCE[a.u.],CCE2[a.u.],MPV[mV],Noise[mV],Error mu,Error mean
0,-900.0,-4.851171e-06,2719.3880156337245,2719.3880156337245,767.5577889447236,2.63950825224293,1.7797074548919334,1.7797074548919334
1,-800.0,-4.598505e-06,2758.140355108878,2758.140355108878,757.9497487437186,2.0718673067124582,0.8826392455847205,0.8826392455847205
2,-700.0,-4.35696e-06,2661.3202903405922,2661.3202903405922,710.2713567839196,2.070266709973055,0.8028928255708921,0.8028928255708921
3,-600.0,-4.10695e-06,2492.169791178112,2492.169791178112,641.4874371859296,2.005456081131313,0.7619080917483084,0.7619080917483084
4,-500.0,-3.79861e-06,2212.651631490787,2212.651631490787,560.0,1.843325067545488,0.8655021354026611,0.8655021354026611
5,-400.0,-3.484945e-06,1831.7898291457286,1831.7898291457286,466.0502512562814,1.8626343949567998,0.7112814082862197,0.7112814082862197
6,-300.0,-3.024165e-06,1394.0267738693467,1394.0267738693467,366.95477386934675,1.936160145716915,0.595308749873646,0.595308749873646
7,-200.0,-2.400038e-06,981.4651032942489,981.4651032942489,261.74874371859295,1.889187910286568,0.4899207331808191,0.4899207331808191
8,-100.0,-1.634138e-06,563.6893087660524,563.6893087660524,145.2462311557789,1.866525036950693,0.37454539052058716,0.37454539052058716
