Num,Voltage,Ileak[nA],CCE[a.u.],CCE2[a.u.],MPV[mV],Noise[mV],Error mu,Error mean
0,-900.0,-1.045194e-05,2211.6102104888887,2211.6102104888887,729.9024000000002,4.612826649398661,0.594926743772979,0.594926743772979
1,-800.0,-1.012029e-05,1972.6881930666668,1972.6881930666668,666.9792000000001,5.747372810737095,0.7606362383381929,0.7606362383381929
2,-700.0,-9.436179e-06,1735.5299388444446,1735.5299388444446,598.2048000000001,5.0332571268619075,0.48698013142681734,0.48698013142681734
3,-600.0,-8.636572e-06,1486.4409048888888,1486.4409048888888,525.9576000000001,5.240742391580947,0.47258686331501054,0.47258686331501054
4,-500.0,-7.751906e-06,1247.3300351999999,1247.3300351999999,450.44800000000004,4.7822386831273915,0.45877599008701425,0.45877599008701425
5,-400.0,-6.730927e-06,1021.8205127111112,1021.8205127111112,377.0432,4.78831988521864,0.3942888468180643,0.3942888468180643
6,-300.0,-5.63073e-06,795.1458410666668,795.1458410666668,298.3464,4.967249238388051,0.3814521702152452,0.3814521702152452
7,-200.0,-4.384771e-06,573.2712551111113,573.2712551111113,216.48640000000003,5.245334697913548,0.36557002262045435,0.36557002262045435
8,-100.0,-3.001114e-06,339.82872462222235,339.82872462222235,128.28560000000007,5.475101417703897,0.33438842697677207,0.33438842697677207
