Num,Voltage,Ileak[nA],CCE[a.u.],CCE2[a.u.],MPV[mV],Noise[mV],Error mu,Error mean
0,-900.0,-1.084255e-05,2438.4781500444446,2438.4781500444446,779.7376,3.9070757774688674,0.5929412424189093,0.5929412424189093
1,-800.0,-1.01458e-05,2203.786296177778,2203.786296177778,715.8112000000001,3.889805248013909,0.5791140370064581,0.5791140370064581
2,-700.0,-9.832072e-06,1936.4796455111114,1936.4796455111114,645.4592,3.866452445281682,0.566699819037627,0.566699819037627
3,-600.0,-9.041339e-06,1668.3275527111111,1668.3275527111111,570.8368,3.912562455200801,0.5110318335778316,0.5110318335778316
4,-500.0,-8.116802e-06,1407.2247132444445,1407.2247132444445,494.5136,3.8951744892759526,0.46439459390341725,0.46439459390341725
5,-400.0,-7.071599e-06,1151.9157351111112,1151.9157351111112,414.616,3.857508775452282,0.4299123071883377,0.4299123071883377
6,-300.0,-5.940738e-06,902.550005688889,902.550005688889,329.8432,3.8878693315922805,0.3542214850735058,0.3542214850735058
7,-200.0,-4.632535e-06,654.3410161777779,654.3410161777779,239.62080000000006,3.8887914187556603,0.35043490473821254,0.35043490473821254
8,-100.0,-3.166463e-06,391.7315452444446,391.7315452444446,140.95360000000008,3.8887733340012907,0.3358988310548281,0.3358988310548281
