Num,Voltage,Ileak[nA],CCE[a.u.],CCE2[a.u.],MPV[mV],Noise[mV],Error mu,Error mean
0,-900.0,-1.13314e-05,2349.6078929777777,2349.6078929777777,742.4056000000002,2.31333709458121,0.6736052148966779,0.6736052148966779
1,-800.0,-1.077582e-05,2179.4263736888893,2179.4263736888893,692.2680000000001,2.310321253847665,0.6377590393730846,0.6377590393730846
2,-700.0,-1.007418e-05,1941.354008888889,1941.354008888889,625.2504000000001,2.2885740254631686,0.6214987799842564,0.6214987799842564
3,-600.0,-9.753917e-06,1669.9423808000001,1669.9423808000001,551.4184,2.3015726247165103,0.5883839432599096,0.5883839432599096
4,-500.0,-8.925373e-06,1399.1937233777778,1399.1937233777778,474.91360000000003,2.2967215875215823,0.5025145220760096,0.5025145220760096
5,-400.0,-7.867556e-06,1139.450927288889,1139.450927288889,397.6936,2.3016709566125173,0.46230760948822736,0.46230760948822736
6,-300.0,-6.668815e-06,891.5536604444445,891.5536604444445,316.8696,2.306946901752655,0.44220552034039506,0.44220552034039506
7,-200.0,-5.243286e-06,646.1515239111113,646.1515239111113,230.37440000000004,2.2916476091285705,0.389905726287778,0.389905726287778
8,-100.0,-3.639394e-06,384.8419299555558,384.8419299555558,134.2816000000001,2.290728371936547,0.3992675835376574,0.3992675835376574
