Num,Voltage,Ileak[nA],CCE[a.u.],CCE2[a.u.],MPV[mV],Noise[mV],Error mu,Error mean
0,-900.0,-5.273684e-06,2656.22298157454,2656.22298157454,738.1708542713568,1.7817533107192083,0.8419361199195469,0.8419361199195469
1,-800.0,-4.900803e-06,2572.067966499163,2572.067966499163,695.9195979899497,1.782235866025841,0.7950947771261713,0.7950947771261713
2,-700.0,-4.59202e-06,2420.320732551647,2420.320732551647,633.4472361809045,1.7285642088544577,0.7648786973754548,0.7648786973754548
3,-600.0,-4.28882e-06,2192.529331099944,2192.529331099944,564.9045226130653,1.8203955472777062,0.770403768909493,0.770403768909493
4,-500.0,-3.992076e-06,1884.6138604131768,1884.6138604131768,486.1105527638191,1.8346815018405138,0.7194404979943676,0.7194404979943676
5,-400.0,-3.568637e-06,1529.5579050809604,1529.5579050809604,403.53768844221105,1.8451274609798034,0.6492846122649895,0.6492846122649895
6,-300.0,-3.003624e-06,1184.5285092127301,1184.5285092127301,319.035175879397,1.8834765541358143,0.5434590123576911,0.5434590123576911
7,-200.0,-2.407427e-06,837.4727682858739,837.4727682858739,225.12562814070353,1.9385918841257037,0.48131394930016197,0.48131394930016197
8,-100.0,-1.656296e-06,483.1060904522611,483.1060904522611,126.07035175879398,1.8474557399034928,0.4923765053832281,0.4923765053832281
