Num,Voltage,Ileak[nA],CCE[a.u.],CCE2[a.u.],MPV[mV],Noise[mV],Error mu,Error mean
0,-900.0,-5.070995e-06,2596.2875890563932,2596.2875890563932,729.286432160804,3.334449721256413,1.3744025017465298,1.3744025017465298
1,-800.0,-4.798561e-06,2527.283689558906,2527.283689558906,696.643216080402,3.249425581625187,1.2665169099040823,1.2665169099040823
2,-700.0,-4.538368e-06,2444.6710173087663,2444.6710173087663,654.3517587939698,3.345891730470711,1.1685139696511357,1.1685139696511357
3,-600.0,-4.268705e-06,2269.734342825237,2269.734342825237,585.7286432160804,3.4565976197956,1.098928415787908,1.098928415787908
4,-500.0,-4.013206e-06,2009.5737710776104,2009.5737710776104,508.7437185929648,3.5260777326363097,1.0283538404335328,1.0283538404335328
5,-400.0,-3.637375e-06,1665.9185527638192,1665.9185527638192,421.6683417085427,3.366705231828547,1.0917606170183904,1.0917606170183904
6,-300.0,-3.210409e-06,1277.8170318257953,1277.8170318257953,331.09547738693465,3.4387948993400532,0.9912325474977046,0.9912325474977046
7,-200.0,-2.522797e-06,902.5858358458962,902.5858358458962,235.65829145728642,3.318695907452612,0.9077288610582125,0.9077288610582125
8,-100.0,-1.777507e-06,515.3693802345057,515.3693802345057,129.2462311557789,3.383607144558886,0.8353205613355222,0.8353205613355222
