Num,Voltage,Ileak[nA],CCE[a.u.],CCE2[a.u.],MPV[mV],Noise[mV],Error mu,Error mean
0,-900.0,-1.19212e-05,2318.0897112888892,2318.0897112888892,743.0008000000001,3.3841288693058273,0.6237403268473833,0.6237403268473833
1,-800.0,-1.123319e-05,2128.439681422222,2128.439681422222,688.3944,3.4225055428002986,0.5292252531734318,0.5292252531734318
2,-700.0,-1.05026e-05,1881.0542421333334,1881.0542421333334,619.2392000000001,3.388847924747682,0.5416253280931376,0.5416253280931376
3,-600.0,-1.01042e-05,1615.2506467555556,1615.2506467555556,546.072,3.4222830985754324,0.47205797522727977,0.47205797522727977
4,-500.0,-9.140045e-06,1354.4103367111115,1354.4103367111115,471.0536,3.4036965769688012,0.4808939902593072,0.4808939902593072
5,-400.0,-7.979602e-06,1103.624109511111,1103.624109511111,393.0184,3.416908466055605,0.4665578995837498,0.4665578995837498
6,-300.0,-6.690395e-06,862.8392853333336,862.8392853333336,312.85679999999996,3.413682624315793,0.39863832565733115,0.39863832565733115
7,-200.0,-5.251933e-06,626.8739925333336,626.8739925333336,228.15680000000003,3.419834131286357,0.36400943017938514,0.36400943017938514
8,-100.0,-3.598455e-06,374.35956337777793,374.35956337777793,135.0752000000001,3.443774750139557,0.3481185563568828,0.3481185563568828
