Num,Voltage,Ileak[nA],CCE[a.u.],CCE2[a.u.],MPV[mV],Noise[mV],Error mu,Error mean
0,-900.0,-1.479955e-05,2420.0422748444444,2420.0422748444444,766.7976000000002,3.722105849977874,1.1099608518934327,1.1099608518934327
1,-800.0,-1.387483e-05,2197.6352337777776,2197.6352337777776,706.8800000000001,3.643746318052478,1.0425651050482767,1.0425651050482767
2,-700.0,-1.295041e-05,1930.0118019555555,1930.0118019555555,637.5072000000001,3.6079990894608915,1.1431132894757152,1.1431132894757152
3,-600.0,-1.182149e-05,1660.6035704888893,1660.6035704888893,564.2719999999999,3.6357474967424706,1.148383080667283,1.148383080667283
4,-500.0,-1.057792e-05,1400.3342176000003,1400.3342176000003,488.7968,3.6552762760213415,0.9807482785945024,0.9807482785945024
5,-400.0,-9.545432e-06,1150.0423203555556,1150.0423203555556,410.536,3.6263189244613026,0.9741939832364394,0.9741939832364394
6,-300.0,-8.0007e-06,906.4416928000002,906.4416928000002,327.32559999999995,3.6014691513572323,0.9300415942086031,0.9300415942086031
7,-200.0,-6.262148e-06,660.9048327111112,660.9048327111112,238.852,3.6327483735324244,0.9450550142547258,0.9450550142547258
8,-100.0,-4.208851e-06,391.80021617777805,391.80021617777805,140.31200000000007,3.5739668806413127,0.942291413441257,0.942291413441257
