Num,Voltage,Ileak[nA],CCE[a.u.],CCE2[a.u.],MPV[mV],Noise[mV],Error mu,Error mean
0,-900.0,-1.360731e-05,2294.837153777778,2294.837153777778,725.8872000000001,2.634289376175689,0.672993829844885,0.672993829844885
1,-800.0,-1.283802e-05,2093.805881955556,2093.805881955556,669.0744,2.756849412119961,0.6106577080686674,0.6106577080686674
2,-700.0,-1.200578e-05,1842.145262577778,1842.145262577778,600.4568,2.891977459465119,0.6213349200387185,0.6213349200387185
3,-600.0,-1.104359e-05,1577.9282656000003,1577.9282656000003,530.6064,2.9386497222439507,0.4879743711879954,0.4879743711879954
4,-500.0,-1.037811e-05,1322.9100398222226,1322.9100398222226,459.3864,2.887608994600683,0.5178916538872576,0.5178916538872576
5,-400.0,-9.048884e-06,1081.5062560000003,1081.5062560000003,385.59119999999996,2.8900884586231386,0.47112957447768034,0.47112957447768034
6,-300.0,-7.577612e-06,850.8759804444447,850.8759804444447,308.4944,2.9017412218558163,0.4190866953990309,0.4190866953990309
7,-200.0,-5.948707e-06,627.4332515555558,627.4332515555558,227.66320000000007,2.6382577228069706,0.41589703202595657,0.41589703202595657
8,-100.0,-4.033621e-06,372.08278151111136,372.08278151111136,132.75920000000008,2.6443374048588817,0.37636009173513585,0.37636009173513585
