Num,Voltage,Ileak[nA],CCE[a.u.],CCE2[a.u.],MPV[mV],Noise[mV],Error mu,Error mean
0,-900.0,-1.176584e-05,2257.9939459555553,2257.9939459555553,726.4824000000002,3.9535614495450058,0.6314249859469304,0.6314249859469304
1,-800.0,-1.110206e-05,2083.468424177778,2083.468424177778,674.7256,4.029809766109575,0.6056734607429335,0.6056734607429335
2,-700.0,-1.042889e-05,1850.538715022222,1850.538715022222,609.2040000000001,4.044275007058867,0.5141998703495751,0.5141998703495751
3,-600.0,-1.006227e-05,1591.188608711111,1591.188608711111,538.5376000000001,3.968155731103728,0.479066061014552,0.479066061014552
4,-500.0,-9.065133e-06,1334.0463541333334,1334.0463541333334,465.7472000000001,3.9696434090286314,0.4165325810772557,0.4165325810772557
5,-400.0,-7.977068e-06,1090.4043509333333,1090.4043509333333,391.61679999999996,3.934599426037902,0.4021538092923157,0.4021538092923157
6,-300.0,-6.714349e-06,857.5217738666668,857.5217738666668,314.236,3.822861696013139,0.39194670077488813,0.39194670077488813
7,-200.0,-5.218962e-06,619.9099086222225,619.9099086222225,228.74560000000002,3.901356438290106,0.3427665522370579,0.3427665522370579
8,-100.0,-3.58502e-06,366.1130165333335,366.1130165333335,134.3848000000001,4.015760068330778,0.3216210571494352,0.3216210571494352
