Num,Voltage,Ileak[nA],CCE[a.u.],CCE2[a.u.],MPV[mV],Noise[mV],Error mu,Error mean
0,-900.0,-1.008792e-05,2267.223013688889,2267.223013688889,734.7456000000001,3.561043887024363,0.5482569392112384,0.5482569392112384
1,-800.0,-9.734315e-06,2020.3517493333336,2020.3517493333336,668.7552000000002,3.5738974439056808,0.4947262047269382,0.4947262047269382
2,-700.0,-9.007737e-06,1769.3399772444445,1769.3399772444445,598.7024,3.5525155461252713,0.5105215923328615,0.5105215923328615
3,-600.0,-8.207739e-06,1524.494462577778,1524.494462577778,528.2624000000001,3.5770137000093145,0.444681785937224,0.444681785937224
4,-500.0,-7.320053e-06,1284.2280881777779,1284.2280881777779,454.64160000000004,3.538523663514818,0.38743055855685704,0.38743055855685704
5,-400.0,-6.362751e-06,1050.0226307555556,1050.0226307555556,378.8464,3.585820169580851,0.3754160734996837,0.3754160734996837
6,-300.0,-5.255649e-06,822.5115168000001,822.5115168000001,299.88719999999995,3.5506163674244267,0.3556370900540032,0.3556370900540032
7,-200.0,-4.089754e-06,594.3576348444446,594.3576348444446,216.0456,3.5638677178648916,0.31877472298085413,0.31877472298085413
8,-100.0,-2.871388e-06,356.5932231111113,356.5932231111113,126.4016000000001,3.5562146269160073,0.31025630570868346,0.31025630570868346
