Num,Voltage,Ileak[nA],CCE[a.u.],CCE2[a.u.],MPV[mV],Noise[mV],Error mu,Error mean
0,-900.0,-1.372459e-05,2355.651051377778,2355.651051377778,757.1864000000002,2.551649111354566,0.5903212382542928,0.5903212382542928
1,-800.0,-1.291198e-05,2177.253301333334,2177.253301333334,705.5720000000001,2.59650819336705,0.5558344328149513,0.5558344328149513
2,-700.0,-1.207303e-05,1937.4053511111113,1937.4053511111113,638.5696,2.607581190260903,0.5128212221805168,0.5128212221805168
3,-600.0,-1.116931e-05,1656.4636064,1656.4636064,563.3528000000001,2.613381390680579,0.4693398895517834,0.4693398895517834
4,-500.0,-1.011049e-05,1387.8440227555557,1387.8440227555557,487.01439999999997,2.655182848802101,0.4305941010590847,0.4305941010590847
5,-400.0,-9.207226e-06,1131.7356945777778,1131.7356945777778,408.57520000000005,2.6151955680107766,0.4234374185963245,0.4234374185963245
6,-300.0,-7.742226e-06,885.6353667555558,885.6353667555558,325.50319999999994,2.6401264156003243,0.40107875719364533,0.40107875719364533
7,-200.0,-6.096328e-06,641.9401144888892,641.9401144888892,237.98640000000003,2.632925440574551,0.3861847175416444,0.3861847175416444
8,-100.0,-4.117537e-06,383.6214019555557,383.6214019555557,141.7496000000001,2.6329184902342275,0.3641971335092029,0.3641971335092029
