Num,Voltage,Ileak[nA],CCE[a.u.],CCE2[a.u.],MPV[mV],Noise[mV],Error mu,Error mean
0,-900.0,-1.291752e-05,2312.789008,2312.789008,734.0768000000003,2.5049096336772094,0.6249002706572624,0.6249002706572624
1,-800.0,-1.220714e-05,2147.3457614222225,2147.3457614222225,685.8968000000002,2.4946212371261876,0.5505086402734137,0.5505086402734137
2,-700.0,-1.14386e-05,1918.0820085333337,1918.0820085333337,622.2440000000001,2.5273169685920553,0.5380131887917978,0.5380131887917978
3,-600.0,-1.05847e-05,1645.0145400888891,1645.0145400888891,548.9384000000001,2.5189381447088253,0.4958885550927741,0.4958885550927741
4,-500.0,-1.000983e-05,1378.1330012444448,1378.1330012444448,475.06320000000005,2.5007090144187236,0.47909416118136877,0.47909416118136877
5,-400.0,-8.776597e-06,1123.1894567111112,1123.1894567111112,398.24800000000005,2.5200530388735483,0.46645623053967217,0.46645623053967217
6,-300.0,-7.374351e-06,881.4131452444446,881.4131452444446,318.0208,2.516334746614068,0.4686734834060912,0.4686734834060912
7,-200.0,-5.804808e-06,640.0610890666669,640.0610890666669,231.81440000000003,2.4978210044934945,0.4123193137999735,0.4123193137999735
8,-100.0,-3.928443e-06,380.3946926222224,380.3946926222224,135.3504000000001,2.503666852334101,0.3940831115362342,0.3940831115362342
