Num,Voltage,Ileak[nA],CCE[a.u.],CCE2[a.u.],MPV[mV],Noise[mV],Error mu,Error mean
0,-900.0,-4.416696e-06,2700.445498604132,2700.445498604132,772.5427135678392,2.322766170226986,0.6781755747479912,0.6781755747479912
1,-800.0,-4.148073e-06,2641.7800111669453,2641.7800111669453,742.6733668341709,2.3722293435658033,0.6990954315008142,0.6990954315008142
2,-700.0,-3.973903e-06,2563.6161786711336,2563.6161786711336,701.7889447236181,2.3588930259749423,0.687512451926965,0.687512451926965
3,-600.0,-3.725947e-06,2431.7516113902852,2431.7516113902852,641.286432160804,2.316410220160023,0.7005195872680845,0.7005195872680845
4,-500.0,-3.501268e-06,2167.6921853713006,2167.6921853713006,558.1909547738693,2.3390200202511298,0.6669994033404905,0.6669994033404905
5,-400.0,-3.211675e-06,1801.1960245672808,1801.1960245672808,465.20603015075375,2.3847899043337337,0.7235179917803701,0.7235179917803701
6,-300.0,-2.841789e-06,1366.2788967057506,1366.2788967057506,367.8391959798995,2.4577221074153544,0.5294506851518546,0.5294506851518546
7,-200.0,-2.299788e-06,943.9028743718594,943.9028743718594,261.4673366834171,2.7373703051516665,0.5256333090587046,0.5256333090587046
8,-100.0,-1.562881e-06,544.5816460078167,544.5816460078167,148.62311557788945,2.5278514836947927,0.5380719998614785,0.5380719998614785
