Num,Voltage,Ileak[nA],CCE[a.u.],CCE2[a.u.],MPV[mV],Noise[mV],Error mu,Error mean
0,-900.0,-4.263806e-06,3273.2576303740925,3273.2576303740925,912.4824120603015,4.5340002421942085,0.867455861914647,0.867455861914647
1,-800.0,-4.002512e-06,3247.5278793969846,3247.5278793969846,892.2613065326633,4.504163173555663,0.9366356553362571,0.9366356553362571
2,-700.0,-3.863812e-06,3181.938349525405,3181.938349525405,857.2462311557789,4.462154927167028,0.8431196008736771,0.8431196008736771
3,-600.0,-3.657141e-06,3055.1300323841433,3055.1300323841433,799.9195979899497,4.496787519520702,0.7806387389976849,0.7806387389976849
4,-500.0,-3.435326e-06,2800.738126186488,2800.738126186488,712.8040201005025,4.540991401564178,0.8578518095015931,0.8578518095015931
5,-400.0,-3.122589e-06,2360.499868230039,2360.499868230039,602.3718592964824,4.521091849408642,0.8422828370057491,0.8422828370057491
6,-300.0,-2.784329e-06,1799.2739519821328,1799.2739519821328,479.31658291457285,4.487154663171308,0.7168860330538513,0.7168860330538513
7,-200.0,-2.246768e-06,1310.1400692350642,1310.1400692350642,352.6030150753769,3.3700123873014625,4.516158914422262,4.516158914422262
8,-100.0,-1.517287e-06,793.7906778336123,793.7906778336123,201.0854271356784,2.132535317954669,0.4073147149285721,0.4073147149285721
