Num,Voltage,Ileak[nA],CCE[a.u.],CCE2[a.u.],MPV[mV],Noise[mV],Error mu,Error mean
0,-900.0,-1.077263e-05,2307.978014577778,2307.978014577778,730.9728000000001,2.6011931714010035,0.5961283837628308,0.5961283837628308
1,-800.0,-1.010702e-05,2099.306996622223,2099.306996622223,672.2664000000001,2.61984380058746,0.5759344426648554,0.5759344426648554
2,-700.0,-9.861286e-06,1842.9369923555555,1842.9369923555555,602.2592000000001,2.6504713379815543,0.5819030114913625,0.5819030114913625
3,-600.0,-9.120268e-06,1584.4981788444443,1584.4981788444443,531.2104,2.6112141879455995,0.5287697243980606,0.5287697243980606
4,-500.0,-8.190369e-06,1328.3601216000004,1328.3601216000004,457.024,2.6116449989826553,0.42381533790083664,0.42381533790083664
5,-400.0,-7.213102e-06,1082.6101511111112,1082.6101511111112,381.5424,2.6395900135821226,0.4311681245420638,0.4311681245420638
6,-300.0,-6.063671e-06,844.6435271111113,844.6435271111113,302.76959999999997,2.6495102302589655,0.4124598617954481,0.4124598617954481
7,-200.0,-4.69585e-06,611.9129447111113,611.9129447111113,220.16800000000006,2.6099618111429703,0.36313225680834244,0.36313225680834244
8,-100.0,-3.29143e-06,364.51771520000017,364.51771520000017,129.5536000000001,2.6181559296913126,0.3356244273846582,0.3356244273846582
