Num,Voltage,Ileak[nA],CCE[a.u.],CCE2[a.u.],MPV[mV],Noise[mV],Error mu,Error mean
0,-900.0,-1.660682e-05,1920.4206044444443,1920.4206044444443,616.48,4.979689409720645,0.5605488053684248,0.5605488053684248
1,-800.0,-1.547881e-05,1736.281902222222,1736.281902222222,561.32,5.146778980735739,0.7039097760366733,0.7039097760366733
2,-700.0,-1.45814e-05,1521.762737777778,1521.762737777778,502.04,5.158812879043749,0.616952769667176,0.616952769667176
3,-600.0,-1.328747e-05,1291.1998222222223,1291.1998222222223,438.04,5.212427978600641,0.6152157501234831,0.6152157501234831
4,-500.0,-1.178289e-05,1082.8741333333332,1082.8741333333332,376.36,5.225067782654435,0.7480375519985663,0.7480375519985663
5,-400.0,-1.033928e-05,901.1730666666664,901.1730666666664,319.04,5.0273755026300195,0.5453556637644827,0.5453556637644827
6,-300.0,-9.25879e-06,706.3935644444443,706.3935644444443,251.28,5.183470861579093,0.4168611241168927,0.4168611241168927
7,-200.0,-7.081521e-06,518.1530844444443,518.1530844444443,182.24,5.171148159156787,0.3907457485373327,0.3907457485373327
8,-100.0,-4.766278e-06,310.3548266666666,310.3548266666666,104.12,5.0827906158373715,0.43555160796396986,0.43555160796396986
