Num,Voltage,Ileak[nA],CCE[a.u.],CCE2[a.u.],MPV[mV],Noise[mV],Error mu,Error mean
0,-900.0,-1.238008e-05,2277.7123452444444,2277.7123452444444,727.8712,3.064956464384583,0.6301884034893719,0.6301884034893719
1,-800.0,-1.165904e-05,2097.0815448888893,2097.0815448888893,675.1192000000001,3.0597185324111513,0.6800527029929387,0.6800527029929387
2,-700.0,-1.101077e-05,1889.9930023111112,1889.9930023111112,614.7512000000002,2.9464043581555512,0.6098210944528571,0.6098210944528571
3,-600.0,-1.017605e-05,1619.7701685333334,1619.7701685333334,540.3952,2.9225296504075216,0.5203315493478374,0.5203315493478374
4,-500.0,-9.625292e-06,1370.141253688889,1370.141253688889,469.0144,3.1368807636430147,0.5343725477978842,0.5343725477978842
5,-400.0,-8.470646e-06,1102.3193379555555,1102.3193379555555,388.4512,3.0175051878065604,0.43076141090083714,0.43076141090083714
6,-300.0,-7.144452e-06,856.4271619555558,856.4271619555558,307.99519999999995,3.0943431535977526,0.39797920727836966,0.39797920727836966
7,-200.0,-5.60216e-06,619.6627772444446,619.6627772444446,223.75760000000002,3.213813301725945,0.374470440956399,0.374470440956399
8,-100.0,-3.817375e-06,368.4692184888891,368.4692184888891,131.9384000000001,3.22487212102403,0.4018578115901199,0.4018578115901199
