Num,Voltage,Ileak[nA],CCE[a.u.],CCE2[a.u.],MPV[mV],Noise[mV],Error mu,Error mean
0,-900.0,-1.105586e-05,2255.846221866667,2255.846221866667,716.9744000000001,2.780685667352969,1.3187184806766326,1.3187184806766326
1,-800.0,-1.040348e-05,2094.1423274666668,2094.1423274666668,669.5152,2.629709200179958,0.5811422658465636,0.5811422658465636
2,-700.0,-1.016019e-05,1851.3487260444444,1851.3487260444444,601.4536,2.617249943525447,0.4818941845675246,0.4818941845675246
3,-600.0,-9.372805e-06,1577.9124995555558,1577.9124995555558,526.8,2.63665219573685,0.5359308479523086,0.5359308479523086
4,-500.0,-8.478464e-06,1274.3461127111113,1274.3461127111113,440.4440000000001,3.1471098923125265,0.5219576293682069,0.5219576293682069
5,-400.0,-7.427524e-06,1054.1923968,1054.1923968,372.05519999999996,2.919981239391787,0.48954491941671396,0.48954491941671396
6,-300.0,-6.26362e-06,826.7028597333334,826.7028597333334,297.116,2.8583099969970602,0.5718319452863059,0.5718319452863059
7,-200.0,-4.864829e-06,603.8374826666669,603.8374826666669,217.42720000000006,2.7479215282342646,0.4490793671679885,0.4490793671679885
8,-100.0,-3.385773e-06,357.67485582222247,357.67485582222247,126.7576000000001,2.8388389163194656,0.39835577734321903,0.39835577734321903
