Num,Voltage,Ileak[nA],CCE[a.u.],CCE2[a.u.],MPV[mV],Noise[mV],Error mu,Error mean
0,-900.0,-1.236457e-05,2235.2411573333334,2235.2411573333334,710.5080000000002,3.4293942357215226,0.6160297813725573,0.6160297813725573
1,-800.0,-1.162379e-05,2070.429806222222,2070.429806222222,662.4808,3.3875852301682867,0.5777691160731944,0.5777691160731944
2,-700.0,-1.094986e-05,1845.4682958222222,1845.4682958222222,599.4448,3.4219803061854392,0.5372713284398513,0.5372713284398513
3,-600.0,-1.006705e-05,1577.1722190222226,1577.1722190222226,527.9704,3.469919352801044,0.5053740587615477,0.5053740587615477
4,-500.0,-9.568408e-06,1316.0509998222226,1316.0509998222226,455.1096,3.5007583202514683,0.4918686133511673,0.4918686133511673
5,-400.0,-8.374051e-06,1072.4017920000001,1072.4017920000001,381.54320000000007,3.481554169939372,0.45215028819577435,0.45215028819577435
6,-300.0,-7.075314e-06,838.8995399111113,838.8995399111113,305.2344,3.5411307588870264,0.41514292141921344,0.41514292141921344
7,-200.0,-5.532301e-06,606.4534165333336,606.4534165333336,222.37120000000002,3.5561165484212633,0.3786907601724666,0.3786907601724666
8,-100.0,-3.768264e-06,360.5292842666669,360.5292842666669,131.5600000000001,3.606586325759521,0.3511444552048632,0.3511444552048632
