Num,Voltage,Ileak[nA],CCE[a.u.],CCE2[a.u.],MPV[mV],Noise[mV],Error mu,Error mean
0,-900.0,-1.443697e-05,2463.1160636444447,2463.1160636444447,769.4592000000001,3.5836870784331047,0.95846817795831,0.95846817795831
1,-800.0,-1.360167e-05,2274.7582602666666,2274.7582602666666,717.8136000000002,3.6054620415635448,0.9355153077248473,0.9355153077248473
2,-700.0,-1.26659e-05,2030.7667957333333,2030.7667957333333,652.8552000000001,3.602301408056924,0.9203602494675681,0.9203602494675681
3,-600.0,-1.161148e-05,1739.5305845333332,1739.5305845333332,577.2664,3.5863412762188593,0.9108890499012923,0.9108890499012923
4,-500.0,-1.047279e-05,1457.712427022222,1457.712427022222,500.0832,3.5935491429703887,0.8657726656622973,0.8657726656622973
5,-400.0,-9.528668e-06,1196.0820487111114,1196.0820487111114,420.68559999999997,3.587380951747114,0.8551286868945966,0.8551286868945966
6,-300.0,-7.97702e-06,943.097621688889,943.097621688889,336.21119999999996,3.5953650760670297,0.8322163453333474,0.8322163453333474
7,-200.0,-6.282548e-06,688.5666584888891,688.5666584888891,245.9752,3.6343624462532365,0.7944151215672571,0.7944151215672571
8,-100.0,-4.259243e-06,410.6353226666669,410.6353226666669,144.7184000000001,3.596587288960344,0.7963145176070071,0.7963145176070071
