Num,Voltage,Ileak[nA],CCE[a.u.],CCE2[a.u.],MPV[mV],Noise[mV],Error mu,Error mean
0,-900.0,-1.320023e-05,2480.3070208000004,2480.3070208000004,775.0040000000002,1.9890579611017432,0.7214335289130951,0.7214335289130951
1,-800.0,-1.241081e-05,2295.478624,2295.478624,722.4336000000002,2.014217148174447,0.6832028506732093,0.6832028506732093
2,-700.0,-1.162454e-05,2042.9235281777778,2042.9235281777778,655.0088000000001,1.9846480722253141,0.5776131960775115,0.5776131960775115
3,-600.0,-1.075411e-05,1754.7090631111112,1754.7090631111112,578.9040000000001,2.000047605161832,0.5397295251512544,0.5397295251512544
4,-500.0,-1.01023e-05,1473.0797557333335,1473.0797557333335,501.4272,1.9949083587529084,0.49020913623472784,0.49020913623472784
5,-400.0,-8.840906e-06,1204.9425987555558,1204.9425987555558,420.68320000000006,1.97758545451421,0.4984229049812206,0.4984229049812206
6,-300.0,-7.410224e-06,946.9447790222225,946.9447790222225,335.8728,1.9895775366893265,0.39230376850598886,0.39230376850598886
7,-200.0,-5.831826e-06,690.3371722666669,690.3371722666669,245.27120000000002,2.0158944919040014,0.38128562986359793,0.38128562986359793
8,-100.0,-3.945523e-06,411.59576142222244,411.59576142222244,143.2880000000001,1.9942499621129883,0.3856071819480542,0.3856071819480542
