Num,Voltage,Ileak[nA],CCE[a.u.],CCE2[a.u.],MPV[mV],Noise[mV],Error mu,Error mean
0,-900.0,-1.366225e-05,2236.9404053333337,2236.9404053333337,659.8872,28.141740225239964,20.798158350872022,20.798158350872022
1,-800.0,-1.295528e-05,2105.965616,2105.965616,617.6568000000001,27.457126324330126,20.58428274811789,20.58428274811789
2,-700.0,-1.203599e-05,1844.0182791111113,1844.0182791111113,564.1912,27.981358430081478,20.835037278919177,20.835037278919177
3,-600.0,-1.11455e-05,1623.958687288889,1623.958687288889,502.5272000000001,26.945442897142748,18.802049328001665,18.802049328001665
4,-500.0,-1.000424e-05,1348.694192026801,1348.694192026801,436.972864321608,26.38991782702521,20.902504551100197,20.902504551100197
5,-400.0,-9.126327e-06,1053.7517728,1053.7517728,364.24960000000004,25.692839136610292,20.265537443757673,20.265537443757673
6,-300.0,-7.701984e-06,835.2325060381595,835.2325060381595,295.6379797979798,26.611460378932073,18.359681146143142,18.359681146143142
7,-200.0,-6.055574e-06,609.2186570028491,609.2186570028491,218.6231794871795,25.667041031072475,16.48610048657653,16.48610048657653
8,-100.0,-4.060888e-06,354.63176289958415,354.63176289958415,161.34759358288778,24.53525493414962,17.32201681719748,17.32201681719748
