Num,Voltage,Ileak[nA],CCE[a.u.],CCE2[a.u.],MPV[mV],Noise[mV],Error mu,Error mean
0,-900.0,-1.538533e-05,2270.5279999999993,2270.5279999999993,718.6,10.128160082989737,0.7329324247159523,0.7329324247159523
1,-800.0,-1.442725e-05,2077.2075377777774,2077.2075377777774,662.72,11.238033798415136,0.6541605821203252,0.6541605821203252
2,-700.0,-1.342218e-05,1845.698702222222,1845.698702222222,598.68,11.255087268968587,0.5663574108281814,0.5663574108281814
3,-600.0,-1.234298e-05,1587.7403733333333,1587.7403733333333,529.08,11.220874119247572,0.4878921192230908,0.4878921192230908
4,-500.0,-1.121257e-05,1332.964568888889,1332.964568888889,457.48,11.05933280196827,0.5786890011050864,0.5786890011050864
5,-400.0,-1.01844e-05,1087.5027555555557,1087.5027555555557,384.4,11.484446078431256,0.4750679816615767,0.4750679816615767
6,-300.0,-8.489969e-06,854.2319466666664,854.2319466666664,309.2,11.81332691873415,0.4266279915804875,0.4266279915804875
7,-200.0,-6.73772e-06,625.6611733333333,625.6611733333333,226.56,11.457615245377681,0.44753219861815446,0.44753219861815446
8,-100.0,-4.56448e-06,377.3559466666666,377.3559466666666,135.84,12.292493536029758,0.4397980045429941,0.4397980045429941
