Num,Voltage,Ileak[nA],CCE[a.u.],CCE2[a.u.],MPV[mV],Noise[mV],Error mu,Error mean
0,-900.0,-1.267379e-05,2480.2567854222225,2480.2567854222225,777.1616000000004,2.1925036325952143,0.6529571831313926,0.6529571831313926
1,-800.0,-1.20149e-05,2295.649346488889,2295.649346488889,724.8384,2.1735820629811937,0.6176797047013932,0.6176797047013932
2,-700.0,-1.125857e-05,2043.686961066667,2043.686961066667,656.5056,2.2056297287320614,0.5890841858489172,0.5890841858489172
3,-600.0,-1.038169e-05,1751.2070933333334,1751.2070933333334,578.9512000000001,2.1887723105785937,0.5544515783499209,0.5544515783499209
4,-500.0,-9.764495e-06,1467.7034954666667,1467.7034954666667,500.8848,2.197395803764083,0.4533196676409242,0.4533196676409242
5,-400.0,-8.544814e-06,1200.198997688889,1200.198997688889,420.84,2.2135559767492827,0.47319783218573636,0.47319783218573636
6,-300.0,-7.192998e-06,943.7792906666668,943.7792906666668,336.13919999999996,2.210302940523966,0.3874891852323114,0.3874891852323114
7,-200.0,-5.638236e-06,685.3385230222225,685.3385230222225,244.49120000000002,2.186911833067323,0.3331156330242084,0.3331156330242084
8,-100.0,-3.819392e-06,407.1071715555557,407.1071715555557,143.3112000000001,2.1943902427061492,0.33056265632233783,0.33056265632233783
