Num,Voltage,Ileak[nA],CCE[a.u.],CCE2[a.u.],MPV[mV],Noise[mV],Error mu,Error mean
0,-900.0,-1.144197e-05,2216.941532088889,2216.941532088889,713.9064000000002,3.9536180102087406,0.563227866583326,0.563227866583326
1,-800.0,-1.084155e-05,2029.8303441777782,2029.8303441777782,659.5112000000001,3.9335840646538585,0.5733215023280404,0.5733215023280404
2,-700.0,-1.012234e-05,1789.277568355556,1789.277568355556,592.7560000000001,3.8818865148727135,0.5104985993840925,0.5104985993840925
3,-600.0,-9.76451e-06,1534.4513201777777,1534.4513201777777,521.9136,3.9211543103089337,0.44877347400540574,0.44877347400540574
4,-500.0,-8.819442e-06,1287.8060376888889,1287.8060376888889,450.14959999999996,3.898277650903769,0.4340856266734467,0.4340856266734467
5,-400.0,-7.719123e-06,1051.2368184888892,1051.2368184888892,377.36800000000005,3.8633980670536117,0.43320009968752127,0.43320009968752127
6,-300.0,-6.485331e-06,822.0959836444445,822.0959836444445,300.80080000000004,3.931009931601626,0.4281859841143807,0.4281859841143807
7,-200.0,-5.037675e-06,595.3504483555558,595.3504483555558,219.20800000000003,3.8791273043352814,0.3349712286706416,0.3349712286706416
8,-100.0,-3.497702e-06,354.3378346666669,354.3378346666669,130.1296000000001,4.093389712098166,0.29232036003042977,0.29232036003042977
