Num,Voltage,Ileak[nA],CCE[a.u.],CCE2[a.u.],MPV[mV],Noise[mV],Error mu,Error mean
0,-900.0,-1.437147e-05,2450.4746858666667,2450.4746858666667,771.8992000000002,3.612726418303927,1.0910875693844555,1.0910875693844555
1,-800.0,-1.356059e-05,2251.4431982222222,2251.4431982222222,715.4256000000001,3.6297210645338835,1.038272839181067,1.038272839181067
2,-700.0,-1.268603e-05,1991.4495968000003,1991.4495968000003,646.3576000000002,3.645507115365129,1.03686804239938,1.03686804239938
3,-600.0,-1.15716e-05,1706.851338666667,1706.851338666667,569.8184,3.6284594794179226,1.0764577423977228,1.0764577423977228
4,-500.0,-1.042244e-05,1436.8396874666669,1436.8396874666669,493.18320000000006,3.60925260077177,0.9928184249597292,0.9928184249597292
5,-400.0,-9.454175e-06,1178.1074197333335,1178.1074197333335,413.86640000000006,3.6178083045831917,1.07260794613443,1.07260794613443
6,-300.0,-7.96718e-06,925.6613251555557,925.6613251555557,329.1656,3.637707626910656,1.0458354007187172,1.0458354007187172
7,-200.0,-6.242517e-06,674.4293955555559,674.4293955555559,239.44800000000004,3.6489687879599866,0.9851132062367657,0.9851132062367657
8,-100.0,-4.194668e-06,397.76563342222244,397.76563342222244,139.78240000000008,3.5962536801277114,0.9753430733413146,0.9753430733413146
