Num,Voltage,Ileak[nA],CCE[a.u.],CCE2[a.u.],MPV[mV],Noise[mV],Error mu,Error mean
0,-900.0,-1.281201e-05,2540.7284327111115,2540.7284327111115,784.1136000000001,3.8209968948869624,1.3345036655348974,1.3345036655348974
1,-800.0,-1.213457e-05,2380.5344170666667,2380.5344170666667,738.7544,3.690297850165124,1.3892038341899275,1.3892038341899275
2,-700.0,-1.143422e-05,2153.6966595555555,2153.6966595555555,675.8840000000001,3.7574911615118283,1.4337671068035032,1.4337671068035032
3,-600.0,-1.05749e-05,1861.8150314666668,1861.8150314666668,598.2320000000001,3.762640623959013,1.2557488982443572,1.2557488982443572
4,-500.0,-1.008736e-05,1562.023747555556,1562.023747555556,517.128,3.795646500862031,1.3776805289652307,1.3776805289652307
5,-400.0,-8.891855e-06,1268.744108088889,1268.744108088889,433.5672,3.8077825784076347,1.361367211331432,1.361367211331432
6,-300.0,-7.528608e-06,993.5113116444444,993.5113116444444,346.64159999999987,3.8103484606639273,1.3705238565656856,1.3705238565656856
7,-200.0,-5.917382e-06,725.7804974222224,725.7804974222224,253.40880000000004,3.8226626347276866,1.3078606585870223,1.3078606585870223
8,-100.0,-4.069171e-06,434.06276337777797,434.06276337777797,149.43920000000008,3.8027979505050538,1.1619765674822884,1.1619765674822884
