Num,Voltage,Ileak[nA],CCE[a.u.],CCE2[a.u.],MPV[mV],Noise[mV],Error mu,Error mean
0,-900.0,-1.089742e-05,2213.331319466667,2213.331319466667,713.8000000000002,2.8008750466317567,0.5773002827434611,0.5773002827434611
1,-800.0,-1.023076e-05,2016.297842488889,2016.297842488889,657.7920000000001,2.6696142120917905,0.5439187141105577,0.5439187141105577
2,-700.0,-9.940045e-06,1753.4637884444446,1753.4637884444446,584.3816,2.7627919938504153,0.6442078419749939,0.6442078419749939
3,-600.0,-9.101652e-06,1496.8940483555555,1496.8940483555555,511.4063999999999,2.822460383368375,0.5086120268570934,0.5086120268570934
4,-500.0,-8.223595e-06,1296.0193269333333,1296.0193269333333,450.9776,2.5327727119678323,0.9949570373492909,0.9949570373492909
5,-400.0,-7.157683e-06,1056.1739566222222,1056.1739566222222,374.7192,2.5683395253070267,0.4563949357769855,0.4563949357769855
6,-300.0,-5.973583e-06,816.3018531555557,816.3018531555557,293.57439999999997,2.6264188589102666,0.3920210332316372,0.3920210332316372
7,-200.0,-4.637971e-06,578.0776174222225,578.0776174222225,208.04480000000004,2.840605904898321,0.3725646677586057,0.3725646677586057
8,-100.0,-3.225508e-06,345.1856835555557,345.1856835555557,120.83440000000007,2.8350301986154807,0.33647453118903375,0.33647453118903375
