Num,Voltage,Ileak[nA],CCE[a.u.],CCE2[a.u.],MPV[mV],Noise[mV],Error mu,Error mean
0,-900.0,-1.795741e-05,1856.1692444444445,1856.1692444444445,613.72,6.166457253701545,0.7616153275768548,0.7616153275768548
1,-800.0,-1.648589e-05,1641.9473422222218,1641.9473422222218,552.72,6.3572183372646816,0.6670481841666273,0.6670481841666273
2,-700.0,-1.541067e-05,1416.1099022222222,1416.1099022222222,487.92,6.851704288300903,0.6902862015135472,0.6902862015135472
3,-600.0,-1.394677e-05,1205.0334755555555,1205.0334755555555,425.64,6.593384829218816,0.4944319860203205,0.4944319860203205
4,-500.0,-1.201102e-05,1012.9187911111111,1012.9187911111111,364.48,6.443451095856269,0.48465682374232716,0.48465682374232716
5,-400.0,-1.040624e-05,833.637102222222,833.637102222222,303.08,6.636696675713912,0.4456318983196769,0.4456318983196769
6,-300.0,-9.246131e-06,659.6792,659.6792,238.8,6.610214150170258,0.5356000418222542,0.5356000418222542
7,-200.0,-7.075471e-06,473.91808,473.91808,169.36,6.452365078876978,0.8306499122975922,0.8306499122975922
8,-100.0,-4.722219e-06,286.86611555555555,286.86611555555555,98.88,6.125534893247695,0.5785014129628371,0.5785014129628371
