Num,Voltage,Ileak[nA],CCE[a.u.],CCE2[a.u.],MPV[mV],Noise[mV],Error mu,Error mean
0,-900.0,-1.159067e-05,2303.0584981333336,2303.0584981333336,739.3400000000001,3.736978588372639,0.6108155405488646,0.6108155405488646
1,-800.0,-1.08505e-05,2126.141230933333,2126.141230933333,687.6640000000001,3.6661293890968993,0.558769706723618,0.558769706723618
2,-700.0,-1.012957e-05,1881.484535111111,1881.484535111111,619.5352,3.700237990757745,0.4900030378537669,0.4900030378537669
3,-600.0,-9.7333e-06,1611.2319875555556,1611.2319875555556,545.6208,3.7661900587486676,0.4389749544585878,0.4389749544585878
4,-500.0,-8.806899e-06,1345.3881991111111,1345.3881991111111,468.90880000000004,3.819450932707217,0.43749994867053504,0.43749994867053504
5,-400.0,-7.716289e-06,1099.5071896888892,1099.5071896888892,393.6936,3.780374895457126,0.4166452544307687,0.4166452544307687
6,-300.0,-6.500615e-06,860.6638613333334,860.6638613333334,313.9824,3.7259356936062242,0.37286956611705396,0.37286956611705396
7,-200.0,-5.047332e-06,620.6278688000001,620.6278688000001,227.66640000000004,3.738634384335186,0.30849129177673684,0.30849129177673684
8,-100.0,-3.478124e-06,371.0484867555558,371.0484867555558,134.1640000000001,3.716401224918112,0.2886248893250892,0.2886248893250892
