Num,Voltage,Ileak[nA],CCE[a.u.],CCE2[a.u.],MPV[mV],Noise[mV],Error mu,Error mean
0,-900.0,-2.495215e-05,1234.7602954666668,1234.7602954666668,500.81120000000004,4.255971980922808,1.1271493747609507,1.1271493747609507
1,-800.0,-2.223524e-05,1097.038017422222,1097.038017422222,452.75120000000004,4.228194894100645,1.0622163486543013,1.0622163486543013
2,-700.0,-1.963757e-05,965.3354464,965.3354464,402.92879999999997,4.203707217608975,1.0744663897188795,1.0744663897188795
3,-600.0,-1.718027e-05,832.8361112888891,832.8361112888891,352.51039999999995,4.197010788705884,1.1755782349337374,1.1755782349337374
4,-500.0,-1.481038e-05,705.1477859555557,705.1477859555557,302.0344,4.170836370507794,1.1810322700964948,1.1810322700964948
5,-400.0,-1.245238e-05,580.2546759111112,580.2546759111112,249.90240000000003,4.169582904051439,1.1156779241145176,1.1156779241145176
6,-300.0,-1.015402e-05,452.1023971555558,452.1023971555558,195.94080000000002,4.141157707935677,1.1303727564139536,1.1303727564139536
7,-200.0,-8.045207e-06,324.75047786666687,324.75047786666687,140.93520000000007,4.186037064570208,1.1063769937067205,1.1063769937067205
8,-100.0,-5.124172e-06,191.36036053333345,191.36036053333345,83.46720000000005,4.155502259489486,1.1255859474568435,1.1255859474568435
