Num,Voltage,Ileak[nA],CCE[a.u.],CCE2[a.u.],MPV[mV],Noise[mV],Error mu,Error mean
0,-900.0,-2.211602e-05,1064.2595008,1064.2595008,443.75200000000007,3.0078963887592796,0.4431198801862992,0.4431198801862992
1,-800.0,-1.973336e-05,943.8990439111112,943.8990439111112,399.9536,3.017604555784499,0.44989196603415943,0.44989196603415943
2,-700.0,-1.742867e-05,834.3886880000001,834.3886880000001,357.9824,2.963565447677286,0.42102051590866735,0.42102051590866735
3,-600.0,-1.528105e-05,725.947595377778,725.947595377778,314.8992,2.928094319657391,0.4186439103413789,0.4186439103413789
4,-500.0,-1.312662e-05,612.6523719111112,612.6523719111112,268.4304,2.936500501841194,0.42700516680115275,0.42700516680115275
5,-400.0,-1.113158e-05,502.262680888889,502.262680888889,221.97200000000004,2.969066162172549,0.4061438102993573,0.4061438102993573
6,-300.0,-9.470572e-06,394.1879260444446,394.1879260444446,174.54160000000005,2.9093591207602096,0.3873502364800109,0.3873502364800109
7,-200.0,-7.203033e-06,282.5537888000002,282.5537888000002,124.8792000000001,2.8538637255015065,0.35312683056375094,0.35312683056375094
8,-100.0,-4.618437e-06,165.1397329777779,165.1397329777779,73.97600000000004,2.7766328912409346,0.367478625300139,0.367478625300139
