Num,Voltage,Ileak[nA],CCE[a.u.],CCE2[a.u.],MPV[mV],Noise[mV],Error mu,Error mean
0,-900.0,-2.784878e-05,963.6840888888888,963.6840888888888,439.6,55.28427116300523,0.4872381725604001,0.4872381725604001
1,-800.0,-2.485029e-05,850.7323733333333,850.7323733333333,403.56,55.41776769232048,0.4757678896268646,0.4757678896268646
2,-700.0,-2.181796e-05,743.8777955555555,743.8777955555555,367.12,55.588960314432086,0.44713515093313844,0.44713515093313844
3,-600.0,-1.887282e-05,639.7379022222221,639.7379022222221,328.92,55.665075750608544,0.4051247867015787,0.4051247867015787
4,-500.0,-1.632591e-05,537.9989333333332,537.9989333333332,291.52,55.8498966874604,0.43784021194952005,0.43784021194952005
5,-400.0,-1.379948e-05,437.6164977777777,437.6164977777777,251.28,56.089414197223114,0.4065946620407105,0.4065946620407105
6,-300.0,-1.122004e-05,334.3992355555555,334.3992355555555,210.28,56.154432882854955,0.40578408445871783,0.40578408445871783
7,-200.0,-8.868835e-06,229.31521777777778,229.31521777777778,166.08,56.35227655155744,0.38326596509473726,0.38326596509473726
8,-100.0,-5.689565e-06,117.14723555555553,117.14723555555553,129.56,56.51277626593787,0.41574706156508184,0.41574706156508184
