Num,Voltage,Ileak[nA],CCE[a.u.],CCE2[a.u.],MPV[mV],Noise[mV],Error mu,Error mean
0,-900.0,-1.899177e-05,1092.8488928,1092.8488928,461.8528,3.5152749542152937,0.4078364542741122,0.4078364542741122
1,-800.0,-1.648203e-05,954.4104113777779,954.4104113777779,411.43600000000004,3.509588957244122,0.3794751978682115,0.3794751978682115
2,-700.0,-1.409518e-05,825.7440327111111,825.7440327111111,361.08639999999997,3.4784093088112416,0.3545957102883211,0.3545957102883211
3,-600.0,-1.19971e-05,702.9553884444445,702.9553884444445,311.61679999999996,3.502908943840749,0.3643244800778563,0.3643244800778563
4,-500.0,-1.014615e-05,587.737698488889,587.737698488889,262.796,3.4841142848429816,0.3243479082220199,0.3243479082220199
5,-400.0,-8.781264e-06,476.72922915555574,476.72922915555574,214.18000000000004,3.454944918196648,0.3309915440611764,0.3309915440611764
6,-300.0,-7.03599e-06,368.06002702222236,368.06002702222236,166.2624000000001,3.4601636244305127,0.301279859764173,0.301279859764173
7,-200.0,-5.225157e-06,260.8331523555557,260.8331523555557,118.4800000000001,3.460596858301174,0.3162154289548826,0.3162154289548826
8,-100.0,-3.411564e-06,152.4652341333334,152.4652341333334,70.70240000000005,3.4560612826613935,0.29343638118597376,0.29343638118597376
