Num,Voltage,Ileak[nA],CCE[a.u.],CCE2[a.u.],MPV[mV],Noise[mV],Error mu,Error mean
0,-900.0,-2.265249e-05,1106.881045688889,1106.881045688889,457.9768000000001,2.885184543911307,0.4102529854044687,0.4102529854044687
1,-800.0,-2.012611e-05,982.0079392,982.0079392,413.5272,2.91500144131087,0.4850368483829668,0.4850368483829668
2,-700.0,-1.775964e-05,863.1961194666669,863.1961194666669,368.31119999999993,2.8697552043026637,0.4033861665197753,0.4033861665197753
3,-600.0,-1.555719e-05,746.1467690666667,746.1467690666667,322.1352,2.9378929254824797,0.4076736594734567,0.4076736594734567
4,-500.0,-1.33669e-05,631.8956938666669,631.8956938666669,275.15680000000003,2.887604620857919,0.3624207266479124,0.3624207266479124
5,-400.0,-1.13704e-05,520.5335143111114,520.5335143111114,228.45840000000004,2.859565458826495,0.3381711132425124,0.3381711132425124
6,-300.0,-9.620741e-06,405.7459968000002,405.7459968000002,178.6440000000001,2.8596033489046464,0.33731724994301737,0.33731724994301737
7,-200.0,-7.317135e-06,289.0543911111113,289.0543911111113,127.42640000000009,2.9118801380670085,0.34497646553653527,0.34497646553653527
8,-100.0,-4.731688e-06,168.66865635555564,168.66865635555564,74.79680000000005,2.872811429731347,0.4096211303549659,0.4096211303549659
