Num,Voltage,Ileak[nA],CCE[a.u.],CCE2[a.u.],MPV[mV],Noise[mV],Error mu,Error mean
0,-900.0,-8.769591e-06,1927.176987158012,1927.176987158012,574.2713567839196,2.743641382242319,0.7796166667148285,0.7796166667148285
1,-800.0,-7.855082e-06,1731.1849916247904,1731.1849916247904,521.1658291457286,2.67669637289994,0.6193726849863554,0.6193726849863554
2,-700.0,-7.168352e-06,1529.999455053043,1529.999455053043,468.4221105527638,2.4931755632105115,0.6752652089373724,0.6752652089373724
3,-600.0,-6.363601e-06,1321.2795711892795,1321.2795711892795,412.462311557789,2.519832787764982,0.6340964265483141,0.6340964265483141
4,-500.0,-5.54897e-06,1117.1184098269118,1117.1184098269118,354.73366834170855,2.5235923829733284,0.5574001847905053,0.5574001847905053
5,-400.0,-4.682246e-06,918.7196605248466,918.7196605248466,295.59798994974875,2.5521142266238863,0.4626769412800128,0.4626769412800128
6,-300.0,-3.903204e-06,725.359669458403,725.359669458403,233.36683417085428,2.3521759956318435,0.48318429811261093,0.48318429811261093
7,-200.0,-3.0544e-06,524.1324667783362,524.1324667783362,167.47738693467338,2.2121696485105637,0.4260311587431158,0.4260311587431158
8,-100.0,-2.068728e-06,302.8748542713568,302.8748542713568,95.95979899497488,2.140040108694457,0.4124206344851129,0.4124206344851129
