Num,Voltage,Ileak[nA],CCE[a.u.],CCE2[a.u.],MPV[mV],Noise[mV],Error mu,Error mean
0,-900.0,-2.053553e-05,1204.5404234666667,1204.5404234666667,531.3480000000001,16.017525157324126,0.9787514830679329,0.9787514830679329
1,-800.0,-1.799088e-05,1050.7696039111113,1050.7696039111113,480.5536,17.601156253634855,0.45986812003651717,0.45986812003651717
2,-700.0,-1.569951e-05,918.4150865777777,918.4150865777777,430.26240000000007,16.988669092474847,0.4336412476676085,0.4336412476676085
3,-600.0,-1.356064e-05,787.7135932444444,787.7135932444444,378.18960000000004,16.92977213404821,0.40089527468644526,0.40089527468644526
4,-500.0,-1.153913e-05,658.4168544,658.4168544,326.05199999999996,17.12683865105811,0.42212163297931127,0.42212163297931127
5,-400.0,-1.003569e-05,533.8044739555556,533.8044739555556,272.5072,17.2969411120321,0.3912065236265871,0.3912065236265871
6,-300.0,-8.133771e-06,411.69533546666673,411.69533546666673,219.62240000000006,17.43939382499544,0.33895876819035065,0.33895876819035065
7,-200.0,-6.151466e-06,289.6886129777779,289.6886129777779,166.89840000000007,17.694399123547196,0.3436910299906013,0.3436910299906013
8,-100.0,-3.991217e-06,166.39644160000003,166.39644160000003,111.12480000000006,17.727838131451154,0.37679770207367236,0.37679770207367236
