Num,Voltage,Ileak[nA],CCE[a.u.],CCE2[a.u.],MPV[mV],Noise[mV],Error mu,Error mean
0,-900.0,-8.184171e-06,2021.834595555556,2021.834595555556,603.44,1.7679875425514977,2.021829156778584,2.021829156778584
1,-800.0,-7.46231e-06,1792.1383822222226,1792.1383822222226,542.96,2.0969309025040723,1.8933571589111238,1.8933571589111238
2,-700.0,-6.737716e-06,1609.61488,1609.61488,492.56,1.6851111404164283,0.6715731596780852,0.6715731596780852
3,-600.0,-6.071229e-06,1389.7170666666666,1389.7170666666666,432.24,1.6448593320470362,0.5322298330608669,0.5322298330608669
4,-500.0,-5.288389e-06,1164.8247644444446,1164.8247644444446,369.0,1.5386441201249437,0.5464061493065421,0.5464061493065421
5,-400.0,-4.456441e-06,951.9313244444442,951.9313244444442,304.48,1.63104164248071,0.41500089252916406,0.41500089252916406
6,-300.0,-3.724616e-06,738.6523733333332,738.6523733333332,237.24,1.5529321370305342,0.4482816828736141,0.4482816828736141
7,-200.0,-2.896905e-06,522.6220088888888,522.6220088888888,166.8,1.5572938858525003,0.3570772734297172,0.3570772734297172
8,-100.0,-1.972236e-06,296.398471111111,296.398471111111,91.24,1.83123171123889,0.3766356329398481,0.3766356329398481
