Num,Voltage,Ileak[nA],CCE[a.u.],CCE2[a.u.],MPV[mV],Noise[mV],Error mu,Error mean
0,-900.0,-2.765789e-05,949.004551111111,949.004551111111,393.08,5.1141560205442635,0.5378537972349001,0.5378537972349001
1,-800.0,-2.471426e-05,842.8991466666666,842.8991466666666,353.92,5.2568287440665635,0.5526280485100251,0.5526280485100251
2,-700.0,-2.168415e-05,734.7921422222222,734.7921422222222,312.76,5.467690400981721,0.4228179750199857,0.4228179750199857
3,-600.0,-1.901738e-05,632.274808888889,632.274808888889,273.04,5.47267960186702,0.5933810917108829,0.5933810917108829
4,-500.0,-1.638399e-05,541.7148088888889,541.7148088888889,235.04,5.17216393808908,0.4188516262353539,0.4188516262353539
5,-400.0,-1.372209e-05,444.5954488888889,444.5954488888889,193.04,5.280056041603076,0.42483803972808243,0.42483803972808243
6,-300.0,-1.129064e-05,348.06602666666674,348.06602666666674,151.76,5.23783907945082,0.4702627146606461,0.4702627146606461
7,-200.0,-9.096784e-06,247.1366577777778,247.1366577777778,105.48,5.351454266405731,0.4862963573789145,0.4862963573789145
8,-100.0,-5.715486e-06,135.91564444444444,135.91564444444444,58.2,5.520732797127927,0.5238215146402448,0.5238215146402448
