Num,Voltage,Ileak[nA],CCE[a.u.],CCE2[a.u.],MPV[mV],Noise[mV],Error mu,Error mean
0,-900.0,-0.0001049857,1666.6653623673924,1666.6653623673924,498.8140703517588,3.0727371327686828,0.5780249748690199,0.5780249748690199
1,-800.0,-8.804646e-06,1481.8763863763256,1481.8763863763256,449.5678391959799,3.0833629164475584,0.6743297498759232,0.6743297498759232
2,-700.0,-7.705557e-06,1296.2449223897265,1296.2449223897265,399.95979899497485,3.044474293954355,0.5896421941937009,0.5896421941937009
3,-600.0,-6.801301e-06,1107.981650474595,1107.981650474595,347.7788944723618,3.0174095727115926,0.4954001466074157,0.4954001466074157
4,-500.0,-5.899533e-06,939.2023405918478,939.2023405918478,296.643216080402,3.044469894882019,0.5646477583293481,0.5646477583293481
5,-400.0,-4.910641e-06,748.637194863205,748.637194863205,237.6281407035176,2.9385150012570507,0.833128635239812,0.833128635239812
6,-300.0,-4.095393e-06,586.7427984366275,586.7427984366275,183.678391959799,3.0340426953361574,0.5180868375793721,0.5180868375793721
7,-200.0,-3.203646e-06,415.9619609156895,415.9619609156895,127.8391959798995,3.003350106588384,0.4817724335494699,0.4817724335494699
8,-100.0,-2.104487e-06,239.5647749860413,239.5647749860413,69.22613065326634,2.967335170011348,0.436576816873743,0.436576816873743
