Num,Voltage,Ileak[nA],CCE[a.u.],CCE2[a.u.],MPV[mV],Noise[mV],Error mu,Error mean
0,-900.0,-2.424176e-05,1147.2085432888891,1147.2085432888891,470.92320000000007,2.7018868394064968,0.4863098345428747,0.4863098345428747
1,-800.0,-2.163297e-05,1037.5805276444444,1037.5805276444444,431.3936,2.484096140498493,0.41960466858184425,0.41960466858184425
2,-700.0,-1.911782e-05,916.9538055111112,916.9538055111112,385.93839999999994,2.4737672522473413,0.4197526942394531,0.4197526942394531
3,-600.0,-1.67462e-05,795.8117596444447,795.8117596444447,338.8607999999999,2.4329770850899606,0.3814294941908921,0.3814294941908921
4,-500.0,-1.449342e-05,674.3277724444446,674.3277724444446,289.9352,2.431834938924277,0.3350988503118441,0.3350988503118441
5,-400.0,-1.224637e-05,556.2851143111112,556.2851143111112,240.73600000000002,2.4366033095233717,0.35856638720594,0.35856638720594
6,-300.0,-1.029527e-05,435.61806862222244,435.61806862222244,188.31520000000003,2.4583816638704254,0.35278959675546,0.35278959675546
7,-200.0,-7.925712e-06,311.76014648888906,311.76014648888906,134.6720000000001,2.4651957947171987,0.32567269654498215,0.32567269654498215
8,-100.0,-5.095183e-06,180.19421937777793,180.19421937777793,78.65040000000005,2.413228447796504,0.32301927366100003,0.32301927366100003
