Num,Voltage,Ileak[nA],CCE[a.u.],CCE2[a.u.],MPV[mV],Noise[mV],Error mu,Error mean
0,-900.0,-2.368683e-05,1249.2021742222223,1249.2021742222223,507.14240000000007,8.967142203703036,0.43478539495470797,0.43478539495470797
1,-800.0,-2.107697e-05,1100.937195377778,1100.937195377778,457.30000000000007,9.381122886208413,0.5002688037202395,0.5002688037202395
2,-700.0,-1.864592e-05,940.3526037333332,940.3526037333332,401.74160000000006,11.347021795492324,0.4125996223812152,0.4125996223812152
3,-600.0,-1.625636e-05,811.7949322666667,811.7949322666667,353.20719999999994,11.571298146853612,0.4417280047290635,0.4417280047290635
4,-500.0,-1.405104e-05,685.4826890666668,685.4826890666668,303.3392,11.542066129069887,0.44700755854226853,0.44700755854226853
5,-400.0,-1.189742e-05,560.3345692444445,560.3345692444445,252.07600000000005,11.507368030368662,0.45576248623650445,0.45576248623650445
6,-300.0,-1.010296e-05,435.38870400000013,435.38870400000013,198.3568,11.494282051021914,0.4394967893339834,0.4394967893339834
7,-200.0,-7.687827e-06,309.50855146666686,309.50855146666686,143.4976000000001,10.876055464784406,0.42102910326009546,0.42102910326009546
8,-100.0,-4.957431e-06,172.64745386666675,172.64745386666675,84.79280000000004,10.79572184562838,0.38611142183944813,0.38611142183944813
