Num,Voltage,Ileak[nA],CCE[a.u.],CCE2[a.u.],MPV[mV],Noise[mV],Error mu,Error mean
0,-900.0,-0.0001049861,1989.7971278615303,1989.7971278615303,582.070351758794,1.8247578963093911,1.130897497668724,1.130897497668724
1,-800.0,-9.062632e-06,1771.969340033501,1771.969340033501,525.7085427135678,1.7787917587307638,0.6217225747017585,0.6217225747017585
2,-700.0,-8.091685e-06,1526.696075935232,1526.696075935232,461.74874371859295,1.890613452519989,0.8513654437735628,0.8513654437735628
3,-600.0,-7.192406e-06,1288.3768174204354,1288.3768174204354,399.95979899497485,2.155436700639764,0.6728871053649269,0.6728871053649269
4,-500.0,-6.260787e-06,1082.4727012841984,1082.4727012841984,342.03015075376885,2.1715446740331794,0.5727567919913011,0.5727567919913011
5,-400.0,-5.387566e-06,904.8579787828028,904.8579787828028,287.47738693467335,1.98934230452069,1.100797979573284,1.100797979573284
6,-300.0,-4.432329e-06,722.212055834729,722.212055834729,228.5427135678392,1.6561920811060353,0.4427545165961502,0.4427545165961502
7,-200.0,-3.435699e-06,515.0986219988831,515.0986219988831,160.60301507537687,1.626630612029844,0.41018466829383626,0.41018466829383626
8,-100.0,-2.302756e-06,299.1483819095477,299.1483819095477,90.37185929648241,1.542385399324422,0.37078004965843137,0.37078004965843137
