Num,Voltage,Ileak[nA],CCE[a.u.],CCE2[a.u.],MPV[mV],Noise[mV],Error mu,Error mean
0,-900.0,-3.963735e-05,1916.0991803461752,1916.0991803461752,573.3467336683418,2.4201061498724563,0.6997171617802995,0.6997171617802995
1,-800.0,-8.175301e-06,1705.5095209380236,1705.5095209380236,517.748743718593,2.391767982587103,0.627044671755736,0.627044671755736
2,-700.0,-7.347649e-06,1489.797967615857,1489.797967615857,460.2613065326633,2.4142798481683627,0.6838300126378157,0.6838300126378157
3,-600.0,-6.548041e-06,1273.16781239531,1273.16781239531,401.52763819095475,2.399547948639336,0.6403982620441213,0.6403982620441213
4,-500.0,-5.709959e-06,1060.4839664991625,1060.4839664991625,342.79396984924625,2.475309215341814,0.4558552863616996,0.4558552863616996
5,-400.0,-4.798924e-06,880.2099743160243,880.2099743160243,286.7537688442211,2.152451402303553,0.48638968903142665,0.48638968903142665
6,-300.0,-3.989221e-06,682.6062043551086,682.6062043551086,223.55778894472363,2.1629979642814217,0.41727313943331085,0.41727313943331085
7,-200.0,-3.104073e-06,488.13898827470666,488.13898827470666,158.99497487437185,2.152113306168935,0.3924334681863574,0.3924334681863574
8,-100.0,-2.103503e-06,276.96616415410375,276.96616415410375,87.79899497487438,2.328043560149494,0.3928921542229058,0.3928921542229058
