Num,Voltage,Ileak[nA],CCE[a.u.],CCE2[a.u.],MPV[mV],Noise[mV],Error mu,Error mean
0,-900.0,-2.022101e-05,1076.3745557333334,1076.3745557333334,446.57040000000006,3.006529109166693,0.3801818767510083,0.3801818767510083
1,-800.0,-1.777153e-05,947.3927530666667,947.3927530666667,400.9128,2.992752171764312,0.3855452285482453,0.3855452285482453
2,-700.0,-1.567328e-05,826.0152359111112,826.0152359111112,354.584,3.0673688465636375,0.3593766133719884,0.3593766133719884
3,-600.0,-1.355691e-05,710.1819786666667,710.1819786666667,309.44399999999996,3.1050706078928387,0.3428536356751666,0.3428536356751666
4,-500.0,-1.157328e-05,598.5107011555557,598.5107011555557,263.3408,3.1064908757480967,0.32720125808266753,0.32720125808266753
5,-400.0,-1.01644e-05,481.5036561777779,481.5036561777779,215.53040000000007,3.2325414544955344,0.4760944685605159,0.4760944685605159
6,-300.0,-8.219963e-06,398.1280878222224,398.1280878222224,172.96400000000006,2.6322237451184574,0.3169622966580095,0.3169622966580095
7,-200.0,-6.269411e-06,282.1002215111112,282.1002215111112,123.20080000000009,2.6836629001054644,0.34299731468756406,0.34299731468756406
8,-100.0,-4.026749e-06,166.46418168888894,166.46418168888894,72.93120000000005,2.5863202991427854,0.32421203092001405,0.32421203092001405
