Num,Voltage,Ileak[nA],CCE[a.u.],CCE2[a.u.],MPV[mV],Noise[mV],Error mu,Error mean
0,-900.0,-2.244091e-05,1194.4102083555556,1194.4102083555556,497.65920000000006,12.909177538915468,0.4209151889490317,0.4209151889490317
1,-800.0,-1.990733e-05,1055.2688202666668,1055.2688202666668,449.5912,12.92951831856255,0.4440648261777997,0.4440648261777997
2,-700.0,-1.757732e-05,922.2963388444444,922.2963388444444,401.168,12.992915499772073,0.4028397112246015,0.4028397112246015
3,-600.0,-1.536329e-05,793.7261450666666,793.7261450666666,351.51919999999996,13.061397537469807,0.4449271877495466,0.4449271877495466
4,-500.0,-1.323543e-05,666.5750659555557,666.5750659555557,300.272,13.183095875425538,0.3865976916657409,0.3865976916657409
5,-400.0,-1.112891e-05,542.8061415111112,542.8061415111112,248.4208,13.191542509605764,0.36359861448536884,0.36359861448536884
6,-300.0,-9.443547e-06,419.50114026666677,419.50114026666677,195.73520000000005,13.21342005662089,0.34218985682220343,0.34218985682220343
7,-200.0,-7.202393e-06,292.91703217777786,292.91703217777786,141.33040000000008,13.116611663651259,0.37871978707218323,0.37871978707218323
8,-100.0,-4.643166e-06,162.51688497777783,162.51688497777783,86.03200000000004,13.117052647580088,0.3605603182319431,0.3605603182319431
