Num,Voltage,Ileak[nA],CCE[a.u.],CCE2[a.u.],MPV[mV],Noise[mV],Error mu,Error mean
0,-900.0,-2.086258e-05,1199.7385788444444,1199.7385788444444,486.5528,2.4250380498722897,0.41021079333786414,0.41021079333786414
1,-800.0,-1.848375e-05,1059.2461269333332,1059.2461269333332,437.6504,2.393258591367752,0.37030562487718044,0.37030562487718044
2,-700.0,-1.636499e-05,924.9521706666667,924.9521706666667,387.9856,2.408679820611744,0.3512314036073651,0.3512314036073651
3,-600.0,-1.424059e-05,796.2995192888889,796.2995192888889,337.6736,2.4340369727088333,0.323009060232063,0.323009060232063
4,-500.0,-1.223022e-05,671.838888177778,671.838888177778,286.87839999999994,2.396143142990161,0.33871336866442103,0.33871336866442103
5,-400.0,-1.031962e-05,552.5053578666669,552.5053578666669,236.18480000000002,2.3090234746316467,0.32353374369224586,0.32353374369224586
6,-300.0,-8.736098e-06,429.8643093333335,429.8643093333335,183.02880000000005,2.270581279271407,0.33720016588370816,0.33720016588370816
7,-200.0,-6.639441e-06,305.52608106666685,305.52608106666685,129.5584000000001,2.283050280032299,0.316100932587552,0.316100932587552
8,-100.0,-4.265613e-06,176.16957653333338,176.16957653333338,74.30080000000005,2.2949287596205106,0.34005368423235766,0.34005368423235766
