Num,Voltage,Ileak[nA],CCE[a.u.],CCE2[a.u.],MPV[mV],Noise[mV],Error mu,Error mean
0,-900.0,-2.366811e-05,1211.7648291555556,1211.7648291555556,494.69680000000005,3.9257137457474682,0.4250928905229067,0.4250928905229067
1,-800.0,-2.109885e-05,1074.201572977778,1074.201572977778,445.66640000000007,3.9576034865459926,0.3862080177048639,0.3862080177048639
2,-700.0,-1.860313e-05,942.0888032000003,942.0888032000003,395.27600000000007,4.054240361914644,0.376294940662242,0.376294940662242
3,-600.0,-1.632062e-05,812.6957923555556,812.6957923555556,344.00879999999995,4.103579582066202,0.3977453101004217,0.3977453101004217
4,-500.0,-1.403724e-05,687.7016280888892,687.7016280888892,292.652,4.204794180189803,0.4183166803463613,0.4183166803463613
5,-400.0,-1.188706e-05,561.7838055111113,561.7838055111113,239.47920000000002,4.324453373454298,0.35404876526309126,0.35404876526309126
6,-300.0,-1.003716e-05,437.94694400000014,437.94694400000014,185.51280000000003,4.425448887112409,0.3691598256035998,0.3691598256035998
7,-200.0,-7.641147e-06,306.88054897777795,306.88054897777795,130.4808000000001,4.794462871300241,0.35617199930191057,0.35617199930191057
8,-100.0,-4.859926e-06,174.00341084444455,174.00341084444455,76.80400000000004,5.289791556678408,0.33634954860870586,0.33634954860870586
