Num,Voltage,Ileak[nA],CCE[a.u.],CCE2[a.u.],MPV[mV],Noise[mV],Error mu,Error mean
0,-900.0,-2.091783e-05,1143.8748416,1143.8748416,469.45520000000005,2.6480334984118143,0.45337212406587035,0.45337212406587035
1,-800.0,-1.850718e-05,1014.0263260444443,1014.0263260444443,423.2136000000001,2.6774680784891527,0.40793314840547235,0.40793314840547235
2,-700.0,-1.626109e-05,887.4013066666668,887.4013066666668,375.1,2.6609201133776605,0.417355094586469,0.417355094586469
3,-600.0,-1.420452e-05,765.2923111111112,765.2923111111112,326.4808,2.640968299322181,0.4088358296564531,0.4088358296564531
4,-500.0,-1.216422e-05,645.2896935111113,645.2896935111113,277.6928,2.678789684511816,0.39629003335395646,0.39629003335395646
5,-400.0,-1.029026e-05,528.6237891555558,528.6237891555558,228.51200000000006,2.664837009690703,0.37588712637705485,0.37588712637705485
6,-300.0,-8.700278e-06,411.10509582222244,411.10509582222244,177.74560000000005,2.6802103691747967,0.3999137672424893,0.3999137672424893
7,-200.0,-6.611486e-06,294.0392540444446,294.0392540444446,126.73040000000009,2.6702505645632995,0.3899647396835774,0.3899647396835774
8,-100.0,-4.283951e-06,172.1315335111112,172.1315335111112,75.00880000000005,2.6322550627133854,0.36146975024795663,0.36146975024795663
