Num,Voltage,Ileak[nA],CCE[a.u.],CCE2[a.u.],MPV[mV],Noise[mV],Error mu,Error mean
0,-900.0,-1.848774e-05,1132.0284615111111,1132.0284615111111,475.55120000000005,3.4965970136790343,0.393100385711741,0.393100385711741
1,-800.0,-1.585742e-05,988.203164088889,988.203164088889,423.5808,3.464587754598458,0.403268790855529,0.403268790855529
2,-700.0,-1.358291e-05,853.8046936888888,853.8046936888888,371.93119999999993,3.4835711632975195,0.3778024743592885,0.3778024743592885
3,-600.0,-1.151177e-05,729.1401774222223,729.1401774222223,321.54159999999996,3.492157888922756,0.3356116863109503,0.3356116863109503
4,-500.0,-1.012433e-05,609.8703630222223,609.8703630222223,271.0136,3.4576296752172895,0.34268680144715286,0.34268680144715286
5,-400.0,-8.384961e-06,494.83978453333344,494.83978453333344,221.08960000000002,3.481070173533804,0.34376691339755144,0.34376691339755144
6,-300.0,-6.774835e-06,383.0866709333335,383.0866709333335,171.46960000000007,3.4511205498504407,0.286038382288252,0.286038382288252
7,-200.0,-5.042394e-06,272.12155875555567,272.12155875555567,121.4696000000001,3.5002984690063785,0.3066163407434119,0.3066163407434119
8,-100.0,-3.301922e-06,159.91406471111117,159.91406471111117,71.32720000000005,3.463262101234459,0.28548340588356436,0.28548340588356436
