Num,Voltage,Ileak[nA],CCE[a.u.],CCE2[a.u.],MPV[mV],Noise[mV],Error mu,Error mean
0,-900.0,-2.495588e-05,1281.8727466666667,1281.8727466666667,517.4616000000001,7.4249825568669054,0.4621594059141076,0.4621594059141076
1,-800.0,-2.212035e-05,1136.1794012444445,1136.1794012444445,467.9672,7.4635326805977495,0.4027997467582123,0.4027997467582123
2,-700.0,-1.927577e-05,995.3667367111111,995.3667367111111,417.0624,7.587080885093954,0.4002569963211146,0.4002569963211146
3,-600.0,-1.704123e-05,863.8027463111112,863.8027463111112,366.7968,7.470512423476291,0.4125083780773435,0.4125083780773435
4,-500.0,-1.482139e-05,731.0889429333334,731.0889429333334,313.7272,7.523207470623448,0.338046707994502,0.338046707994502
5,-400.0,-1.25504e-05,596.8418602666668,596.8418602666668,258.86,7.98959048567016,0.3500441429534277,0.3500441429534277
6,-300.0,-1.025951e-05,465.62790613333345,465.62790613333345,203.3872,8.000222074651013,0.3576172625166754,0.3576172625166754
7,-200.0,-8.128896e-06,333.7451477333335,333.7451477333335,146.5496000000001,7.747324015070553,0.3507621661951586,0.3507621661951586
8,-100.0,-5.208593e-06,193.3484853333334,193.3484853333334,87.70720000000004,7.6016150030839595,0.3444382983100458,0.3444382983100458
