Num,Voltage,Ileak[nA],CCE[a.u.],CCE2[a.u.],MPV[mV],Noise[mV],Error mu,Error mean
0,-900.0,-2.119253e-05,1213.329422222222,1213.329422222222,525.9712,13.242227326686944,0.40129396690845054,0.40129396690845054
1,-800.0,-1.86484e-05,1070.9812764444446,1070.9812764444446,475.74320000000006,13.238318968289478,0.36055043998863695,0.36055043998863695
2,-700.0,-1.628046e-05,935.8999224888888,935.8999224888888,425.16880000000003,13.161673974539456,0.394743290377328,0.394743290377328
3,-600.0,-1.411332e-05,803.4235516444444,803.4235516444444,374.0112,13.128229630825478,0.3171870259016282,0.3171870259016282
4,-500.0,-1.206271e-05,675.1569080888889,675.1569080888889,320.84,13.218279467564871,0.3439407873429382,0.3439407873429382
5,-400.0,-1.008866e-05,548.2999605333334,548.2999605333334,267.7248,13.258574177278646,0.32956366911223756,0.32956366911223756
6,-300.0,-8.519943e-06,424.2961905777779,424.2961905777779,214.37520000000004,13.39443472127506,0.3064109366194361,0.3064109366194361
7,-200.0,-6.452839e-06,299.76736355555573,299.76736355555573,160.1760000000001,13.461413279756147,0.3098149226019948,0.3098149226019948
8,-100.0,-4.170911e-06,171.6550439111112,171.6550439111112,103.94640000000007,13.38821113945575,0.3093739172788812,0.3093739172788812
