Num,Voltage,Ileak[nA],CCE[a.u.],CCE2[a.u.],MPV[mV],Noise[mV],Error mu,Error mean
0,-900.0,-2.340873e-05,1210.6619939555558,1210.6619939555558,496.908,11.51134726267934,0.45582173011615196,0.45582173011615196
1,-800.0,-2.083108e-05,1071.7525489777777,1071.7525489777777,449.8576000000001,11.565878384908725,0.46870852076743635,0.46870852076743635
2,-700.0,-1.846076e-05,936.4462172444447,936.4462172444447,400.1664,11.55684058323687,0.411635002126884,0.411635002126884
3,-600.0,-1.611558e-05,807.4180885333335,807.4180885333335,350.5168,11.612432398547885,0.3975867677733753,0.3975867677733753
4,-500.0,-1.390354e-05,681.2152739555557,681.2152739555557,300.1775999999999,11.716930818198065,0.39410810416392167,0.39410810416392167
5,-400.0,-1.174028e-05,557.2726695111112,557.2726695111112,248.5336,11.695058978012055,0.39474766580629744,0.39474766580629744
6,-300.0,-9.939779e-06,428.2055779555558,428.2055779555558,194.49680000000006,12.157383648840991,0.39962795225559533,0.39962795225559533
7,-200.0,-7.594209e-06,299.4647907555557,299.4647907555557,139.01680000000007,12.666563893044277,0.38284753443636044,0.38284753443636044
8,-100.0,-4.88817e-06,163.80024177777784,163.80024177777784,82.38480000000006,13.005765634641046,0.3997075640839439,0.3997075640839439
