Num,Voltage,Ileak[nA],CCE[a.u.],CCE2[a.u.],MPV[mV],Noise[mV],Error mu,Error mean
0,-900.0,-2.466702e-05,1256.910493511111,1256.910493511111,505.18879999999996,3.954518850640257,0.5143798936089142,0.5143798936089142
1,-800.0,-2.184494e-05,1116.0243662222222,1116.0243662222222,456.8304,3.9469041742849114,0.4119589851180815,0.4119589851180815
2,-700.0,-1.92725e-05,979.9812640000001,979.9812640000001,407.7256,3.9483823648003837,0.41195705838507196,0.41195705838507196
3,-600.0,-1.685771e-05,847.2459797333336,847.2459797333336,355.81839999999994,3.9797672647530535,0.4035013263815618,0.4035013263815618
4,-500.0,-1.450973e-05,717.631413688889,717.631413688889,304.5856,3.928883386067037,0.38278587002385484,0.38278587002385484
5,-400.0,-1.226045e-05,589.8398069333335,589.8398069333335,251.11280000000002,3.951198982677425,0.3906858637012604,0.3906858637012604
6,-300.0,-1.035849e-05,460.66966080000014,460.66966080000014,195.82640000000004,3.954999103379587,0.33638150013530754,0.33638150013530754
7,-200.0,-7.882032e-06,329.240897777778,329.240897777778,138.87040000000007,3.976978966235118,0.36174633583393756,0.36174633583393756
8,-100.0,-5.052875e-06,190.34256426666673,190.34256426666673,79.86560000000004,3.8949448081441274,0.32700355400833186,0.32700355400833186
