Num,Voltage,Ileak[nA],CCE[a.u.],CCE2[a.u.],MPV[mV],Noise[mV],Error mu,Error mean
0,-900.0,-2.552342e-05,1158.5526933333333,1158.5526933333333,477.04,9.611049451311525,0.4479699989954679,0.4479699989954679
1,-800.0,-2.273642e-05,1028.4350577777777,1028.4350577777777,431.76,9.541015697671284,0.43494073159454744,0.43494073159454744
2,-700.0,-2.016728e-05,902.3447466666664,902.3447466666664,383.96,9.508826402640631,0.402695414426337,0.402695414426337
3,-600.0,-1.760846e-05,782.5897066666666,782.5897066666666,336.84,9.459787430075911,0.4167033438790725,0.4167033438790725
4,-500.0,-1.527235e-05,665.5650844444443,665.5650844444443,289.2,9.40808222018326,0.38030381118258694,0.38030381118258694
5,-400.0,-1.293834e-05,550.3647288888889,550.3647288888889,240.36,9.429080585685861,0.38929653890061816,0.38929653890061816
6,-300.0,-1.046789e-05,429.1640533333333,429.1640533333333,190.96,9.695898422643577,0.4470646092009514,0.4470646092009514
7,-200.0,-8.260192e-06,307.3630577777778,307.3630577777778,136.48,9.889354236241948,0.3704187641035472,0.3704187641035472
8,-100.0,-5.349175e-06,183.4127644444444,183.4127644444444,81.6,9.930883655185953,0.3510531993872153,0.3510531993872153
