Num,Voltage,Ileak[nA],CCE[a.u.],CCE2[a.u.],MPV[mV],Noise[mV],Error mu,Error mean
0,-900.0,-1.937957e-05,1139.946696888889,1139.946696888889,465.9472,2.3893618556291982,0.44446358486607257,0.44446358486607257
1,-800.0,-1.708523e-05,1003.3577141333334,1003.3577141333334,417.8384,2.38299974284514,0.4315102260665439,0.4315102260665439
2,-700.0,-1.496142e-05,875.1447200000001,875.1447200000001,368.768,2.377443674949116,0.3996433838407431,0.3996433838407431
3,-600.0,-1.291556e-05,755.7281838222224,755.7281838222224,321.62559999999996,2.297346097645158,0.4195868500147247,0.4195868500147247
4,-500.0,-1.091691e-05,630.6602453333335,630.6602453333335,271.2456,2.3318611439506145,0.3812118322612774,0.3812118322612774
5,-400.0,-9.588341e-06,516.2965038222223,516.2965038222223,222.52880000000005,2.3591949894282185,0.378895308312362,0.378895308312362
6,-300.0,-7.916878e-06,399.96487360000015,399.96487360000015,172.91600000000005,2.4010949450059935,0.3615183248219655,0.3615183248219655
7,-200.0,-6.067995e-06,281.2504209777779,281.2504209777779,121.5144000000001,2.4913751328776224,0.39773709369924254,0.39773709369924254
8,-100.0,-3.967703e-06,163.0191758222223,163.0191758222223,70.85040000000005,2.507912710143391,0.3490297942124716,0.3490297942124716
