Num,Voltage,Ileak[nA],CCE[a.u.],CCE2[a.u.],MPV[mV],Noise[mV],Error mu,Error mean
0,-900.0,-2.535982e-05,1324.2212355555557,1324.2212355555557,522.6384,6.769995954927035,1.805822483071379,1.805822483071379
1,-800.0,-2.251536e-05,1182.191944177778,1182.191944177778,472.8464,6.748174978888648,1.6039176526692398,1.6039176526692398
2,-700.0,-1.977545e-05,1038.1862211555556,1038.1862211555556,422.2856,6.652777252930251,1.6378058716123831,1.6378058716123831
3,-600.0,-1.732237e-05,895.3885073777778,895.3885073777778,368.3967999999999,6.664937863503713,1.5947609042916988,1.5947609042916988
4,-500.0,-1.487429e-05,760.4209628444447,760.4209628444447,313.7256,6.707211943986163,1.6986818632622176,1.6986818632622176
5,-400.0,-1.254244e-05,627.3085479111112,627.3085479111112,258.43280000000004,6.739982016196106,1.7618470447663719,1.7618470447663719
6,-300.0,-1.020142e-05,486.5925088000001,486.5925088000001,201.23840000000004,6.70149940172264,1.6474449345610553,1.6474449345610553
7,-200.0,-8.068699e-06,353.40669475555575,353.40669475555575,143.0312000000001,6.705394641904678,1.7657352273666405,1.7657352273666405
8,-100.0,-5.179394e-06,203.2215470222223,203.2215470222223,81.86320000000005,6.737052566041762,1.749151057801104,1.749151057801104
