Num,Voltage,Ileak[nA],CCE[a.u.],CCE2[a.u.],MPV[mV],Noise[mV],Error mu,Error mean
0,-900.0,-2.350529e-05,1249.8974787555555,1249.8974787555555,511.70560000000006,10.98834926236348,0.458971357996467,0.458971357996467
1,-800.0,-2.09695e-05,1105.678196977778,1105.678196977778,462.7352,11.053337689155201,0.4290739673505247,0.4290739673505247
2,-700.0,-1.852359e-05,964.4013728,964.4013728,412.1360000000001,11.447892452410429,0.3846728016362996,0.3846728016362996
3,-600.0,-1.622155e-05,823.9812458666668,823.9812458666668,358.98,12.397421051930298,0.38569602551397963,0.38569602551397963
4,-500.0,-1.393977e-05,694.1636821333334,694.1636821333334,307.55039999999997,12.661630768452472,0.44636686644633483,0.44636686644633483
5,-400.0,-1.183528e-05,567.928200888889,567.928200888889,255.0928,12.69021255952889,0.3668278957226671,0.3668278957226671
6,-300.0,-1.00824e-05,434.94384391111123,434.94384391111123,200.02160000000003,13.530602700807215,0.38225560416203225,0.38225560416203225
7,-200.0,-7.65201e-06,307.0016544000002,307.0016544000002,144.2912000000001,13.303893068982983,0.36833147054944926,0.36833147054944926
8,-100.0,-4.934215e-06,170.7553312000001,170.7553312000001,85.35840000000003,13.37558411003506,0.3383127653121,0.3383127653121
