Num,Voltage,Ileak[nA],CCE[a.u.],CCE2[a.u.],MPV[mV],Noise[mV],Error mu,Error mean
0,-900.0,-2.27415e-05,1117.3717361777778,1117.3717361777778,473.46880000000004,16.623072081896332,0.4967127560676495,0.4967127560676495
1,-800.0,-2.02006e-05,988.2621457777777,988.2621457777777,428.70880000000005,16.693011749780844,0.4793757859884041,0.4793757859884041
2,-700.0,-1.786733e-05,863.4212732444445,863.4212732444445,382.2759999999999,16.587972620148474,0.4729530785474599,0.4729530785474599
3,-600.0,-1.562753e-05,763.2105219555556,763.2105219555556,339.07439999999997,14.632956860768308,1.0374595729183866,1.0374595729183866
4,-500.0,-1.344042e-05,642.947304888889,642.947304888889,290.0136,14.60273306488368,0.4243195636257176,0.4243195636257176
5,-400.0,-1.130938e-05,546.1094944000001,546.1094944000001,244.29840000000004,11.9216154847049,0.4063723394618292,0.4063723394618292
6,-300.0,-9.627789e-06,388.5685287111113,388.5685287111113,186.18720000000005,16.464851712706153,0.38694442011224284,0.38694442011224284
7,-200.0,-7.337366e-06,274.55407680000013,274.55407680000013,134.79680000000008,15.427122287774727,0.4852594101322719,0.4852594101322719
8,-100.0,-4.719059e-06,145.94536000000008,145.94536000000008,81.58720000000005,16.055447109979017,0.37589757563932225,0.37589757563932225
