Num,Voltage,Ileak[nA],CCE[a.u.],CCE2[a.u.],MPV[mV],Noise[mV],Error mu,Error mean
0,-900.0,-2.129168e-05,1182.1727114666667,1182.1727114666667,517.9552,14.743811308921002,0.4310300484730978,0.4310300484730978
1,-800.0,-1.877472e-05,1042.2399928888888,1042.2399928888888,470.17680000000007,14.843783191020568,0.4114842874457281,0.4114842874457281
2,-700.0,-1.648268e-05,911.5442474666665,911.5442474666665,421.6712,14.86312309730062,0.3850089086138144,0.3850089086138144
3,-600.0,-1.431227e-05,782.0544469333333,782.0544469333333,371.5575999999999,15.174354731550647,0.373101437644617,0.373101437644617
4,-500.0,-1.231243e-05,662.1675978666667,662.1675978666667,320.7528,14.365760914934746,0.34604989771256967,0.34604989771256967
5,-400.0,-1.033232e-05,540.6515502222223,540.6515502222223,269.5144,14.157186502350005,0.3384275717637677,0.3384275717637677
6,-300.0,-8.753354e-06,418.6065034666668,418.6065034666668,216.84640000000002,14.403349920292852,0.3188484241747479,0.3188484241747479
7,-200.0,-6.656556e-06,296.8348881777779,296.8348881777779,162.92960000000008,14.22316928191967,0.32975089050979045,0.32975089050979045
8,-100.0,-4.304085e-06,169.47603235555565,169.47603235555565,106.90960000000008,14.234951267501007,0.30850013049669855,0.30850013049669855
