Num,Voltage,Ileak[nA],CCE[a.u.],CCE2[a.u.],MPV[mV],Noise[mV],Error mu,Error mean
0,-900.0,-2.59357e-05,1293.1015516444445,1293.1015516444445,520.5264,6.498430532411104,0.8296369244627451,0.8296369244627451
1,-800.0,-2.293881e-05,1147.9943882666669,1147.9943882666669,471.0336,6.467826160503147,0.8362054961216183,0.8362054961216183
2,-700.0,-2.021854e-05,1011.9895793777777,1011.9895793777777,420.4464,6.490107835975276,0.8650978127726354,0.8650978127726354
3,-600.0,-1.760927e-05,872.9985184000002,872.9985184000002,368.45840000000004,6.428561737454707,0.7673127644878068,0.7673127644878068
4,-500.0,-1.516147e-05,740.3593728000001,740.3593728000001,314.5424,6.498540460489743,0.7713181798213232,0.7713181798213232
5,-400.0,-1.273688e-05,607.3284195555557,607.3284195555557,259.3016,6.500965898315554,0.83905282879895,0.83905282879895
6,-300.0,-1.038957e-05,471.67956195555576,471.67956195555576,202.72640000000004,6.438023275733318,0.794021120135024,0.794021120135024
7,-200.0,-8.231502e-06,334.5209973333335,334.5209973333335,144.9176000000001,6.433141480731722,0.8286784555540956,0.8286784555540956
8,-100.0,-5.263892e-06,191.4431975111112,191.4431975111112,84.45120000000004,6.417161405382899,0.7159606024468108,0.7159606024468108
