Num,Voltage,Ileak[nA],CCE[a.u.],CCE2[a.u.],MPV[mV],Noise[mV],Error mu,Error mean
0,-900.0,-1.903078e-05,1099.6585944888889,1099.6585944888889,455.1736,2.8595870268395642,0.389371110916052,0.389371110916052
1,-800.0,-1.666492e-05,963.383566577778,963.383566577778,406.9832,2.9287520274852166,0.3826867890272674,0.3826867890272674
2,-700.0,-1.448067e-05,835.8030695111113,835.8030695111113,357.98800000000006,2.90022694186013,0.37964294453141156,0.37964294453141156
3,-600.0,-1.251601e-05,714.4143296000001,714.4143296000001,310.07919999999996,2.8906585333218917,0.3705501146798907,0.3705501146798907
4,-500.0,-1.069627e-05,598.4879548444446,598.4879548444446,262.37440000000004,2.9128710272771463,0.3291947699531082,0.3291947699531082
5,-400.0,-9.291197e-06,487.9199726222224,487.9199726222224,215.30320000000003,2.9240468582521593,0.33632216755914235,0.33632216755914235
6,-300.0,-7.521192e-06,376.89446648888907,376.89446648888907,167.13120000000006,2.8992899908736707,0.31916149983354786,0.31916149983354786
7,-200.0,-5.697174e-06,266.94698951111127,266.94698951111127,119.46320000000009,2.924253592070258,0.34827546273649534,0.34827546273649534
8,-100.0,-3.712994e-06,155.07786453333344,155.07786453333344,71.01040000000005,2.9131027202699955,0.3363493345608403,0.3363493345608403
