Num,Voltage,Ileak[nA],CCE[a.u.],CCE2[a.u.],MPV[mV],Noise[mV],Error mu,Error mean
0,-900.0,-2.21774e-05,1298.3713635555555,1298.3713635555555,514.048,6.721215480580509,0.4988439407057871,0.4988439407057871
1,-800.0,-1.962999e-05,1148.5840131555556,1148.5840131555556,462.29839999999996,6.763758467088118,0.46987782260294003,0.46987782260294003
2,-700.0,-1.724739e-05,1004.8299694222223,1004.8299694222223,410.7336,6.874607650723616,0.43641634433187737,0.43641634433187737
3,-600.0,-1.501426e-05,866.3985603555557,866.3985603555557,357.0744,6.888217405179463,0.41318680769801974,0.41318680769801974
4,-500.0,-1.295432e-05,730.4228117333336,730.4228117333336,303.7144,7.127016806914689,0.3643932861976462,0.3643932861976462
5,-400.0,-1.092288e-05,597.5242030222223,597.5242030222223,248.56960000000004,7.154342857209094,0.40748006600725856,0.40748006600725856
6,-300.0,-9.25011e-06,465.53281280000016,465.53281280000016,193.47200000000004,7.1646531451874536,0.3707526040319611,0.3707526040319611
7,-200.0,-7.052803e-06,331.76798933333345,331.76798933333345,137.2632000000001,7.104533717438621,0.38128530060268506,0.38128530060268506
8,-100.0,-4.554558e-06,191.98845084444451,191.98845084444451,79.83920000000006,7.026818192752327,0.35229094916741766,0.35229094916741766
