Num,Voltage,Ileak[nA],CCE[a.u.],CCE2[a.u.],MPV[mV],Noise[mV],Error mu,Error mean
0,-900.0,-8.1568e-06,2053.432049134562,2053.432049134562,602.572864321608,1.3980972487502663,0.9641655286115757,0.9641655286115757
1,-800.0,-7.475536e-06,1779.5049380234504,1779.5049380234504,532.7437185929648,1.816565916949915,2.6189005584298406,2.6189005584298406
2,-700.0,-6.744255e-06,1555.300699050809,1555.300699050809,472.8040201005025,2.167450325551144,0.6424495419848745,0.6424495419848745
3,-600.0,-6.000334e-06,1296.3571635957564,1296.3571635957564,405.8291457286432,2.705202252502219,1.056119725012989,1.056119725012989
4,-500.0,-5.265761e-06,1125.2890407593522,1125.2890407593522,355.21608040201005,2.163722583411991,0.7168305849267982,0.7168305849267982
5,-400.0,-4.442438e-06,925.8649514237856,925.8649514237856,295.75879396984925,2.095678730416983,0.48946650999164704,0.48946650999164704
6,-300.0,-3.684191e-06,716.6613869346736,716.6613869346736,231.55778894472363,2.2398975631753704,0.5210328326350515,0.5210328326350515
7,-200.0,-2.930548e-06,504.6235622557231,504.6235622557231,164.30150753768845,2.3842853569785616,0.5730320511015867,0.5730320511015867
8,-100.0,-1.952325e-06,294.6169782244556,294.6169782244556,93.38693467336684,2.0001965061470006,0.4244486262395068,0.4244486262395068
