Num,Voltage,Ileak[nA],CCE[a.u.],CCE2[a.u.],MPV[mV],Noise[mV],Error mu,Error mean
0,-900.0,-1.848605e-05,1105.342961422222,1105.342961422222,465.2136,3.5888030288429182,0.4219482068690438,0.4219482068690438
1,-800.0,-1.600342e-05,951.4160586666668,951.4160586666668,410.75120000000004,3.754648822755895,0.42739220815209045,0.42739220815209045
2,-700.0,-1.383191e-05,827.6933571555555,827.6933571555555,362.42080000000004,3.670166451961842,0.3538431101721781,0.3538431101721781
3,-600.0,-1.179564e-05,706.792511288889,706.792511288889,314.19919999999996,3.7409488106721196,0.34674335002130924,0.34674335002130924
4,-500.0,-1.001133e-05,593.1281077333334,593.1281077333334,265.56480000000005,3.710386625892241,0.3542251126049644,0.3542251126049644
5,-400.0,-8.685625e-06,484.1153870222224,484.1153870222224,217.2728,3.7075047750698094,0.36563809745309594,0.36563809745309594
6,-300.0,-6.985241e-06,374.0165546666669,374.0165546666669,168.42800000000005,3.6995695038447085,0.32063154572487107,0.32063154572487107
7,-200.0,-5.210807e-06,265.17561351111124,265.17561351111124,119.77040000000008,3.747921621091738,0.290283984318805,0.290283984318805
8,-100.0,-3.410498e-06,154.96228728888894,154.96228728888894,70.91600000000004,3.7944897074664916,0.3168988625055005,0.3168988625055005
