Num,Voltage,Ileak[nA],CCE[a.u.],CCE2[a.u.],MPV[mV],Noise[mV],Error mu,Error mean
0,-900.0,-2.612528e-05,1236.6637489777777,1236.6637489777777,503.0856,5.409467432920926,1.9219291681952502,1.9219291681952502
1,-800.0,-2.313888e-05,1089.227202488889,1089.227202488889,454.92400000000004,5.319369684763437,1.541128569197105,1.541128569197105
2,-700.0,-2.0327e-05,962.7824099555556,962.7824099555556,405.91360000000003,5.3146940224454395,1.5944439667194354,1.5944439667194354
3,-600.0,-1.775403e-05,833.4087744000001,833.4087744000001,355.4095999999999,5.33668935916891,1.5193025060714147,1.5193025060714147
4,-500.0,-1.529107e-05,708.4909262222224,708.4909262222224,304.36,5.31422176019624,1.6942101972046792,1.6942101972046792
5,-400.0,-1.291273e-05,584.0199306666668,584.0199306666668,251.83120000000002,5.327253463798731,1.5907082182850747,1.5907082182850747
6,-300.0,-1.050231e-05,452.8889376000002,452.8889376000002,196.98880000000005,5.264075123729398,1.8150989549226455,1.8150989549226455
7,-200.0,-8.288174e-06,323.1619793777779,323.1619793777779,141.86800000000008,5.262993086651665,1.7007477696589821,1.7007477696589821
8,-100.0,-5.298448e-06,183.87947591111123,183.87947591111123,84.60240000000005,5.272167886129559,1.7173346077802314,1.7173346077802314
