Num,Voltage,Ileak[nA],CCE[a.u.],CCE2[a.u.],MPV[mV],Noise[mV],Error mu,Error mean
0,-900.0,-2.850412e-05,1557.8937454222223,1557.8937454222223,539.8344000000001,2.8457169390446118,0.5100860285716504,0.5100860285716504
1,-800.0,-2.636911e-05,1423.259149866667,1423.259149866667,497.44239999999996,2.8099927848385033,0.5049320065193732,0.5049320065193732
2,-700.0,-2.416175e-05,1254.9944426666668,1254.9944426666668,445.2968000000001,2.818384714374924,0.4716670959645997,0.4716670959645997
3,-600.0,-2.188537e-05,1041.2104472888889,1041.2104472888889,380.2488000000001,3.0769180109074914,0.4610742408329495,0.4610742408329495
4,-500.0,-1.950341e-05,878.4919495111113,878.4919495111113,326.53119999999996,2.909032037954707,0.3977222331611853,0.3977222331611853
5,-400.0,-1.695538e-05,707.5373404444446,707.5373404444446,269.5016,3.088430656850311,0.35299137478686315,0.35299137478686315
6,-300.0,-1.420635e-05,561.3397991111113,561.3397991111113,215.26000000000005,2.96571057923771,0.3567404291077758,0.3567404291077758
7,-200.0,-1.124088e-05,407.0680280888891,407.0680280888891,158.31760000000008,3.018991495476267,0.34564654513233617,0.34564654513233617
8,-100.0,-7.94052e-06,243.80731591111123,243.80731591111123,96.64880000000007,3.0199882202828077,0.3433322080532497,0.3433322080532497
