Num,Voltage,Ileak[nA],CCE[a.u.],CCE2[a.u.],MPV[mV],Noise[mV],Error mu,Error mean
0,-900.0,-9.515447e-06,2207.671875555556,2207.671875555556,699.68,1.4838130892907695,0.715777985691095,0.715777985691095
1,-800.0,-8.804391e-06,2161.960995555556,2161.960995555556,679.88,1.4604603366958406,0.6934645865507446,0.6934645865507446
2,-700.0,-8.298015e-06,2093.536568888889,2093.536568888889,651.8,1.403417979324534,0.6894930682755293,0.6894930682755293
3,-600.0,-7.846966e-06,2003.1472711111116,2003.1472711111116,615.96,1.3540017324058433,0.6362634825290584,0.6362634825290584
4,-500.0,-7.333686e-06,1884.8146488888888,1884.8146488888888,568.16,1.4053345280759557,0.5413918536513116,0.5413918536513116
5,-400.0,-6.770756e-06,1689.2062577777774,1689.2062577777774,493.72,1.4411794895111623,0.5656989559827782,0.5656989559827782
6,-300.0,-6.144627e-06,1336.8473244444444,1336.8473244444444,376.72,1.3836719085886233,0.42118029963425646,0.42118029963425646
7,-200.0,-4.993146e-06,910.5619555555554,910.5619555555554,257.88,1.4522211170615535,0.43880085323526796,0.43880085323526796
8,-100.0,-3.355095e-06,503.5769244444444,503.5769244444444,141.84,1.5073262404210073,0.42682888749474274,0.42682888749474274
