Num,Voltage,Ileak[nA],CCE[a.u.],CCE2[a.u.],MPV[mV],Noise[mV],Error mu,Error mean
0,-900.0,-0.0001049912,2146.484920314254,2146.484920314254,679.959595959596,2.7294123506722636,1.0796907276307528,1.0796907276307528
1,-800.0,-1.026281e-05,2087.776482412061,2087.776482412061,656.9246231155779,2.7463233862553698,0.6568735844178912,0.6568735844178912
2,-700.0,-9.40799e-06,2015.504884422111,2015.504884422111,628.1809045226131,2.726769878253646,0.8442739818053118,0.8442739818053118
3,-600.0,-8.855126e-06,1934.1226845337803,1934.1226845337803,593.8894472361809,2.621991074041201,0.6158441514619878,0.6158441514619878
4,-500.0,-8.275788e-06,1809.2618291457284,1809.2618291457284,544.0,2.643701267267409,0.6422358025978248,0.6422358025978248
5,-400.0,-7.600682e-06,1595.1925136795082,1595.1925136795082,463.8391959798995,2.6642385649016247,0.5559392853831906,0.5559392853831906
6,-300.0,-6.806384e-06,1241.0920737018425,1241.0920737018425,352.72361809045225,2.656982998274628,0.5445414497714325,0.5445414497714325
7,-200.0,-5.557432e-06,849.6618023450585,849.6618023450585,247.8391959798995,2.693721581040387,0.4708673674988597,0.4708673674988597
8,-100.0,-3.633041e-06,473.88964377442755,473.88964377442755,139.41708542713567,2.7334531961917983,0.39439721333292443,0.39439721333292443
