Num,Voltage,Ileak[nA],CCE[a.u.],CCE2[a.u.],MPV[mV],Noise[mV],Error mu,Error mean
0,-900.0,-3.574228e-05,1691.6713027555556,1691.6713027555556,573.7984000000001,5.965493651745621,3.4403391716225196,3.4403391716225196
1,-800.0,-3.278166e-05,1545.6957642666669,1545.6957642666669,529.1264,5.8876083809830835,4.0811123162033764,4.0811123162033764
2,-700.0,-2.975888e-05,1374.2522965333337,1374.2522965333337,475.8272,5.96310481628116,4.041141915701908,4.041141915701908
3,-600.0,-2.666248e-05,1165.3009354666667,1165.3009354666667,413.6568,5.8855282984018435,3.606306740225229,3.606306740225229
4,-500.0,-2.343089e-05,984.933826488889,984.933826488889,355.82559999999995,5.827859891061807,3.8363708056886896,3.8363708056886896
5,-400.0,-2.011725e-05,812.7272704000003,812.7272704000003,297.3848,5.678440866513351,3.7461425575430103,3.7461425575430103
6,-300.0,-1.678865e-05,634.7048771555558,634.7048771555558,237.63200000000003,5.6212666985491175,3.830235888932837,3.830235888932837
7,-200.0,-1.318325e-05,462.6079022222224,462.6079022222224,174.61600000000007,5.459483250932261,3.41539164156541,3.41539164156541
8,-100.0,-9.264442e-06,279.0537248000001,279.0537248000001,106.98240000000007,5.546173776353489,3.956167423718021,3.956167423718021
