Num,Voltage,Ileak[nA],CCE[a.u.],CCE2[a.u.],MPV[mV],Noise[mV],Error mu,Error mean
0,-900.0,-2.978161e-05,1530.2859946666667,1530.2859946666667,530.7719999999999,2.989424730092547,0.524363189608425,0.524363189608425
1,-800.0,-2.749688e-05,1395.5138204444445,1395.5138204444445,488.4744,3.0304228716203143,0.5568585595688728,0.5568585595688728
2,-700.0,-2.527377e-05,1240.4773635555557,1240.4773635555557,439.86080000000004,2.9847491206605543,0.5050654206813204,0.5050654206813204
3,-600.0,-2.285686e-05,1051.7927502222224,1051.7927502222224,381.4888,2.9709147495321466,0.48882114509550434,0.48882114509550434
4,-500.0,-2.025392e-05,879.1877781333335,879.1877781333335,325.82959999999997,2.9527539198668236,0.44691437052786714,0.44691437052786714
5,-400.0,-1.752882e-05,719.261980088889,719.261980088889,271.25840000000005,2.910660125809994,0.40534735973976627,0.40534735973976627
6,-300.0,-1.476665e-05,568.7889319111113,568.7889319111113,216.70960000000002,2.9581245187491167,0.3592213716510753,0.3592213716510753
7,-200.0,-1.167006e-05,414.1498705777781,414.1498705777781,159.1680000000001,2.9527029481192484,0.37688426210963016,0.37688426210963016
8,-100.0,-8.215557e-06,248.5787168000001,248.5787168000001,97.10960000000006,2.9836879172817885,0.34188684387674223,0.34188684387674223
