Num,Voltage,Ileak[nA],CCE[a.u.],CCE2[a.u.],MPV[mV],Noise[mV],Error mu,Error mean
0,-900.0,-2.917517e-05,1491.2713749333334,1491.2713749333334,521.0984,3.246806795168995,0.5283867514996193,0.5283867514996193
1,-800.0,-2.667539e-05,1338.9624590222222,1338.9624590222222,473.4536,3.3202615391376242,0.47396363228720345,0.47396363228720345
2,-700.0,-2.415326e-05,1157.7357877333334,1157.7357877333334,417.8,3.307532809653343,0.5061320841538507,0.5061320841538507
3,-600.0,-2.150221e-05,976.849933866667,976.849933866667,361.2031999999999,3.2452381769396634,0.45141020819082045,0.45141020819082045
4,-500.0,-1.869225e-05,815.3912128000002,815.3912128000002,307.80879999999996,3.0764589842797445,0.4353869697137016,0.4353869697137016
5,-400.0,-1.590412e-05,661.4542570666669,661.4542570666669,253.91440000000003,3.2281568708681645,0.4691687755871232,0.4691687755871232
6,-300.0,-1.304994e-05,521.6505034666668,521.6505034666668,201.19200000000004,3.034229622043937,0.44262679846426,0.44262679846426
7,-200.0,-1.007433e-05,372.00339164444466,372.00339164444466,144.9944000000001,3.048207444478286,0.4242935183229649,0.4242935183229649
8,-100.0,-6.768171e-06,212.6685539555556,212.6685539555556,84.87120000000004,3.030564641961325,0.43148475943013354,0.43148475943013354
