Num,Voltage,Ileak[nA],CCE[a.u.],CCE2[a.u.],MPV[mV],Noise[mV],Error mu,Error mean
0,-900.0,-2.971374e-05,1613.5025660444444,1613.5025660444444,553.1432000000001,2.420287473144819,0.5352297041682179,0.5352297041682179
1,-800.0,-2.726153e-05,1453.3444864000003,1453.3444864000003,503.96,2.3759727669221204,0.48285107806825606,0.48285107806825606
2,-700.0,-2.462607e-05,1257.5655552,1257.5655552,444.53039999999993,2.4144034480499643,0.5285190347606421,0.5285190347606421
3,-600.0,-2.193167e-05,1057.8551146666669,1057.8551146666669,382.85119999999995,2.405381102999412,0.4698207630238571,0.4698207630238571
4,-500.0,-1.90389e-05,880.1380170666667,880.1380170666667,324.3488,2.3865818971537984,0.4239647316592264,0.4239647316592264
5,-400.0,-1.618443e-05,718.5044480000003,718.5044480000003,268.0856,2.406270225519616,0.3922226192747168,0.3922226192747168
6,-300.0,-1.332501e-05,561.1476679111114,561.1476679111114,210.87280000000007,2.3935787248344784,0.40803849195055064,0.40803849195055064
7,-200.0,-1.026896e-05,401.49481422222243,401.49481422222243,151.2960000000001,2.4409746989650785,0.3991607616852135,0.3991607616852135
8,-100.0,-6.910885e-06,231.51472995555568,231.51472995555568,88.39520000000006,2.3805148733917854,0.3760162827725418,0.3760162827725418
