Num,Voltage,Ileak[nA],CCE[a.u.],CCE2[a.u.],MPV[mV],Noise[mV],Error mu,Error mean
0,-900.0,-2.873119e-05,1618.1651136,1618.1651136,555.3144,2.475513387616126,0.5034434790586912,0.5034434790586912
1,-800.0,-2.634509e-05,1453.568442666667,1453.568442666667,504.63520000000005,2.489606188045723,0.46864925510287364,0.46864925510287364
2,-700.0,-2.394741e-05,1248.645362488889,1248.645362488889,442.56560000000013,2.5830885703535915,0.5153354293354191,0.5153354293354191
3,-600.0,-2.134397e-05,1057.1494236444446,1057.1494236444446,382.81199999999995,2.549808028267478,0.42770700144318335,0.42770700144318335
4,-500.0,-1.863283e-05,877.5160771555556,877.5160771555556,324.3608,2.53422744787255,0.4609185226240317,0.4609185226240317
5,-400.0,-1.58627e-05,714.2488771555559,714.2488771555559,267.35040000000004,2.5595946498953386,0.47459289256742976,0.47459289256742976
6,-300.0,-1.305022e-05,557.743729777778,557.743729777778,210.55600000000007,2.5414734573315907,0.35340961244833197,0.35340961244833197
7,-200.0,-1.003098e-05,399.1458688000002,399.1458688000002,151.3608000000001,2.599261336987021,0.46060804944282124,0.46060804944282124
8,-100.0,-6.743491e-06,229.88500053333345,229.88500053333345,88.50160000000004,2.6068927286799592,0.35784709922937774,0.35784709922937774
