Num,Voltage,Ileak[nA],CCE[a.u.],CCE2[a.u.],MPV[mV],Noise[mV],Error mu,Error mean
0,-900.0,-2.414554e-05,1618.6967082666667,1618.6967082666667,565.6744,4.006652498344334,0.5073150273350864,0.5073150273350864
1,-800.0,-2.235957e-05,1461.478418488889,1461.478418488889,517.28,3.921828532551597,0.4551569456419208,0.4551569456419208
2,-700.0,-2.051042e-05,1254.1102488888891,1254.1102488888891,453.73440000000005,3.879535998919663,0.4527477185025663,0.4527477185025663
3,-600.0,-1.839136e-05,1052.6200576,1052.6200576,391.61440000000005,3.9007685192422166,0.4099975489487696,0.4099975489487696
4,-500.0,-1.616363e-05,871.9309923555556,871.9309923555556,331.4703999999999,3.916177044192682,0.3862350035070348,0.3862350035070348
5,-400.0,-1.385574e-05,707.8412785777779,707.8412785777779,274.04240000000004,3.9289738614340655,0.36840071978040434,0.36840071978040434
6,-300.0,-1.152377e-05,552.6936064000001,552.6936064000001,215.92480000000003,3.8721107629703875,0.36119853165415927,0.36119853165415927
7,-200.0,-9.305456e-06,397.3450055111113,397.3450055111113,157.2128000000001,3.8207180028631367,0.33873432076292465,0.33873432076292465
8,-100.0,-6.309174e-06,235.10912426666675,235.10912426666675,95.28240000000005,3.9063893126574634,0.3097379475703941,0.3097379475703941
