Num,Voltage,Ileak[nA],CCE[a.u.],CCE2[a.u.],MPV[mV],Noise[mV],Error mu,Error mean
0,-900.0,-2.708167e-05,1650.9304430222223,1650.9304430222223,562.6696,2.1927604831072056,0.5258451208562454,0.5258451208562454
1,-800.0,-2.486272e-05,1472.1764792888891,1472.1764792888891,508.8576000000001,2.314441799864068,0.4898587477111345,0.4898587477111345
2,-700.0,-2.254832e-05,1265.2205091555556,1265.2205091555556,446.4176,2.3769224474320096,0.4544245912838785,0.4544245912838785
3,-600.0,-2.010852e-05,1066.2938254222224,1066.2938254222224,385.0224,2.3551763914711805,0.5089669409599022,0.5089669409599022
4,-500.0,-1.755021e-05,882.828223288889,882.828223288889,325.48799999999994,2.268501860715379,0.7241574104381454,0.7241574104381454
5,-400.0,-1.497143e-05,727.2149816888891,727.2149816888891,270.35360000000003,2.2261761633353436,0.39763811610297123,0.39763811610297123
6,-300.0,-1.227173e-05,565.5705024000002,565.5705024000002,211.68640000000002,2.208901457849329,0.38978094377226774,0.38978094377226774
7,-200.0,-9.748553e-06,397.5710698666668,397.5710698666668,150.0424000000001,2.405644981141002,0.3719933392539168,0.3719933392539168
8,-100.0,-6.337106e-06,233.55062684444457,233.55062684444457,87.86160000000005,2.235155821015011,0.35432480654947146,0.35432480654947146
