Num,Voltage,Ileak[nA],CCE[a.u.],CCE2[a.u.],MPV[mV],Noise[mV],Error mu,Error mean
0,-900.0,-2.513017e-05,1751.5924380444444,1751.5924380444444,609.6504000000001,3.719135877801539,0.4890204520536125,0.4890204520536125
1,-800.0,-2.313746e-05,1566.9676078222224,1566.9676078222224,553.5192000000001,3.7708383858719583,0.5390383953244139,0.5390383953244139
2,-700.0,-2.097659e-05,1340.159955911111,1340.159955911111,484.60560000000004,3.7153048603464,0.4486615120605742,0.4486615120605742
3,-600.0,-1.873258e-05,1125.924595911111,1125.924595911111,418.08,3.7529268114932246,0.484994368698359,0.484994368698359
4,-500.0,-1.624044e-05,932.1005319111114,932.1005319111114,353.29119999999995,3.755787051705412,0.4153972537992996,0.4153972537992996
5,-400.0,-1.385517e-05,756.7987196444446,756.7987196444446,291.156,3.717237667664819,0.4032752296484383,0.4032752296484383
6,-300.0,-1.131796e-05,587.8503889777779,587.8503889777779,228.31440000000003,3.766180346813067,0.3499482038638289,0.3499482038638289
7,-200.0,-8.958377e-06,417.80936746666686,417.80936746666686,164.13520000000008,3.75963719895063,0.3547805550477645,0.3547805550477645
8,-100.0,-5.791679e-06,242.1168334222223,242.1168334222223,96.55120000000005,3.7416265048251254,0.35070498581001064,0.35070498581001064
