Num,Voltage,Ileak[nA],CCE[a.u.],CCE2[a.u.],MPV[mV],Noise[mV],Error mu,Error mean
0,-900.0,-3.136974e-05,1645.7975733333335,1645.7975733333335,563.1687999999999,2.580893342494675,0.509476321715229,0.509476321715229
1,-800.0,-2.860962e-05,1477.7151832888892,1477.7151832888892,511.84,2.618180781395574,0.4329387688807754,0.4329387688807754
2,-700.0,-2.583076e-05,1277.3517685333336,1277.3517685333336,451.10880000000003,2.605628791537446,0.4254798781400577,0.4254798781400577
3,-600.0,-2.282866e-05,1075.9024807111111,1075.9024807111111,388.96479999999997,2.6082562746577183,0.40018823187735175,0.40018823187735175
4,-500.0,-1.98624e-05,899.4336192000001,899.4336192000001,331.11119999999994,2.59502544062888,0.36993671640430553,0.36993671640430553
5,-400.0,-1.686155e-05,727.2829856000003,727.2829856000003,270.89840000000004,2.4843201918879587,0.348035583534327,0.348035583534327
6,-300.0,-1.383429e-05,576.1190958222224,576.1190958222224,214.324,2.4526692671746866,0.3500985062092103,0.3500985062092103
7,-200.0,-1.061297e-05,413.4958140444447,413.4958140444447,153.72080000000008,2.393666451885883,0.343265624838142,0.343265624838142
8,-100.0,-7.107729e-06,237.8120362666668,237.8120362666668,88.44960000000005,2.4013487574555543,0.3354422518903654,0.3354422518903654
