Num,Voltage,Ileak[nA],CCE[a.u.],CCE2[a.u.],MPV[mV],Noise[mV],Error mu,Error mean
0,-900.0,-2.781604e-05,1554.3052302222222,1554.3052302222222,538.764,3.010156359927152,0.5070983999741286,0.5070983999741286
1,-800.0,-2.569749e-05,1421.1932316444445,1421.1932316444445,497.1039999999999,2.998224436287354,0.47209842320804407,0.47209842320804407
2,-700.0,-2.371401e-05,1260.245828977778,1260.245828977778,447.1864,2.9960386910884127,0.48671124294028767,0.48671124294028767
3,-600.0,-2.150552e-05,1072.8723978666667,1072.8723978666667,388.7048,2.9489283607138077,0.4910258701596898,0.4910258701596898
4,-500.0,-1.906533e-05,894.3741514666668,894.3741514666668,331.1736,2.9167628269405497,0.4017357929720492,0.4017357929720492
5,-400.0,-1.653715e-05,733.4479392000001,733.4479392000001,276.4816,2.886593615426707,0.44005052088722646,0.44005052088722646
6,-300.0,-1.385178e-05,579.3973532444446,579.3973532444446,221.116,2.898727842292883,0.41065911298749913,0.41065911298749913
7,-200.0,-1.095934e-05,423.6027978666669,423.6027978666669,162.84240000000008,2.8765849941592596,0.39702520471164027,0.39702520471164027
8,-100.0,-7.761322e-06,255.3469422222224,255.3469422222224,99.70160000000007,2.8756011403393535,0.40353376960487464,0.40353376960487464
