Num,Voltage,Ileak[nA],CCE[a.u.],CCE2[a.u.],MPV[mV],Noise[mV],Error mu,Error mean
0,-900.0,-2.619683e-05,1658.5599960888887,1658.5599960888887,576.7272,3.8529288982657555,0.4669126073603076,0.4669126073603076
1,-800.0,-2.407818e-05,1490.3705528888888,1490.3705528888888,525.328,3.799121156124609,0.43860747907895953,0.43860747907895953
2,-700.0,-2.175708e-05,1280.7325934222224,1280.7325934222224,461.5368,3.7882589282983425,0.4600898541194748,0.4600898541194748
3,-600.0,-1.943241e-05,1074.831850311111,1074.831850311111,397.81199999999995,3.807335549404338,0.3922611295732476,0.3922611295732476
4,-500.0,-1.695607e-05,892.8923015111111,892.8923015111111,336.8567999999999,3.8395208129924856,0.39650516850543116,0.39650516850543116
5,-400.0,-1.437261e-05,724.9681767111113,724.9681767111113,278.0184,3.8164516021593538,0.32796357963652023,0.32796357963652023
6,-300.0,-1.18007e-05,564.0415829333335,564.0415829333335,218.64,3.8208762653843924,0.3535923065660788,0.3535923065660788
7,-200.0,-9.433554e-06,403.9064334222224,403.9064334222224,157.5296000000001,3.8180436975918695,0.3224184417554308,0.3224184417554308
8,-100.0,-6.132672e-06,235.92165368888902,235.92165368888902,92.69440000000006,3.8041494103124096,0.29806594604335496,0.29806594604335496
