Num,Voltage,Ileak[nA],CCE[a.u.],CCE2[a.u.],MPV[mV],Noise[mV],Error mu,Error mean
0,-900.0,-3.332168e-05,1701.6415694222223,1701.6415694222223,580.1624,2.1978786334526426,0.522363355426544,0.522363355426544
1,-800.0,-3.060845e-05,1549.906282311111,1549.906282311111,533.6968,2.1876410828871826,0.4587432241069088,0.4587432241069088
2,-700.0,-2.798564e-05,1374.3205987555557,1374.3205987555557,479.2504,2.2364239573518447,0.43758519456636086,0.43758519456636086
3,-600.0,-2.516977e-05,1169.038639288889,1169.038639288889,416.68160000000006,2.238018764607617,0.4057279068128313,0.4057279068128313
4,-500.0,-2.214871e-05,979.1037539555557,979.1037539555557,355.58160000000004,2.1587508876394126,0.41572016453224764,0.41572016453224764
5,-400.0,-1.911933e-05,805.9378449777779,805.9378449777779,296.87119999999993,2.1945531735156605,0.3350748521395185,0.3350748521395185
6,-300.0,-1.596571e-05,637.3690730666668,637.3690730666668,236.83840000000004,2.1622924042783853,0.31823971876508395,0.31823971876508395
7,-200.0,-1.261741e-05,466.6060728888891,466.6060728888891,173.80400000000006,2.192147531486526,0.298603460553825,0.298603460553825
8,-100.0,-8.926676e-06,281.682508088889,281.682508088889,104.70720000000009,2.2146583120407897,0.3197082862360627,0.3197082862360627
