Num,Voltage,Ileak[nA],CCE[a.u.],CCE2[a.u.],MPV[mV],Noise[mV],Error mu,Error mean
0,-900.0,-3.226683e-05,1398.370264177778,1398.370264177778,490.69840000000005,3.177376593902043,0.4789980101784135,0.4789980101784135
1,-800.0,-2.905243e-05,1217.4817169777778,1217.4817169777778,435.0944,3.1820345359269915,0.49953504676376775,0.49953504676376775
2,-700.0,-2.587684e-05,1044.630591288889,1044.630591288889,379.5344,3.191804120218989,0.4516894322274098,0.4516894322274098
3,-600.0,-2.272769e-05,889.4406542222225,889.4406542222225,327.1775999999999,3.207186668733014,0.4376156275615394,0.4376156275615394
4,-500.0,-1.966623e-05,744.0818069333336,744.0818069333336,276.52,3.2266875780038653,0.42965246156548487,0.42965246156548487
5,-400.0,-1.664384e-05,607.7737720888891,607.7737720888891,226.54160000000005,3.1976353392228636,0.39784018936814375,0.39784018936814375
6,-300.0,-1.366701e-05,472.96440355555575,472.96440355555575,176.08160000000007,3.241502068752756,0.38156027284359867,0.38156027284359867
7,-200.0,-1.051175e-05,338.1367537777779,338.1367537777779,125.40240000000009,3.238023212477516,0.38041183534732437,0.38041183534732437
8,-100.0,-7.187995e-06,197.93848604444452,197.93848604444452,74.67360000000004,3.2586453339787886,0.37797743543910167,0.37797743543910167
