Num,Voltage,Ileak[nA],CCE[a.u.],CCE2[a.u.],MPV[mV],Noise[mV],Error mu,Error mean
0,-900.0,-3.33328e-05,1344.2869724444445,1344.2869724444445,476.84960000000007,4.367542576419778,0.4685012048479714,0.4685012048479714
1,-800.0,-3.0157e-05,1173.2069877333336,1173.2069877333336,424.73920000000004,4.418063871556813,0.451689617303209,0.451689617303209
2,-700.0,-2.682839e-05,1008.1292092444446,1008.1292092444446,372.29119999999995,4.432854551253949,0.4211246574575285,0.4211246574575285
3,-600.0,-2.361259e-05,860.5215928888891,860.5215928888891,323.00079999999997,4.460683455931917,0.36818925186528656,0.36818925186528656
4,-500.0,-2.042562e-05,721.2111598222224,721.2111598222224,273.8968,4.537379224658816,0.41641291236233285,0.41641291236233285
5,-400.0,-1.734836e-05,588.457038577778,588.457038577778,226.27680000000004,4.584991488014502,0.3733895383147216,0.3733895383147216
6,-300.0,-1.426046e-05,459.5386912000002,459.5386912000002,177.62400000000005,4.660896460286488,0.4056295708352634,0.4056295708352634
7,-200.0,-1.102373e-05,327.80417137777795,327.80417137777795,127.62160000000011,4.656856521437431,0.3787061027344559,0.3787061027344559
8,-100.0,-7.555243e-06,192.11556693333344,192.11556693333344,76.74560000000005,4.71512583405081,0.38413742170384824,0.38413742170384824
