Num,Voltage,Ileak[nA],CCE[a.u.],CCE2[a.u.],MPV[mV],Noise[mV],Error mu,Error mean
0,-900.0,-3.258607e-05,1690.2932280888888,1690.2932280888888,574.7232,5.142506485188179,1.569565484764645,1.569565484764645
1,-800.0,-2.981312e-05,1518.1929144888893,1518.1929144888893,523.1048000000001,5.1266517834701855,1.4252951122234296,1.4252951122234296
2,-700.0,-2.677667e-05,1314.8952775111113,1314.8952775111113,461.93839999999994,5.148794702933691,1.4663767939243988,1.4663767939243988
3,-600.0,-2.367641e-05,1106.3992586666668,1106.3992586666668,398.6096,5.1040639068621925,1.4313116134347819,1.4313116134347819
4,-500.0,-2.045223e-05,927.3033546666669,927.3033546666669,339.3768,5.124178224934112,1.5219272719489838,1.5219272719489838
5,-400.0,-1.732801e-05,757.1358702222225,757.1358702222225,280.9144,5.092453292044448,1.4570866890423237,1.4570866890423237
6,-300.0,-1.421762e-05,591.2220302222224,591.2220302222224,221.01600000000002,5.096536163937326,1.4632419078158199,1.4632419078158199
7,-200.0,-1.09072e-05,419.6856341333335,419.6856341333335,158.71200000000007,5.11842657205426,1.4633214994559194,1.4633214994559194
8,-100.0,-7.273783e-06,240.01260693333344,240.01260693333344,92.37360000000007,5.083653873679618,1.435833947836588,1.435833947836588
