Num,Voltage,Ileak[nA],CCE[a.u.],CCE2[a.u.],MPV[mV],Noise[mV],Error mu,Error mean
0,-900.0,-2.665827e-05,1586.5775470222225,1586.5775470222225,550.248,3.142153494703361,0.4856636636172009,0.4856636636172009
1,-800.0,-2.472341e-05,1445.550324977778,1445.550324977778,506.724,3.1273970128258584,0.48343438259321325,0.48343438259321325
2,-700.0,-2.277461e-05,1272.3768167111111,1272.3768167111111,452.4472,3.130613684613827,0.4317938832493108,0.4317938832493108
3,-600.0,-2.061067e-05,1072.296321066667,1072.296321066667,390.6232,3.120986012258164,0.44833172833195556,0.44833172833195556
4,-500.0,-1.822538e-05,893.4227982222224,893.4227982222224,332.0335999999999,3.138833771126696,0.45120039102961773,0.45120039102961773
5,-400.0,-1.585009e-05,727.5317952000001,727.5317952000001,275.624,3.1170843954211094,0.38322923017703187,0.38322923017703187
6,-300.0,-1.320288e-05,572.6182243555558,572.6182243555558,219.4008,3.103940788616869,0.3693699718194753,0.3693699718194753
7,-200.0,-1.041025e-05,415.0600942222224,415.0600942222224,160.22720000000007,3.0983419345207657,0.3502323580710383,0.3502323580710383
8,-100.0,-7.374784e-06,249.7389105777779,249.7389105777779,97.63200000000005,3.151364998968065,0.3401115056683619,0.3401115056683619
