Num,Voltage,Ileak[nA],CCE[a.u.],CCE2[a.u.],MPV[mV],Noise[mV],Error mu,Error mean
0,-900.0,-3.77679e-05,1415.3128177777776,1415.3128177777776,492.2,5.333349092569309,0.9671884201126489,0.9671884201126489
1,-800.0,-3.436115e-05,1262.3927466666664,1262.3927466666664,445.48,5.3256154156637665,0.9983997692307378,0.9983997692307378
2,-700.0,-3.061084e-05,1074.542168888889,1074.542168888889,387.96,5.407026480240751,0.9353370575359409,0.9353370575359409
3,-600.0,-2.677648e-05,918.361831111111,918.361831111111,338.4,5.369204971379967,0.8925904772066519,0.8925904772066519
4,-500.0,-2.310466e-05,786.2578488888888,786.2578488888888,293.8,5.394451122549935,0.5007754498774876,0.5007754498774876
5,-400.0,-1.971397e-05,614.3586488888888,614.3586488888888,235.44,5.543691171274706,0.9426232944289028,0.9426232944289028
6,-300.0,-1.59593e-05,467.76912,467.76912,181.36,5.836734970093392,0.923727849098422,0.923727849098422
7,-200.0,-1.209239e-05,355.61583999999993,355.61583999999993,135.36,5.359060075133408,0.554651383122768,0.554651383122768
8,-100.0,-8.236726e-06,200.1291022222222,200.1291022222222,76.92,5.342056458881405,0.6309362085028881,0.6309362085028881
