Num,Voltage,Ileak[nA],CCE[a.u.],CCE2[a.u.],MPV[mV],Noise[mV],Error mu,Error mean
0,-900.0,-3.02749e-05,1534.5576544000003,1534.5576544000003,531.944,2.573535951228712,0.48644399327363486,0.48644399327363486
1,-800.0,-2.772057e-05,1376.1844366222224,1376.1844366222224,483.1128,2.613832652283465,0.4457564412549994,0.4457564412549994
2,-700.0,-2.507022e-05,1189.1636451555557,1189.1636451555557,426.61839999999995,2.618535538679664,0.4759710430183744,0.4759710430183744
3,-600.0,-2.235044e-05,984.4322097777779,984.4322097777779,364.18,2.862892045639803,0.5076382389379243,0.5076382389379243
4,-500.0,-1.940461e-05,820.5963569777779,820.5963569777779,310.272,2.8718700240336807,0.44259837584012834,0.44259837584012834
5,-400.0,-1.643875e-05,675.2691114666668,675.2691114666668,258.16560000000004,2.729052440715968,0.40338897082156305,0.40338897082156305
6,-300.0,-1.347897e-05,530.4444096000002,530.4444096000002,204.66480000000004,2.700550762064822,0.35595399577630965,0.35595399577630965
7,-200.0,-1.037098e-05,380.85148231111134,380.85148231111134,148.53120000000007,2.6731917523569346,0.40563552649145557,0.40563552649145557
8,-100.0,-6.934732e-06,219.95391111111124,219.95391111111124,87.97760000000005,2.6522529486839055,0.36609722060195954,0.36609722060195954
