Num,Voltage,Ileak[nA],CCE[a.u.],CCE2[a.u.],MPV[mV],Noise[mV],Error mu,Error mean
0,-900.0,-3.172982e-05,1577.8752536888892,1577.8752536888892,542.3456,2.8952821240352433,0.46980131733284886,0.46980131733284886
1,-800.0,-2.889269e-05,1432.1383694222222,1432.1383694222222,497.42080000000004,2.8909403816153536,0.44471800553609064,0.44471800553609064
2,-700.0,-2.600352e-05,1236.699245155556,1236.699245155556,438.0368000000001,2.8931802368473267,0.45586319182842544,0.45586319182842544
3,-600.0,-2.3041e-05,1039.3467025777782,1039.3467025777782,376.44719999999995,2.8872390750890355,0.4045701438222051,0.4045701438222051
4,-500.0,-2.010052e-05,864.3365425777779,864.3365425777779,319.6,2.9112287791791616,0.39565285947193596,0.39565285947193596
5,-400.0,-1.699772e-05,700.8130762666669,700.8130762666669,263.12,2.9184693905919636,0.36049876222100996,0.36049876222100996
6,-300.0,-1.394582e-05,543.3752768000002,543.3752768000002,205.67920000000007,2.9623646379501936,0.32182789456925576,0.32182789456925576
7,-200.0,-1.071393e-05,385.11298026666685,385.11298026666685,146.4136000000001,2.9535134012524447,0.3520485541494528,0.3520485541494528
8,-100.0,-7.190888e-06,223.30316124444457,223.30316124444457,85.79680000000003,2.8576866141291353,0.3255272148937474,0.3255272148937474
