Num,Voltage,Ileak[nA],CCE[a.u.],CCE2[a.u.],MPV[mV],Noise[mV],Error mu,Error mean
0,-900.0,-3.216163e-05,1342.9374890666668,1342.9374890666668,476.59280000000007,3.0162555749066686,0.48335723706062494,0.48335723706062494
1,-800.0,-2.953953e-05,1169.410520177778,1169.410520177778,422.95039999999995,3.075559639611932,0.43532041607037053,0.43532041607037053
2,-700.0,-2.646486e-05,1003.3449379555555,1003.3449379555555,368.88800000000003,3.0783913763514645,0.4004883684686983,0.4004883684686983
3,-600.0,-2.319365e-05,851.6655687111113,851.6655687111113,317.6752,3.139805104012071,0.34537555568210043,0.34537555568210043
4,-500.0,-1.987713e-05,710.6604903111114,710.6604903111114,267.97360000000003,3.1684064885088046,0.3647671211499204,0.3647671211499204
5,-400.0,-1.651719e-05,574.6811082666668,574.6811082666668,218.16240000000002,3.243839705013524,0.367507828096219,0.367507828096219
6,-300.0,-1.332294e-05,443.53241457777796,443.53241457777796,169.32160000000007,3.333167251103986,0.34073419496892327,0.34073419496892327
7,-200.0,-1.00943e-05,314.0395029333335,314.0395029333335,120.34560000000009,3.3588243304002807,0.33139119640690534,0.33139119640690534
8,-100.0,-6.819707e-06,182.36954773333338,182.36954773333338,72.01360000000004,3.1934156398300417,0.3520785942148715,0.3520785942148715
