Num,Voltage,Ileak[nA],CCE[a.u.],CCE2[a.u.],MPV[mV],Noise[mV],Error mu,Error mean
0,-900.0,-2.227273e-05,1586.8028334222224,1586.8028334222224,567.1144,4.184162337334134,0.5065721703200059,0.5065721703200059
1,-800.0,-2.02572e-05,1367.055617777778,1367.055617777778,499.8224000000001,4.164703797722647,0.4352547077143686,0.4352547077143686
2,-700.0,-1.817267e-05,1159.0320629333335,1159.0320629333335,434.76559999999995,4.24611135791588,0.4334614291402627,0.4334614291402627
3,-600.0,-1.60755e-05,970.8339598222223,970.8339598222223,371.81839999999994,4.21067458305263,0.4729387965964317,0.4729387965964317
4,-500.0,-1.39271e-05,798.3923381333335,798.3923381333335,311.6656,4.3090573478249805,0.37667814652023535,0.37667814652023535
5,-400.0,-1.170984e-05,634.9598926222224,634.9598926222224,252.3184,4.458445128857381,0.37351264362171144,0.37351264362171144
6,-300.0,-9.86847e-06,486.194817777778,486.194817777778,194.7536000000001,4.416478770152743,0.3469872400724848,0.3469872400724848
7,-200.0,-7.518337e-06,339.9044497777779,339.9044497777779,138.44400000000007,4.422893714010333,0.34412129819771425,0.34412129819771425
8,-100.0,-4.951051e-06,198.9539054222223,198.9539054222223,82.86560000000004,4.375908283551465,0.3426412255238415,0.3426412255238415
