Num,Voltage,Ileak[nA],CCE[a.u.],CCE2[a.u.],MPV[mV],Noise[mV],Error mu,Error mean
0,-900.0,-1.111941e-05,1986.3875644891125,1986.3875644891125,625.4472361809045,2.550595543537896,1.7706594495217411,1.7706594495217411
1,-800.0,-1.032372e-05,1903.1757007258514,1903.1757007258514,593.8090452261307,2.9035017378854278,1.2948662087552087,1.2948662087552087
2,-700.0,-1.04998e-05,1865.2162144053598,1865.2162144053598,575.1557788944724,2.409181233548694,0.6822425347405988,0.6822425347405988
3,-600.0,-9.498694e-06,1786.5170831937464,1786.5170831937464,541.748743718593,2.389864959430158,0.8173372558111135,0.8173372558111135
4,-500.0,-8.790703e-06,1629.1021328866552,1629.1021328866552,480.84422110552765,2.716577293682772,0.9427118901216686,0.9427118901216686
5,-400.0,-8.169153e-06,1423.176075935231,1423.176075935231,405.86934673366835,2.337003143428214,0.764062316957855,0.764062316957855
6,-300.0,-7.160674e-06,1103.1285315466218,1103.1285315466218,309.38693467336685,2.0707605105766014,0.5766265854797838,0.5766265854797838
7,-200.0,-5.641487e-06,749.2297576772752,749.2297576772752,212.30150753768845,2.382281708310068,0.7666391664062769,0.7666391664062769
8,-100.0,-3.704475e-06,420.6531680625348,420.6531680625348,115.21608040201005,2.5198372614473095,0.6363851311891187,0.6363851311891187
