Num,Voltage,Ileak[nA],CCE[a.u.],CCE2[a.u.],MPV[mV],Noise[mV],Error mu,Error mean
0,-900.0,-2.298155e-05,1658.5156789333334,1658.5156789333334,584.948,3.855738039488103,0.5769435856966248,0.5769435856966248
1,-800.0,-2.125823e-05,1473.5707818666665,1473.5707818666665,527.8224,3.6793939021649877,0.5051593907783143,0.5051593907783143
2,-700.0,-1.928767e-05,1257.341136,1257.341136,460.2104,3.5632584796628066,0.44684479153245144,0.44684479153245144
3,-600.0,-1.722699e-05,1059.8756078222223,1059.8756078222223,397.07599999999996,3.549692955849827,0.46542107008600253,0.46542107008600253
4,-500.0,-1.515107e-05,877.7642272000002,877.7642272000002,334.7328,3.5015719444209,0.4196523615817271,0.4196523615817271
5,-400.0,-1.292533e-05,706.5655057777778,706.5655057777778,273.4568,3.5531760573212514,0.40771388311942397,0.40771388311942397
6,-300.0,-1.066547e-05,545.4664668444447,545.4664668444447,213.59520000000003,3.5648800266855734,0.3690762106943217,0.3690762106943217
7,-200.0,-8.565818e-06,388.1388042666668,388.1388042666668,152.80640000000008,3.579022589826571,0.4145760515611098,0.4145760515611098
8,-100.0,-5.754835e-06,228.5898823111112,228.5898823111112,91.05920000000006,3.4782442683345964,0.3299679187315036,0.3299679187315036
