Num,Voltage,Ileak[nA],CCE[a.u.],CCE2[a.u.],MPV[mV],Noise[mV],Error mu,Error mean
0,-900.0,-0.0001049861,2018.083055276382,2018.083055276382,654.8341708542714,2.7824042704534517,0.6594904672057569,0.6594904672057569
1,-800.0,-9.676452e-06,1968.6141641541042,1968.6141641541042,633.3668341708543,2.7626811321579705,0.6191254798377513,0.6191254798377513
2,-700.0,-8.964783e-06,1912.6653534338357,1912.6653534338357,609.1658291457286,2.8799788350994193,0.5968038270070134,0.5968038270070134
3,-600.0,-8.48216e-06,1829.1802657733106,1829.1802657733106,575.5979899497487,2.957098102416678,0.6434785252824179,0.6434785252824179
4,-500.0,-7.886872e-06,1718.0197520938023,1718.0197520938023,528.2010050251256,2.8229980422445395,0.6428190588041013,0.6428190588041013
5,-400.0,-7.301096e-06,1521.3599017308766,1521.3599017308766,452.4221105527638,2.7734587467671146,0.675086882391471,0.675086882391471
6,-300.0,-6.515608e-06,1181.6140792853153,1181.6140792853153,345.4472361809045,2.779396701707406,0.5605028433230528,0.5605028433230528
7,-200.0,-5.213406e-06,798.246539363484,798.246539363484,241.36683417085428,2.8788625394756444,0.46260214686969203,0.46260214686969203
8,-100.0,-3.510446e-06,443.3607682858738,443.3607682858738,137.96984924623115,2.8580870280293773,0.42685517245200844,0.42685517245200844
