Num,Voltage,Ileak[nA],CCE[a.u.],CCE2[a.u.],MPV[mV],Noise[mV],Error mu,Error mean
0,-900.0,-2.82376e-05,1679.2683043555555,1679.2683043555555,570.6248,2.2880760872438852,0.5193982081275228,0.5193982081275228
1,-800.0,-2.582478e-05,1514.474915911111,1514.474915911111,519.9856,2.2728095107114124,0.5149135608403409,0.5149135608403409
2,-700.0,-2.352725e-05,1307.8118094222225,1307.8118094222225,457.6832,2.3045683053566286,0.47404903793054876,0.47404903793054876
3,-600.0,-2.088761e-05,1099.3813944888889,1099.3813944888889,393.65759999999995,2.2971435670468425,0.4442179429582746,0.4442179429582746
4,-500.0,-1.826321e-05,916.2723114666669,916.2723114666669,333.5216,2.3035246684061272,0.38065574797183876,0.38065574797183876
5,-400.0,-1.554161e-05,745.5362858666668,745.5362858666668,274.5464,2.2871421645946435,0.399400282045369,0.399400282045369
6,-300.0,-1.276579e-05,580.3751463111113,580.3751463111113,215.35200000000003,2.3016606078564292,0.37227200184983056,0.37227200184983056
7,-200.0,-1.01733e-05,413.8339946666669,413.8339946666669,153.6568000000001,2.30664954598656,0.33669684142931966,0.33669684142931966
8,-100.0,-6.590345e-06,238.25343680000012,238.25343680000012,89.22400000000005,2.338609416669089,0.33440447408298896,0.33440447408298896
