Num,Voltage,Ileak[nA],CCE[a.u.],CCE2[a.u.],MPV[mV],Noise[mV],Error mu,Error mean
0,-900.0,-0.0001049865,2297.7256594081523,2297.7256594081523,733.1457286432161,2.278625858172833,0.8407187638843397,0.8407187638843397
1,-800.0,-1.043793e-05,2203.810948073702,2203.810948073702,701.748743718593,2.513966419785271,0.8140130198496061,0.8140130198496061
2,-700.0,-1.049978e-05,2136.268757118928,2136.268757118928,674.7336683417085,2.3614477787779515,0.759227889939607,0.759227889939607
3,-600.0,-9.728182e-06,2030.0248084868786,2030.0248084868786,634.8542713567839,2.4809282566261506,0.760312578932722,0.760312578932722
4,-500.0,-9.121492e-06,1871.2591401451698,1871.2591401451698,577.4070351758794,2.5869731013349955,0.7450890957269791,0.7450890957269791
5,-400.0,-8.366109e-06,1599.0968888888888,1599.0968888888888,484.0603015075377,2.68397076568905,0.6685168392208627,0.6685168392208627
6,-300.0,-7.534767e-06,1216.1128308207706,1216.1128308207706,366.5929648241206,2.7924410054582833,0.9528493418021071,0.9528493418021071
7,-200.0,-6.107407e-06,824.3300770519261,824.3300770519261,255.356783919598,3.2789059002776564,0.47865497906042914,0.47865497906042914
8,-100.0,-4.088388e-06,463.6901842546064,463.6901842546064,145.20603015075378,3.2171382961371253,0.375500992111396,0.375500992111396
