Num,Voltage,Ileak[nA],CCE[a.u.],CCE2[a.u.],MPV[mV],Noise[mV],Error mu,Error mean
0,-900.0,-3.069297e-05,1375.9387811555557,1375.9387811555557,509.0312,6.176244754307118,0.44691661073949707,0.44691661073949707
1,-800.0,-2.738563e-05,1190.0675136,1190.0675136,451.98400000000004,6.15736907632184,0.41497263611221497,0.41497263611221497
2,-700.0,-2.430596e-05,1019.2551420444445,1019.2551420444445,396.8664,6.175611788622474,0.405681526796574,0.405681526796574
3,-600.0,-2.123481e-05,862.5901575111112,862.5901575111112,342.51279999999997,6.200344021608107,0.3459735724362773,0.3459735724362773
4,-500.0,-1.822374e-05,716.7085038222224,716.7085038222224,289.8064,6.1809586244574035,0.3186529381335131,0.3186529381335131
5,-400.0,-1.530524e-05,577.0056298666668,577.0056298666668,237.46240000000006,6.2119795116783125,0.33158421215202716,0.33158421215202716
6,-300.0,-1.230209e-05,442.2831978666669,442.2831978666669,184.97760000000005,6.219097111403446,0.3248295073571982,0.3248295073571982
7,-200.0,-9.709e-06,309.9587616000001,309.9587616000001,132.5552000000001,6.174890517197678,0.3200610157509342,0.3200610157509342
8,-100.0,-6.371438e-06,177.31794026666674,177.31794026666674,80.38240000000005,6.203218555255545,0.28824608820436776,0.28824608820436776
