Num,Voltage,Ileak[nA],CCE[a.u.],CCE2[a.u.],MPV[mV],Noise[mV],Error mu,Error mean
0,-900.0,-3.453201e-05,1367.928141511111,1367.928141511111,495.2872,5.854613930877484,1.4723456768028358,1.4723456768028358
1,-800.0,-3.170304e-05,1245.6211608888889,1245.6211608888889,455.744,5.733023912330912,1.4760841590645444,1.4760841590645444
2,-700.0,-2.884826e-05,1103.3205706666668,1103.3205706666668,411.1248000000001,5.677361031324327,1.4660477970995622,1.4660477970995622
3,-600.0,-2.592423e-05,932.9063473777778,932.9063473777778,358.6664,5.519150501131784,1.3629453277209929,1.3629453277209929
4,-500.0,-2.280843e-05,776.0679345777779,776.0679345777779,308.9256,5.370862743384581,1.4648636555667292,1.4648636555667292
5,-400.0,-1.959417e-05,633.141197866667,633.141197866667,259.76880000000006,5.269534612400691,1.239852988138965,1.239852988138965
6,-300.0,-1.635666e-05,496.22485297777797,496.22485297777797,209.30480000000003,5.1786438339104555,1.2598379911408926,1.2598379911408926
7,-200.0,-1.287549e-05,358.1822563555558,358.1822563555558,156.68880000000007,5.208723578651019,1.2147867793635563,1.2147867793635563
8,-100.0,-9.091991e-06,204.64350115555567,204.64350115555567,98.54640000000006,5.122313201777707,1.276993336081094,1.276993336081094
