Num,Voltage,Ileak[nA],CCE[a.u.],CCE2[a.u.],MPV[mV],Noise[mV],Error mu,Error mean
0,-900.0,-3.118705e-05,1717.5120309333333,1717.5120309333333,581.4576000000001,1.9656860044947841,0.5662033075695673,0.5662033075695673
1,-800.0,-2.87277e-05,1566.7501895111113,1566.7501895111113,535.6976,1.973116058889318,0.4915953362629891,0.4915953362629891
2,-700.0,-2.636633e-05,1389.068994488889,1389.068994488889,481.2256,1.9092297936492677,0.49070161681380337,0.49070161681380337
3,-600.0,-2.376778e-05,1181.976274488889,1181.976274488889,419.17440000000005,1.969457544847826,0.5390089225164276,0.5390089225164276
4,-500.0,-2.102686e-05,984.2621052444447,984.2621052444447,357.30799999999994,1.9530798066744501,0.4765767191077638,0.4765767191077638
5,-400.0,-1.816587e-05,803.0319715555556,803.0319715555556,297.02799999999996,1.9379853622757481,0.49400420143443957,0.49400420143443957
6,-300.0,-1.516865e-05,633.8620110222223,633.8620110222223,236.9184,1.9448249658599355,0.4498291969593793,0.4498291969593793
7,-200.0,-1.201007e-05,456.3459032888891,456.3459032888891,172.42480000000006,1.9657832007913747,0.4695767175475382,0.4695767175475382
8,-100.0,-8.455741e-06,276.1184522666668,276.1184522666668,104.76160000000007,1.9851802537357213,0.43785619677551674,0.43785619677551674
