Num,Voltage,Ileak[nA],CCE[a.u.],CCE2[a.u.],MPV[mV],Noise[mV],Error mu,Error mean
0,-900.0,-3.06065e-05,1357.5491064888888,1357.5491064888888,494.704,4.305377064563468,0.4582274678956746,0.4582274678956746
1,-800.0,-2.748278e-05,1176.6009984000002,1176.6009984000002,439.17680000000007,4.289928973750292,0.37914373372260834,0.37914373372260834
2,-700.0,-2.444194e-05,1007.5000920888889,1007.5000920888889,384.4536,4.272055142796189,0.39055340031457997,0.39055340031457997
3,-600.0,-2.148118e-05,853.5781991111112,853.5781991111112,331.9008,4.29132469376975,0.34191421622436285,0.34191421622436285
4,-500.0,-1.853724e-05,711.3841319111111,711.3841319111111,280.8376,4.308263791776893,0.33809901621862176,0.33809901621862176
5,-400.0,-1.560042e-05,576.5506954666668,576.5506954666668,230.87360000000004,4.266603708931341,0.2978651977608662,0.2978651977608662
6,-300.0,-1.269378e-05,444.17411626666683,444.17411626666683,180.18880000000004,4.303919099694036,0.3047878112334549,0.3047878112334549
7,-200.0,-1.005029e-05,313.41668551111127,313.41668551111127,128.77120000000008,4.280314146163447,0.29677406343600854,0.29677406343600854
8,-100.0,-6.59439e-06,179.28827306666676,179.28827306666676,76.56240000000005,4.289617377062901,0.28248568050023365,0.28248568050023365
