Num,Voltage,Ileak[nA],CCE[a.u.],CCE2[a.u.],MPV[mV],Noise[mV],Error mu,Error mean
0,-900.0,-4.138762e-05,1392.262542222222,1392.262542222222,480.96,5.228446390116379,1.7935327694803858,1.7935327694803858
1,-800.0,-3.768632e-05,1217.741457777778,1217.741457777778,428.24,5.471077944659829,0.9707437214836844,0.9707437214836844
2,-700.0,-3.395804e-05,1094.8769422222222,1094.8769422222222,390.8,4.994576891087738,0.8200183412582853,0.8200183412582853
3,-600.0,-3.022959e-05,938.7949866666665,938.7949866666665,342.2,4.943129193357404,0.5372531738389272,0.5372531738389272
4,-500.0,-2.632352e-05,788.1697066666666,788.1697066666666,292.92,5.008106140160281,0.5567195229197552,0.5567195229197552
5,-400.0,-2.258779e-05,648.0485333333334,648.0485333333334,244.12,4.993914518914218,0.48050574689591247,0.48050574689591247
6,-300.0,-1.870322e-05,515.2122488888888,515.2122488888888,194.0,4.956979660844363,0.4845955476477264,0.4845955476477264
7,-200.0,-1.46394e-05,377.9889777777778,377.9889777777778,143.6,4.953639390375176,0.4642266894524695,0.4642266894524695
8,-100.0,-1.042951e-05,227.07502222222217,227.07502222222217,85.68,5.036123827893487,0.5700840639765332,0.5700840639765332
