Num,Voltage,Ileak[nA],CCE[a.u.],CCE2[a.u.],MPV[mV],Noise[mV],Error mu,Error mean
0,-900.0,-2.473196e-05,1635.2637084444443,1635.2637084444443,560.0064000000001,2.4946524696628716,0.8777894160320677,0.8777894160320677
1,-800.0,-2.297619e-05,1383.6720170666667,1383.6720170666667,483.88,3.1319369019896377,0.9075273126898598,0.9075273126898598
2,-700.0,-2.105317e-05,1207.4061091555557,1207.4061091555557,428.74960000000004,2.977806380877552,0.4770246858517922,0.4770246858517922
3,-600.0,-1.903804e-05,996.0738083555558,996.0738083555558,362.79519999999997,3.3249240426604834,0.441221307400629,0.441221307400629
4,-500.0,-1.685064e-05,826.8729628444446,826.8729628444446,307.54799999999994,3.2711698905226143,0.4274934145925519,0.4274934145925519
5,-400.0,-1.457209e-05,669.2808252444446,669.2808252444446,252.57680000000005,3.3481145339023874,0.41868943720939467,0.41868943720939467
6,-300.0,-1.217104e-05,521.5601731555557,521.5601731555557,198.97520000000003,3.3616333025274687,0.36268031031198883,0.36268031031198883
7,-200.0,-9.874216e-06,390.8175530666669,390.8175530666669,146.77520000000007,2.744320055322347,0.5305186000687255,0.5305186000687255
8,-100.0,-6.739493e-06,227.07441813333347,227.07441813333347,86.12400000000005,3.032221841517831,0.38346582632156423,0.38346582632156423
