Num,Voltage,Ileak[nA],CCE[a.u.],CCE2[a.u.],MPV[mV],Noise[mV],Error mu,Error mean
0,-900.0,-1.948311e-05,2026.8083840000002,2026.8083840000002,666.7688,2.5198331401547653,0.5983597415334704,0.5983597415334704
1,-800.0,-1.81791e-05,1908.4105347555555,1908.4105347555555,628.6336000000001,2.5360470767878014,0.6599440847140945,0.6599440847140945
2,-700.0,-1.6973e-05,1761.9360248888893,1761.9360248888893,582.0048000000002,2.577754099431481,0.5477652663792382,0.5477652663792382
3,-600.0,-1.569196e-05,1579.5230403555556,1579.5230403555556,524.4464,2.586957412980129,0.5453982883153204,0.5453982883153204
4,-500.0,-1.431948e-05,1315.2731907555558,1315.2731907555558,443.02,2.5929381605763067,0.4617357170385693,0.4617357170385693
5,-400.0,-1.257711e-05,1038.671020088889,1038.671020088889,359.49760000000003,2.613988301763806,0.4698840117019503,0.4698840117019503
6,-300.0,-1.060542e-05,797.5832750222223,797.5832750222223,281.76959999999997,2.59982988457341,0.4047780261798807,0.4047780261798807
7,-200.0,-8.666041e-06,569.2044650666669,569.2044650666669,202.86880000000005,2.5916626098660642,0.3629195279988105,0.3629195279988105
8,-100.0,-5.770862e-06,330.6099818666669,330.6099818666669,118.51600000000009,2.5932001404013882,0.3988654758687446,0.3988654758687446
