Num,Voltage,Ileak[nA],CCE[a.u.],CCE2[a.u.],MPV[mV],Noise[mV],Error mu,Error mean
0,-900.0,-2.533323e-05,1640.1980977777775,1640.1980977777775,536.16,6.5344584480947265,0.9485259300620077,0.9485259300620077
1,-800.0,-2.316139e-05,1531.935431111111,1531.935431111111,500.24,6.423541410072296,0.9561720949703584,0.9561720949703584
2,-700.0,-2.099768e-05,1427.4802844444444,1427.4802844444444,463.08,6.0793707601614635,1.126933731503321,1.126933731503321
3,-600.0,-1.899377e-05,1225.9211555555555,1225.9211555555555,401.56,6.339082439347157,0.6595026877883047,0.6595026877883047
4,-500.0,-1.674828e-05,1006.1305599999998,1006.1305599999998,336.24,6.324430092901652,0.5397992989991739,0.5397992989991739
5,-400.0,-1.441286e-05,804.0981333333333,804.0981333333333,273.6,6.371021198450928,0.5690545590714494,0.5690545590714494
6,-300.0,-1.171101e-05,619.4199644444444,619.4199644444444,215.44,6.419381343985273,0.5140371472957959,0.5140371472957959
