Num,Voltage,Ileak[nA],CCE[a.u.],CCE2[a.u.],MPV[mV],Noise[mV],Error mu,Error mean
0,-900.0,-0.0001049917,1680.765552205472,1680.765552205472,554.4924623115578,5.425227362196272,0.6632124402400135,0.6632124402400135
1,-800.0,-2.339326e-05,1582.19504,1582.19504,520.48,5.555559017776699,0.5356956270122053,0.5356956270122053
2,-700.0,-2.171447e-05,1463.783128888889,1463.783128888889,481.08,5.532845221666117,0.5304011342370993,0.5304011342370993
3,-600.0,-1.984261e-05,1288.666311111111,1288.666311111111,426.68,5.365655207192234,0.9937352564944023,0.9937352564944023
4,-500.0,-1.80246e-05,1045.32448,1045.32448,352.68,5.573790411879115,0.5851053539320955,0.5851053539320955
5,-400.0,-1.575039e-05,847.6849955555555,847.6849955555555,292.88,5.293851355378191,1.5161145075488194,1.5161145075488194
6,-300.0,-1.300339e-05,666.4648711111109,666.4648711111109,232.2,5.348344148968208,0.5003670460771761,0.5003670460771761
7,-200.0,-1.021316e-05,477.1021333333333,477.1021333333333,166.88,5.364041386864945,0.5671111467781255,0.5671111467781255
8,-100.0,-7.281108e-06,279.4345422222222,279.4345422222222,96.04,5.345635861656881,0.35274655377480274,0.35274655377480274
