Num,Voltage,Ileak[nA],CCE[a.u.],CCE2[a.u.],MPV[mV],Noise[mV],Error mu,Error mean
0,-900.0,-1.898423e-05,2130.739377777778,2130.739377777778,692.2064000000001,2.4398241202751776,0.596277534668278,0.596277534668278
1,-800.0,-1.777002e-05,2011.6918165333336,2011.6918165333336,654.5112000000001,2.4399691894593905,0.5486102913204615,0.5486102913204615
2,-700.0,-1.655321e-05,1861.654171022222,1861.654171022222,606.8616000000001,2.424588831728632,0.5931888131476543,0.5931888131476543
3,-600.0,-1.534392e-05,1659.3996323555557,1659.3996323555557,543.9432,2.4012660956058522,0.514862496552699,0.514862496552699
4,-500.0,-1.395859e-05,1377.1137112888891,1377.1137112888891,458.2352,2.4158390434938206,0.5268053007186617,0.5268053007186617
5,-400.0,-1.228e-05,1092.7174158222224,1092.7174158222224,372.1775999999999,2.4371921636562957,0.45108259755428226,0.45108259755428226
6,-300.0,-1.040553e-05,839.6538460444447,839.6538460444447,291.11359999999996,2.4416901390898063,0.4386762335572782,0.4386762335572782
7,-200.0,-8.387513e-06,599.3420600888891,599.3420600888891,208.30640000000002,2.439969347162247,0.41727056948852753,0.41727056948852753
8,-100.0,-5.604272e-06,349.9167360000002,349.9167360000002,120.35680000000009,2.4330533055310477,0.3989906028768104,0.3989906028768104
