Num,Voltage,Ileak[nA],CCE[a.u.],CCE2[a.u.],MPV[mV],Noise[mV],Error mu,Error mean
0,-900.0,-1.847731e-05,2112.9661248,2112.9661248,701.8136000000002,3.8201778033314984,0.6107760955280415,0.6107760955280415
1,-800.0,-1.725918e-05,1988.4658378666666,1988.4658378666666,662.1536000000001,3.820072250881593,0.62584593956941,0.62584593956941
2,-700.0,-1.607453e-05,1833.3787900444447,1833.3787900444447,612.7808,3.8273497128192107,0.5337042388139688,0.5337042388139688
3,-600.0,-1.483508e-05,1619.463372088889,1619.463372088889,545.4872,3.799120493421577,0.5364896736664367,0.5364896736664367
4,-500.0,-1.348727e-05,1332.6058158222224,1332.6058158222224,458.8672,3.8120184384433538,0.4775565420817942,0.4775565420817942
5,-400.0,-1.187334e-05,1059.2237255111113,1059.2237255111113,374.25440000000003,3.806478783755434,0.4058748386134815,0.4058748386134815
6,-300.0,-1.037287e-05,811.4366414222224,811.4366414222224,293.9944,3.8173040090049732,0.36222336481944434,0.36222336481944434
7,-200.0,-8.052336e-06,577.7470624000001,577.7470624000001,212.17440000000002,3.8267613056589895,0.3336890992458699,0.3336890992458699
8,-100.0,-5.381427e-06,338.59174648888904,338.59174648888904,125.12320000000008,3.8053700691496815,0.29884027240035793,0.29884027240035793
