Num,Voltage,Ileak[nA],CCE[a.u.],CCE2[a.u.],MPV[mV],Noise[mV],Error mu,Error mean
0,-900.0,-6.295109e-06,2154.873333333334,2154.873333333334,703.2,2.8241557243812805,1.3061536816163695,1.3061536816163695
1,-800.0,-5.927918e-06,2131.2092622222226,2131.2092622222226,688.24,2.7713737646174463,1.2918691648924836,1.2918691648924836
2,-700.0,-5.593677e-06,2105.018115555556,2105.018115555556,670.92,2.625439636318195,1.4186794941775955,1.4186794941775955
3,-600.0,-5.290981e-06,2059.586826666667,2059.586826666667,647.16,2.5945867579336106,0.6245617061588096,0.6245617061588096
4,-500.0,-4.961396e-06,1975.9624355555559,1975.9624355555559,607.44,2.7560219229001377,1.2213863807984762,1.2213863807984762
5,-400.0,-4.60392e-06,1818.0296533333333,1818.0296533333333,540.12,2.902601438556646,0.7481970563962416,0.7481970563962416
6,-300.0,-4.288646e-06,1546.6827911111113,1546.6827911111113,432.24,2.954217667114486,0.842654092733193,0.842654092733193
7,-200.0,-3.704877e-06,1104.3354488888888,1104.3354488888888,302.04,3.042952262053383,0.5251126385833847,0.5251126385833847
8,-100.0,-2.59936e-06,591.406471111111,591.406471111111,165.72,3.478948216251289,0.4957340060960111,0.4957340060960111
