Num,Voltage,Ileak[nA],CCE[a.u.],CCE2[a.u.],MPV[mV],Noise[mV],Error mu,Error mean
0,-900.0,-2.081522e-05,2153.064433777778,2153.064433777778,696.6352000000002,3.7791994433990466,0.6614729156744643,0.6614729156744643
1,-800.0,-1.947455e-05,2026.8510609777777,2026.8510609777777,657.1568000000001,3.772158712026973,0.6711102214321566,0.6711102214321566
2,-700.0,-1.81845e-05,1877.0869216,1877.0869216,609.7912000000001,3.793963882894923,0.6165642433755611,0.6165642433755611
3,-600.0,-1.68529e-05,1679.1815253333334,1679.1815253333334,548.6224000000001,3.7757221234854907,0.6211477747689996,0.6211477747689996
4,-500.0,-1.535862e-05,1396.7886499555555,1396.7886499555555,464.28880000000004,3.765066707892964,0.5539366857983664,0.5539366857983664
5,-400.0,-1.349869e-05,1107.9637468444444,1107.9637468444444,378.616,3.7485086818620372,0.5892792345365628,0.5892792345365628
6,-300.0,-1.129407e-05,850.6739694222223,850.6739694222223,297.33439999999996,3.7490489898474983,0.5609594686820073,0.5609594686820073
7,-200.0,-9.176616e-06,607.0149806222224,607.0149806222224,214.38960000000006,3.7786416177611435,0.5245853248924135,0.5245853248924135
8,-100.0,-6.161495e-06,350.481551288889,350.481551288889,124.61680000000007,3.7739740032759204,0.5521973099002934,0.5521973099002934
