Num,Voltage,Ileak[nA],CCE[a.u.],CCE2[a.u.],MPV[mV],Noise[mV],Error mu,Error mean
0,-900.0,-1.84826e-05,1922.109870577778,1922.109870577778,635.8008,3.037240808849903,0.5697598010266425,0.5697598010266425
1,-800.0,-1.731461e-05,1796.5083459555556,1796.5083459555556,595.7768,3.1213663310578803,0.5675034744749321,0.5675034744749321
2,-700.0,-1.619776e-05,1650.715640888889,1650.715640888889,550.0648,3.1600514608718053,0.5336942525262194,0.5336942525262194
3,-600.0,-1.500926e-05,1467.8525105777778,1467.8525105777778,492.74,3.1761689759570575,0.672321184029417,0.672321184029417
4,-500.0,-1.367991e-05,1224.7741959111113,1224.7741959111113,418.49520000000007,3.086976880160737,0.48730125071507924,0.48730125071507924
5,-400.0,-1.20585e-05,970.8165571555556,970.8165571555556,340.9072,3.0367565750677628,0.4230443649457116,0.4230443649457116
6,-300.0,-1.010999e-05,739.4838456888891,739.4838456888891,266.19440000000003,3.1584186762053053,0.35188629837082347,0.35188629837082347
7,-200.0,-8.296034e-06,530.5314720000002,530.5314720000002,192.87280000000007,3.02547199667534,0.3750504027977041,0.3750504027977041
8,-100.0,-5.515157e-06,307.01432711111124,307.01432711111124,113.04240000000009,3.080622348779946,0.36017238721301226,0.36017238721301226
