Num,Voltage,Ileak[nA],CCE[a.u.],CCE2[a.u.],MPV[mV],Noise[mV],Error mu,Error mean
0,-900.0,-1.985593e-05,2160.8704672,2160.8704672,674.8664000000001,18.686884572928566,10.935628413426633,10.935628413426633
1,-800.0,-1.863208e-05,2029.0600256,2029.0600256,636.5448000000001,18.24054597956737,11.53230823511277,11.53230823511277
2,-700.0,-1.743524e-05,1847.6650805333331,1847.6650805333331,589.8184,17.48834405766564,11.73144098224413,11.73144098224413
3,-600.0,-1.620962e-05,1653.9055612444447,1653.9055612444447,531.6,17.41913587219258,11.58142273281449,11.58142273281449
4,-500.0,-1.481072e-05,1393.1788469333335,1393.1788469333335,451.52160000000003,16.828279423076967,11.29477411720285,11.29477411720285
5,-400.0,-1.306358e-05,1101.4023256888888,1101.4023256888888,367.0384,16.33378789190548,11.797461040043293,11.797461040043293
6,-300.0,-1.097332e-05,858.8132195555555,858.8132195555555,288.1192,16.12683746527838,11.943404970791203,11.943404970791203
7,-200.0,-8.940631e-06,608.537637688889,608.537637688889,205.24800000000002,16.31639630149795,11.112564819502994,11.112564819502994
8,-100.0,-5.976332e-06,322.6887174074075,322.6887174074075,120.11416666666673,16.086644785199763,10.109611606215072,10.109611606215072
