Num,Voltage,Ileak[nA],CCE[a.u.],CCE2[a.u.],MPV[mV],Noise[mV],Error mu,Error mean
0,-900.0,-2.298394e-05,1707.6751644444441,1707.6751644444441,576.08,27.87104824316516,0.5803581680307425,0.5803581680307425
1,-800.0,-2.135893e-05,1604.582702222222,1604.582702222222,543.8,28.147683869367945,0.6007781620531826,0.6007781620531826
2,-700.0,-1.968972e-05,1489.6593955555554,1489.6593955555554,507.96,28.20732024681134,0.5668266754485008,0.5668266754485008
3,-600.0,-1.852371e-05,1341.6243199999997,1341.6243199999997,462.44,27.995425054819226,0.5064979241813348,0.5064979241813348
4,-500.0,-1.679756e-05,1222.3815822222223,1222.3815822222223,420.08,15.398213434929856,4.221541581555252,4.221541581555252
5,-400.0,-1.460143e-05,1028.32672,1028.32672,357.12,9.242721677081919,0.45898496707408876,0.45898496707408876
6,-300.0,-1.239277e-05,792.3644088888889,792.3644088888889,281.08,9.560874891523161,0.45553947271339673,0.45553947271339673
7,-200.0,-1.009124e-05,563.2830399999999,563.2830399999999,204.0,10.766855540139016,0.45169208627116875,0.45169208627116875
8,-100.0,-6.745591e-06,321.5224711111111,321.5224711111111,120.88,13.26754580932243,0.5201328937877308,0.5201328937877308
