Num,Voltage,Ileak[nA],CCE[a.u.],CCE2[a.u.],MPV[mV],Noise[mV],Error mu,Error mean
0,-900.0,-1.972155e-05,1992.4500672000001,1992.4500672000001,655.9720000000001,2.841102034571171,0.6517067876998671,0.6517067876998671
1,-800.0,-1.8469e-05,1879.6659907555556,1879.6659907555556,619.664,2.916062866361567,0.5527089989167198,0.5527089989167198
2,-700.0,-1.721602e-05,1736.1692430222226,1736.1692430222226,573.628,2.852034168146754,0.5760242651600024,0.5760242651600024
3,-600.0,-1.602361e-05,1549.1799943111112,1549.1799943111112,514.4424,2.8810184182338148,0.5237489689554714,0.5237489689554714
4,-500.0,-1.458425e-05,1289.5355271111112,1289.5355271111112,436.08,2.851846032586656,0.5026548784861434,0.5026548784861434
5,-400.0,-1.278506e-05,1021.7433184,1021.7433184,354.6728,2.823657634235741,0.4283029522255487,0.4283029522255487
6,-300.0,-1.076161e-05,785.2367978666668,785.2367978666668,278.10880000000003,2.838845759686301,0.42081926212339626,0.42081926212339626
7,-200.0,-8.742831e-06,560.4822961777779,560.4822961777779,199.72960000000003,2.7969394123515503,0.3747448356517802,0.3747448356517802
8,-100.0,-5.819276e-06,325.4094798222224,325.4094798222224,115.32880000000009,2.7780406818733256,0.3536380284057694,0.3536380284057694
