Num,Voltage,Ileak[nA],CCE[a.u.],CCE2[a.u.],MPV[mV],Noise[mV],Error mu,Error mean
0,-900.0,-2.179859e-05,2093.1209216,2093.1209216,683.5952000000002,2.8947619712239634,0.5492224251281825,0.5492224251281825
1,-800.0,-2.034618e-05,1970.4833219555562,1970.4833219555562,644.6376000000001,2.911995986603529,0.5567606903089315,0.5567606903089315
2,-700.0,-1.89427e-05,1825.58592,1825.58592,598.3736,2.8995499629348616,0.5594678445420079,0.5594678445420079
3,-600.0,-1.74869e-05,1639.4247996444444,1639.4247996444444,539.9584,2.882254015275691,0.5134158284070308,0.5134158284070308
4,-500.0,-1.587672e-05,1373.4456871111113,1373.4456871111113,459.3512000000001,2.906679573178957,0.47458085618364176,0.47458085618364176
5,-400.0,-1.394483e-05,1087.6770933333335,1087.6770933333335,373.8672,2.9229212588322215,0.4149349652999635,0.4149349652999635
6,-300.0,-1.168615e-05,835.1330542222224,835.1330542222224,293.11839999999995,2.868168485692741,0.38483189292531306,0.38483189292531306
7,-200.0,-9.480788e-06,595.6461219555558,595.6461219555558,211.324,2.9190591314089085,0.33428307849916794,0.33428307849916794
8,-100.0,-6.337175e-06,346.14587875555577,346.14587875555577,122.88320000000009,2.9073123887718317,0.3591107336741693,0.3591107336741693
