Num,Voltage,Ileak[nA],CCE[a.u.],CCE2[a.u.],MPV[mV],Noise[mV],Error mu,Error mean
0,-900.0,-1.652155e-05,1933.3066208000005,1933.3066208000005,639.6944000000002,2.867426627049263,0.7648716725043997,0.7648716725043997
1,-800.0,-1.548247e-05,1785.724679466667,1785.724679466667,592.9368,3.01510041435144,0.46940405356579507,0.46940405356579507
2,-700.0,-1.44015e-05,1619.4880238222222,1619.4880238222222,540.2176000000001,3.0821000636883378,0.4852840729614756,0.4852840729614756
3,-600.0,-1.32176e-05,1413.3896202666667,1413.3896202666667,475.7064,2.755162373565506,0.9531357424088559,0.9531357424088559
4,-500.0,-1.19075e-05,1129.8931872,1129.8931872,389.1256000000001,3.07850940816782,0.49627467115250007,0.49627467115250007
5,-400.0,-1.040205e-05,935.9880487111112,935.9880487111112,326.46559999999994,2.636206886768737,0.440094412439513,0.440094412439513
6,-300.0,-9.041411e-06,695.8132288000002,695.8132288000002,246.96160000000003,2.92583347034273,0.4653646978975528,0.4653646978975528
7,-200.0,-7.024466e-06,504.0388199111114,504.0388199111114,178.61680000000007,2.6461708976435756,0.4326695699953952,0.4326695699953952
8,-100.0,-4.643516e-06,289.41555484444456,289.41555484444456,101.15360000000008,2.7230442580553844,0.3662940882733435,0.3662940882733435
