Num,Voltage,Ileak[nA],CCE[a.u.],CCE2[a.u.],MPV[mV],Noise[mV],Error mu,Error mean
0,-900.0,-2.34835e-05,1960.4018183111111,1960.4018183111111,653.4776,4.458289298322375,0.6672906969529886,0.6672906969529886
1,-800.0,-2.182733e-05,1839.8280380444444,1839.8280380444444,614.5008,4.419071356266252,0.599530422835473,0.599530422835473
2,-700.0,-2.029376e-05,1701.2684483555556,1701.2684483555556,569.3552000000001,4.423951280286733,0.5895839868913668,0.5895839868913668
3,-600.0,-1.867376e-05,1496.6390350222223,1496.6390350222223,505.89520000000005,4.395751609432921,0.4883267584538851,0.4883267584538851
4,-500.0,-1.671477e-05,1249.2703328,1249.2703328,432.1592,4.376269265146591,0.48214493329703306,0.48214493329703306
5,-400.0,-1.454943e-05,990.0448174222224,990.0448174222224,352.976,4.397379462999513,0.49062997710421347,0.49062997710421347
6,-300.0,-1.217041e-05,767.8224508444447,767.8224508444447,279.572,4.363570938093346,0.41147555529824564,0.41147555529824564
7,-200.0,-9.802938e-06,549.4730901333336,549.4730901333336,202.88160000000008,4.346625288473808,0.39320066099639167,0.39320066099639167
8,-100.0,-6.503968e-06,314.9971431111113,314.9971431111113,118.34960000000008,4.351360659816936,0.376483548134577,0.376483548134577
