Num,Voltage,Ileak[nA],CCE[a.u.],CCE2[a.u.],MPV[mV],Noise[mV],Error mu,Error mean
0,-900.0,-1.996117e-05,1993.0395022222226,1993.0395022222226,659.6208000000001,3.0027547457642756,0.6128454910488305,0.6128454910488305
1,-800.0,-1.869622e-05,1879.6406773333333,1879.6406773333333,623.1008,3.051191753033195,0.6124567470235924,0.6124567470235924
2,-700.0,-1.741399e-05,1739.5149863111112,1739.5149863111112,578.1472000000001,3.026070522785141,0.5817332639621006,0.5817332639621006
3,-600.0,-1.616522e-05,1567.628602666667,1567.628602666667,523.1584,2.9390621474658665,0.5250269872237804,0.5250269872237804
4,-500.0,-1.469618e-05,1312.4089663999998,1312.4089663999998,444.37440000000004,2.9956287194362248,0.5041356390737725,0.5041356390737725
5,-400.0,-1.296945e-05,1038.4049806222224,1038.4049806222224,361.45279999999997,2.9427865361344714,0.46644915181965924,0.46644915181965924
6,-300.0,-1.093266e-05,796.5613479111112,796.5613479111112,283.6936,2.9482988752428123,0.41705660955376334,0.41705660955376334
7,-200.0,-8.891941e-06,569.9053347555557,569.9053347555557,204.89840000000004,2.9351743397994756,0.4141370873723824,0.4141370873723824
8,-100.0,-5.944596e-06,329.92660231111125,329.92660231111125,120.0376000000001,2.9213979296034562,0.35298991232090554,0.35298991232090554
