Num,Voltage,Ileak[nA],CCE[a.u.],CCE2[a.u.],MPV[mV],Noise[mV],Error mu,Error mean
0,-900.0,-1.588379e-05,2130.2696135111114,2130.2696135111114,709.9968000000001,3.7291879817435123,0.6326141373813243,0.6326141373813243
1,-800.0,-1.462202e-05,1930.9361056000002,1930.9361056000002,649.8232000000002,3.742141644661665,0.548794042855136,0.548794042855136
2,-700.0,-1.330377e-05,1659.4095712,1659.4095712,566.8616000000001,3.727927706762089,0.5199947133318937,0.5199947133318937
3,-600.0,-1.197841e-05,1389.1855036444445,1389.1855036444445,484.8639999999999,3.745978786514586,0.4718167648453348,0.4718167648453348
4,-500.0,-1.055038e-05,1137.9446293333333,1137.9446293333333,405.5872,3.7391887619286273,0.4387735486269886,0.4387735486269886
5,-400.0,-9.419457e-06,908.8251875555557,908.8251875555557,329.3295999999999,3.74371165988983,0.40838680980697706,0.40838680980697706
6,-300.0,-7.706151e-06,694.2776064000002,694.2776064000002,254.2464,3.7334636302024498,0.40701666292219457,0.40701666292219457
7,-200.0,-5.875846e-06,487.79403697777803,487.79403697777803,179.17600000000004,3.7369203245823357,0.37186428682130757,0.37186428682130757
8,-100.0,-3.87367e-06,280.25116053333346,280.25116053333346,103.28400000000009,3.77151632414456,0.35263908871751587,0.35263908871751587
