Num,Voltage,Ileak[nA],CCE[a.u.],CCE2[a.u.],MPV[mV],Noise[mV],Error mu,Error mean
0,-900.0,-1.90482e-05,1991.1363413333333,1991.1363413333333,653.6608,2.6137944477542825,0.559940409172262,0.559940409172262
1,-800.0,-1.784341e-05,1873.0816810666668,1873.0816810666668,615.652,2.6278569636027678,0.5062567709940095,0.5062567709940095
2,-700.0,-1.661106e-05,1729.9784401777777,1729.9784401777777,570.6600000000001,2.6380630245880723,0.5409849108727505,0.5409849108727505
3,-600.0,-1.543531e-05,1542.1972039111115,1542.1972039111115,511.4264,2.632658771487745,0.5179229601843119,0.5179229601843119
4,-500.0,-1.406809e-05,1279.6270496000004,1279.6270496000004,432.36080000000004,2.5966214636715925,0.5003926564398015,0.5003926564398015
5,-400.0,-1.23518e-05,1013.9891829333335,1013.9891829333335,351.212,2.6901580774370872,0.46529336827562806,0.46529336827562806
6,-300.0,-1.045748e-05,776.9865639111113,776.9865639111113,275.47360000000003,2.653289840175824,0.4158789945795283,0.4158789945795283
7,-200.0,-8.473124e-06,552.1860728888892,552.1860728888892,198.26160000000004,2.6800096148712735,0.3674691923504883,0.3674691923504883
8,-100.0,-5.646516e-06,321.3482314666668,321.3482314666668,115.29360000000008,2.7144970061914284,0.351621608983293,0.351621608983293
