Num,Voltage,Ileak[nA],CCE[a.u.],CCE2[a.u.],MPV[mV],Noise[mV],Error mu,Error mean
0,-900.0,-2.209859e-05,2191.147743288889,2191.147743288889,709.8208000000002,4.634866596625365,0.8283377747708465,0.8283377747708465
1,-800.0,-2.055576e-05,2065.3162357333335,2065.3162357333335,670.9792000000001,4.64035373400683,0.8571733126925499,0.8571733126925499
2,-700.0,-1.917235e-05,1914.823570488889,1914.823570488889,624.0920000000001,4.61412729647429,0.8226065451946699,0.8226065451946699
3,-600.0,-1.771712e-05,1713.5868679111113,1713.5868679111113,562.8736000000001,4.578619281542591,0.8674650140183855,0.8674650140183855
4,-500.0,-1.599947e-05,1433.934879288889,1433.934879288889,478.5536,4.601625693269503,0.6991806822448108,0.6991806822448108
5,-400.0,-1.405185e-05,1139.7518492444444,1139.7518492444444,390.21520000000004,4.588470869922615,0.7364403791245573,0.7364403791245573
6,-300.0,-1.17898e-05,877.5261745777779,877.5261745777779,307.9703999999999,4.607680124151282,0.8261749013270258,0.8261749013270258
7,-200.0,-9.537475e-06,630.5834986666669,630.5834986666669,223.40000000000003,4.60581180104731,0.6952675145122199,0.6952675145122199
8,-100.0,-6.38019e-06,364.9495896888891,364.9495896888891,131.07520000000008,4.582011181903789,0.6793209017142929,0.6793209017142929
