Num,Voltage,Ileak[nA],CCE[a.u.],CCE2[a.u.],MPV[mV],Noise[mV],Error mu,Error mean
0,-900.0,-1.608387e-05,1950.715456711111,1950.715456711111,658.2368000000001,4.351599097810959,0.6344490572265674,0.6344490572265674
1,-800.0,-1.488483e-05,1811.7160992000001,1811.7160992000001,613.4088,4.336573768741094,0.5390327733276329,0.5390327733276329
2,-700.0,-1.378483e-05,1609.6645472000005,1609.6645472000005,550.3904,4.317866459383231,0.5111306559540318,0.5111306559540318
3,-600.0,-1.249867e-05,1398.8985180444445,1398.8985180444445,483.76559999999995,3.746750887457256,0.4755303629772564,0.4755303629772564
4,-500.0,-1.11825e-05,1144.1342097777779,1144.1342097777779,405.74160000000006,3.8119638153944417,0.46860147756181897,0.46860147756181897
5,-400.0,-1.010329e-05,908.0545532444445,908.0545532444445,329.4624,3.845917350778263,0.40658331663323294,0.40658331663323294
6,-300.0,-8.367354e-06,706.338164977778,706.338164977778,259.17600000000004,3.655868956721643,0.37619488667827505,0.37619488667827505
7,-200.0,-6.434933e-06,499.4177735111113,499.4177735111113,184.25200000000004,3.640556696694466,0.3463840616822893,0.3463840616822893
8,-100.0,-4.29846e-06,288.55995235555565,288.55995235555565,107.03840000000008,3.653860224735776,0.320126931553595,0.320126931553595
