Num,Voltage,Ileak[nA],CCE[a.u.],CCE2[a.u.],MPV[mV],Noise[mV],Error mu,Error mean
0,-900.0,-1.558883e-05,2027.544464711111,2027.544464711111,676.7368000000001,3.877358861628224,0.5883599237321312,0.5883599237321312
1,-800.0,-1.457771e-05,1884.2374979555555,1884.2374979555555,630.8344000000001,3.9094925770482116,0.5664252318492885,0.5664252318492885
2,-700.0,-1.360534e-05,1708.128440888889,1708.128440888889,574.4048000000001,3.7029522513533,0.5031551807067094,0.5031551807067094
3,-600.0,-1.249605e-05,1446.0036885333334,1446.0036885333334,493.6688,3.7394946861485634,0.47768873743675316,0.47768873743675316
4,-500.0,-1.123931e-05,1180.893381688889,1180.893381688889,412.5496,3.728878486977944,0.41548242115170486,0.41548242115170486
5,-400.0,-1.020543e-05,938.4725738666668,938.4725738666668,334.78799999999995,3.7959502644206977,0.3419909400325089,0.3419909400325089
6,-300.0,-8.512318e-06,719.2184277333336,719.2184277333336,261.4296,3.6843528827009333,0.40304263463053197,0.40304263463053197
7,-200.0,-6.576146e-06,508.30591964444466,508.30591964444466,186.30720000000005,3.718492612951227,0.32186565673323964,0.32186565673323964
8,-100.0,-4.368746e-06,294.4413169777779,294.4413169777779,109.15600000000008,3.709517343424268,0.316814360886624,0.316814360886624
