Num,Voltage,Ileak[nA],CCE[a.u.],CCE2[a.u.],MPV[mV],Noise[mV],Error mu,Error mean
0,-900.0,-2.214972e-05,2142.134455111111,2142.134455111111,695.2432000000001,3.8706258306236943,0.9754433889707382,0.9754433889707382
1,-800.0,-2.065911e-05,2014.4836736000004,2014.4836736000004,656.0744000000002,3.798783996409612,0.9514212215511715,0.9514212215511715
2,-700.0,-1.916427e-05,1856.7577315555557,1856.7577315555557,607.2704000000001,3.840187494085204,0.864321237395633,0.864321237395633
3,-600.0,-1.776875e-05,1656.4966435555555,1656.4966435555555,545.2496000000001,3.832043172622082,0.8711877524619357,0.8711877524619357
4,-500.0,-1.604152e-05,1376.0531388444447,1376.0531388444447,461.36480000000006,3.8301057011517408,0.9009542920820784,0.9009542920820784
5,-400.0,-1.402196e-05,1094.4241667555557,1094.4241667555557,377.416,3.838064532448551,0.8785512519659169,0.8785512519659169
6,-300.0,-1.176381e-05,845.8701411555558,845.8701411555558,296.8736,3.8180598257631027,0.8492377021539262,0.8492377021539262
7,-200.0,-9.530368e-06,604.108756266667,604.108756266667,214.13760000000005,3.7999723905195837,0.7461789223855626,0.7461789223855626
8,-100.0,-6.351361e-06,349.8355296000002,349.8355296000002,124.74800000000006,3.8354188501735598,0.8118090181112305,0.8118090181112305
