Num,Voltage,Ileak[nA],CCE[a.u.],CCE2[a.u.],MPV[mV],Noise[mV],Error mu,Error mean
0,-900.0,-1.93668e-05,2132.904188088889,2132.904188088889,695.9104000000001,2.529355663928447,0.6006592760636309,0.6006592760636309
1,-800.0,-1.810133e-05,2012.8730478222226,2012.8730478222226,657.9504000000001,2.513019282750641,0.5854526672759144,0.5854526672759144
2,-700.0,-1.694738e-05,1868.163380977778,1868.163380977778,611.7976000000001,2.468524335677512,0.5597086493113366,0.5597086493113366
3,-600.0,-1.572575e-05,1680.2730343111114,1680.2730343111114,553.6120000000001,2.5000131661836025,0.48539777132607426,0.48539777132607426
4,-500.0,-1.435782e-05,1408.3833383111112,1408.3833383111112,470.4584000000001,2.5209288369307727,0.5003918047303331,0.5003918047303331
5,-400.0,-1.269046e-05,1116.4891740444446,1116.4891740444446,382.16720000000004,2.496463330437138,0.485619183378581,0.485619183378581
6,-300.0,-1.066585e-05,859.4965219555556,859.4965219555556,300.388,2.488634614534993,0.4653216431213151,0.4653216431213151
7,-200.0,-8.65671e-06,613.8523374222225,613.8523374222225,216.85120000000003,2.464671221943516,0.42614536726671126,0.42614536726671126
8,-100.0,-5.792557e-06,358.1265504000001,358.1265504000001,126.9592000000001,2.490459867895888,0.38595398971380007,0.38595398971380007
