Num,Voltage,Ileak[nA],CCE[a.u.],CCE2[a.u.],MPV[mV],Noise[mV],Error mu,Error mean
0,-900.0,-2.38504e-05,1829.1460088888894,1829.1460088888894,610.72,16.251568601974746,0.6991759721271864,0.6991759721271864
1,-800.0,-2.220331e-05,1717.438275555556,1717.438275555556,574.4000000000001,16.265956103181185,0.6401268274334403,0.6401268274334403
2,-700.0,-2.077469e-05,1583.8460977777777,1583.8460977777777,531.24,16.149725023076634,0.5024554236944786,0.5024554236944786
3,-600.0,-1.891063e-05,1397.3109688888892,1397.3109688888892,473.64,16.280340967703697,0.5141651096680903,0.5141651096680903
4,-500.0,-1.700231e-05,1149.479911111111,1149.479911111111,401.08,16.256069643272127,0.46018175191982513,0.46018175191982513
5,-400.0,-1.497899e-05,917.2652622222222,917.2652622222222,330.64,16.44462699448225,0.3926894182429683,0.3926894182429683
6,-300.0,-1.245781e-05,710.4536533333332,710.4536533333332,263.84,16.764260450268733,0.46984865648419094,0.46984865648419094
7,-200.0,-1.007461e-05,509.6428266666667,509.6428266666667,192.72,17.075237574400603,0.37740861251434044,0.37740861251434044
8,-100.0,-6.644501e-06,299.5935288888889,299.5935288888889,119.28,17.91054452371012,0.3741330843429916,0.3741330843429916
