Num,Voltage,Ileak[nA],CCE[a.u.],CCE2[a.u.],MPV[mV],Noise[mV],Error mu,Error mean
0,-900.0,-1.543337e-05,2115.347716977778,2115.347716977778,698.7032,3.4342946639009835,0.5664402776368224,0.5664402776368224
1,-800.0,-1.43841e-05,1953.8167303111113,1953.8167303111113,648.8840000000001,3.507828550856281,0.5709510378043996,0.5709510378043996
2,-700.0,-1.326464e-05,1733.2930382222223,1733.2930382222223,580.692,3.5570170068141986,0.5451516919275964,0.5451516919275964
3,-600.0,-1.220067e-05,1457.3014741333336,1457.3014741333336,496.6664,3.5221505757704343,0.45498883040567056,0.45498883040567056
4,-500.0,-1.084292e-05,1191.0613536,1191.0613536,414.81120000000004,3.5710413888263903,0.4663649318191923,0.4663649318191923
5,-400.0,-9.820002e-06,954.5256248888892,954.5256248888892,338.1128,3.4854588814135643,0.3978210359670835,0.3978210359670835
6,-300.0,-8.156883e-06,737.5776657777778,737.5776657777778,263.88800000000003,3.3069034977165392,0.35101559560748824,0.35101559560748824
7,-200.0,-6.268402e-06,519.2581916444447,519.2581916444447,186.57600000000005,3.359811196235679,0.35061101430000763,0.35061101430000763
8,-100.0,-4.150745e-06,300.6711171555557,300.6711171555557,107.4352000000001,3.351330110766231,0.32921634431552826,0.32921634431552826
