Num,Voltage,Ileak[nA],CCE[a.u.],CCE2[a.u.],MPV[mV],Noise[mV],Error mu,Error mean
0,-900.0,-2.564529e-05,1913.6227555555554,1913.6227555555554,632.4,5.5421074567107045,0.8088121383856687,0.8088121383856687
1,-800.0,-2.385503e-05,1769.2917866666664,1769.2917866666664,585.8,5.518031009537933,1.0114087822438564,1.0114087822438564
2,-700.0,-2.190804e-05,1633.4438933333333,1633.4438933333333,542.56,5.499078347020223,1.2052242068594547,1.2052242068594547
3,-600.0,-2.032065e-05,1446.3765688888889,1446.3765688888889,483.16,5.482871897729654,0.8539065541381025,0.8539065541381025
4,-500.0,-1.821905e-05,1174.809511111111,1174.809511111111,401.36,5.549662274231172,0.7374281448385301,0.7374281448385301
5,-400.0,-1.577433e-05,927.4708799999999,927.4708799999999,326.92,5.573383532469302,0.5941988892618367,0.5941988892618367
6,-300.0,-1.307679e-05,720.3469866666667,720.3469866666667,256.8,5.593094313526279,0.5450934422647185,0.5450934422647185
7,-200.0,-1.014418e-05,521.6783466666666,521.6783466666666,186.48,5.506275167681164,0.6052474958229895,0.6052474958229895
8,-100.0,-7.205116e-06,308.4995022222222,308.4995022222222,110.36,5.514336918825416,0.499010720526122,0.499010720526122
