Num,Voltage,Ileak[nA],CCE[a.u.],CCE2[a.u.],MPV[mV],Noise[mV],Error mu,Error mean
0,-900.0,-2.694474e-05,1782.7221155555558,1782.7221155555558,593.84,5.477547703079013,0.5831177555176992,0.5831177555176992
1,-800.0,-2.495127e-05,1664.857813333333,1664.857813333333,554.6,5.446013995983158,0.650615954307913,0.650615954307913
2,-700.0,-2.301277e-05,1511.9461333333334,1511.9461333333334,505.64,5.4598819686062,0.6624721796422841,0.6624721796422841
3,-600.0,-2.077264e-05,1322.7121777777775,1322.7121777777775,446.52,5.366637773099124,0.6587648175183592,0.6587648175183592
4,-500.0,-1.85267e-05,1087.2004977777776,1087.2004977777776,375.96,5.439751065473583,0.5263040763665002,0.5263040763665002
5,-400.0,-1.609167e-05,872.1133333333331,872.1133333333331,308.92,5.410902368777729,0.5452221448180533,0.5452221448180533
6,-300.0,-1.331557e-05,675.162222222222,675.162222222222,241.56,5.452122816837176,0.4736793311935828,0.4736793311935828
7,-200.0,-1.025256e-05,480.39621333333326,480.39621333333326,173.52,5.48746365211956,0.5155611032651706,0.5155611032651706
8,-100.0,-7.251631e-06,279.51640888888886,279.51640888888886,97.28,5.449556130979051,0.39923496440066436,0.39923496440066436
