Num,Voltage,Ileak[nA],CCE[a.u.],CCE2[a.u.],MPV[mV],Noise[mV],Error mu,Error mean
0,-900.0,-1.699625e-05,1958.7889109333337,1958.7889109333337,644.3696000000001,2.873587269954481,0.5818521287491562,0.5818521287491562
1,-800.0,-1.596777e-05,1841.9233184,1841.9233184,606.6976000000001,2.888428776388068,0.5105180286302143,0.5105180286302143
2,-700.0,-1.492561e-05,1697.3795523555555,1697.3795523555555,560.7528000000001,2.845865690692681,0.5172252323818717,0.5172252323818717
3,-600.0,-1.390324e-05,1492.359580088889,1492.359580088889,496.2631999999999,2.8683534107339597,0.49567709370871577,0.49567709370871577
4,-500.0,-1.263151e-05,1227.9732661333335,1227.9732661333335,416.7168,2.844453362551992,0.4022303306331838,0.4022303306331838
5,-400.0,-1.117572e-05,975.5534343111113,975.5534343111113,338.392,2.841118818897119,0.39254716445125326,0.39254716445125326
6,-300.0,-9.739082e-06,752.1074229333334,752.1074229333334,265.30320000000006,2.783370771133448,0.3821402198707685,0.3821402198707685
7,-200.0,-7.592177e-06,536.2298944000001,536.2298944000001,190.65120000000002,2.752903512665209,0.34927102199363813,0.34927102199363813
8,-100.0,-5.021849e-06,311.8156046222224,311.8156046222224,110.95760000000007,2.714453816133366,0.3477142790354174,0.3477142790354174
