Num,Voltage,Ileak[nA],CCE[a.u.],CCE2[a.u.],MPV[mV],Noise[mV],Error mu,Error mean
0,-900.0,-7.318311e-06,2225.7940011166947,2225.7940011166947,691.0954773869347,2.158394205620133,0.8016011692266589,0.8016011692266589
1,-800.0,-6.842879e-06,2177.7336996091576,2177.7336996091576,670.3115577889447,2.212071697298779,0.6846770780546474,0.6846770780546474
2,-700.0,-6.393307e-06,2118.0070307091014,2118.0070307091014,642.6934673366834,2.2846338098133474,0.7534207683317433,0.7534207683317433
3,-600.0,-6.033133e-06,2039.058742601899,2039.058742601899,606.2713567839196,2.2284445431599273,0.7437202374751256,0.7437202374751256
4,-500.0,-5.609083e-06,1929.382771635958,1929.382771635958,554.0502512562814,2.1784764157925065,0.6383362378368814,0.6383362378368814
5,-400.0,-5.171014e-06,1696.660082635399,1696.660082635399,463.31658291457285,2.30674596617779,0.628707830180259,0.628707830180259
6,-300.0,-4.589494e-06,1345.5319441652707,1345.5319441652707,354.61306532663315,2.2806271724870832,0.5413434779240229,0.5413434779240229
7,-200.0,-3.728412e-06,940.3225013958679,940.3225013958679,248.0,2.325202421580722,0.5158678687028431,0.5158678687028431
8,-100.0,-2.569447e-06,534.760147403685,534.760147403685,136.20100502512562,2.3007968395962983,0.46442265094612184,0.46442265094612184
