Num,Voltage,Ileak[nA],CCE[a.u.],CCE2[a.u.],MPV[mV],Noise[mV],Error mu,Error mean
0,-900.0,-1.807337e-05,2089.8012149333335,2089.8012149333335,696.4912,3.5541869648564575,0.5872294357352328,0.5872294357352328
1,-800.0,-1.691141e-05,1969.1726872888894,1969.1726872888894,657.8152,3.52109078119302,0.5854408234418909,0.5854408234418909
2,-700.0,-1.578545e-05,1818.022459022222,1818.022459022222,609.2896000000001,3.544603155385019,0.5620772009312592,0.5620772009312592
3,-600.0,-1.462645e-05,1615.3359423999998,1615.3359423999998,545.2592000000001,3.5881315532429667,0.5576132577408115,0.5576132577408115
4,-500.0,-1.33139e-05,1332.4927573333334,1332.4927573333334,459.664,3.5889967925436896,0.46806531091086057,0.46806531091086057
5,-400.0,-1.175352e-05,1056.3515875555554,1056.3515875555554,374.8944,3.540266744557151,0.4210214677677149,0.4210214677677149
6,-300.0,-1.02529e-05,812.0623210666668,812.0623210666668,295.8168,3.557648457906493,0.3954669002284763,0.3954669002284763
7,-200.0,-7.966537e-06,578.393122488889,578.393122488889,214.01360000000005,3.545010680764701,0.32673910137306766,0.32673910137306766
8,-100.0,-5.328984e-06,339.5156405333335,339.5156405333335,126.7160000000001,3.5347027437112737,0.31328183107942953,0.31328183107942953
