Num,Voltage,Ileak[nA],CCE[a.u.],CCE2[a.u.],MPV[mV],Noise[mV],Error mu,Error mean
0,-900.0,-1.923829e-05,2119.279297066667,2119.279297066667,690.3936000000001,2.4249993399861647,0.6277240737786625,0.6277240737786625
1,-800.0,-1.79628e-05,1994.4615011555557,1994.4615011555557,651.0872,2.390236338522838,0.6427407128193457,0.6427407128193457
2,-700.0,-1.67582e-05,1846.4047093333334,1846.4047093333334,604.2824,2.4297478327321684,0.5551613039148878,0.5551613039148878
3,-600.0,-1.553816e-05,1646.6603260444444,1646.6603260444444,542.1976,2.425554502696367,0.5265673002228662,0.5265673002228662
4,-500.0,-1.414687e-05,1366.460177777778,1366.460177777778,456.6048000000001,2.415833779254619,0.44589783298473,0.44589783298473
5,-400.0,-1.246295e-05,1080.508148266667,1080.508148266667,370.0944,2.4142597227123503,0.4285520538729449,0.4285520538729449
6,-300.0,-1.050977e-05,827.1474243555557,827.1474243555557,288.4008,2.45779138987189,0.36841908402079276,0.36841908402079276
7,-200.0,-8.526783e-06,585.6548572444448,585.6548572444448,206.51680000000005,2.5553429827880154,0.35316405343692625,0.35316405343692625
8,-100.0,-5.723687e-06,334.9287964444446,334.9287964444446,119.0728000000001,2.710313088670253,0.317431171457877,0.317431171457877
