Num,Voltage,Ileak[nA],CCE[a.u.],CCE2[a.u.],MPV[mV],Noise[mV],Error mu,Error mean
0,-900.0,-1.799237e-05,1887.2673909333337,1887.2673909333337,631.9840000000002,3.2133571810733335,0.5490660475080202,0.5490660475080202
1,-800.0,-1.682925e-05,1767.520511288889,1767.520511288889,593.0632,3.2829150053068905,0.5802783190810431,0.5802783190810431
2,-700.0,-1.564602e-05,1623.568209066667,1623.568209066667,547.0864,3.3364863249032912,0.48007484677254314,0.48007484677254314
3,-600.0,-1.452646e-05,1431.8001504,1431.8001504,485.4776,3.3490953041480727,0.48203892129528253,0.48203892129528253
4,-500.0,-1.317232e-05,1173.9975022222225,1173.9975022222225,407.30480000000006,3.3679951773667134,0.44240588400282327,0.44240588400282327
5,-400.0,-1.164089e-05,971.8172067555558,971.8172067555558,341.8632,2.7172653690624653,0.9884483859988217,0.9884483859988217
6,-300.0,-1.016286e-05,759.5611392000002,759.5611392000002,271.80080000000004,2.605792639690785,0.4810467833880614,0.4810467833880614
7,-200.0,-7.912964e-06,540.7051157333335,540.7051157333335,194.7088,2.5669691930454577,0.46743631029726374,0.46743631029726374
8,-100.0,-5.256697e-06,300.083192888889,300.083192888889,110.68560000000006,2.9271778575242484,0.34976652195932095,0.34976652195932095
