Num,Voltage,Ileak[nA],CCE[a.u.],CCE2[a.u.],MPV[mV],Noise[mV],Error mu,Error mean
0,-900.0,-2.268344e-05,2174.2041802666668,2174.2041802666668,707.0183999999999,3.646653925608456,0.7031871401745631,0.7031871401745631
1,-800.0,-2.110097e-05,2045.718749511111,2045.718749511111,667.2368000000001,3.6269917096468416,0.6555230812678365,0.6555230812678365
2,-700.0,-1.964908e-05,1889.834899911111,1889.834899911111,619.0008,3.6492752046250727,0.6609583348669438,0.6609583348669438
3,-600.0,-1.816524e-05,1684.1232686222224,1684.1232686222224,555.3512000000001,3.61066811163328,0.6499263157703963,0.6499263157703963
4,-500.0,-1.642673e-05,1397.924988088889,1397.924988088889,470.13919999999996,3.6477616593653437,0.6119605039323367,0.6119605039323367
5,-400.0,-1.430526e-05,1105.1748576,1105.1748576,382.8312,3.636755785501383,0.6267860918941969,0.6267860918941969
6,-300.0,-1.194256e-05,848.6135555555556,848.6135555555556,300.25679999999994,3.6162297640184384,0.5620183321889781,0.5620183321889781
7,-200.0,-9.661223e-06,604.3771562666669,604.3771562666669,216.59200000000004,3.6336434682071452,0.5092294196132819,0.5092294196132819
8,-100.0,-6.4202e-06,346.38116906666687,346.38116906666687,125.87360000000008,3.625844741273712,0.5382620007108808,0.5382620007108808
