Num,Voltage,Ileak[nA],CCE[a.u.],CCE2[a.u.],MPV[mV],Noise[mV],Error mu,Error mean
0,-900.0,-2.299441e-05,2157.114815644444,2157.114815644444,698.5704000000001,7.04177960326914,5.517841964298032,5.517841964298032
1,-800.0,-2.136265e-05,2035.9462254222224,2035.9462254222224,658.9832000000001,6.992624121223806,4.992599280900481,4.992599280900481
2,-700.0,-1.986184e-05,1867.2147306666668,1867.2147306666668,609.1056000000001,6.884252361311448,5.230241374308727,5.230241374308727
3,-600.0,-1.825646e-05,1661.5799644444446,1661.5799644444446,543.0512,6.731395875741571,4.700891104205805,4.700891104205805
4,-500.0,-1.647545e-05,1356.5822048000002,1356.5822048000002,458.78399999999993,6.67577214937718,4.24259944991705,4.24259944991705
5,-400.0,-1.435272e-05,1098.9344419555557,1098.9344419555557,377.06159999999994,6.751985435821869,5.53268100313167,5.53268100313167
6,-300.0,-1.204612e-05,846.0101528888891,846.0101528888891,296.94399999999996,6.639716183009151,5.109845604092053,5.109845604092053
7,-200.0,-9.667404e-06,600.4842574222224,600.4842574222224,214.65200000000004,6.746718256344991,5.064782194420637,5.064782194420637
8,-100.0,-6.405647e-06,346.36677582222234,346.36677582222234,124.83280000000006,6.7799021897180225,5.664500664210649,5.664500664210649
