Num,Voltage,Ileak[nA],CCE[a.u.],CCE2[a.u.],MPV[mV],Noise[mV],Error mu,Error mean
0,-900.0,-2.118518e-05,1982.761857066667,1982.761857066667,650.9488,2.22998478595707,0.6433622036112476,0.6433622036112476
1,-800.0,-1.980905e-05,1868.465813688889,1868.465813688889,613.92,2.1708709117623286,0.6223769817810414,0.6223769817810414
2,-700.0,-1.842339e-05,1718.9010958222225,1718.9010958222225,566.6288000000001,2.2517183293182246,0.5163574099815739,0.5163574099815739
3,-600.0,-1.704426e-05,1520.8159210666668,1520.8159210666668,504.80800000000005,2.29584679876027,0.49595232687023466,0.49595232687023466
4,-500.0,-1.540565e-05,1273.1515221333334,1273.1515221333334,429.43519999999995,2.23521332040889,0.45917733268653266,0.45917733268653266
5,-400.0,-1.351054e-05,998.3907555555555,998.3907555555555,346.5856,2.339909712302677,0.4472564075995791,0.4472564075995791
6,-300.0,-1.13711e-05,768.7037344000003,768.7037344000003,272.22720000000004,2.2812598585089874,0.41455710405163687,0.41455710405163687
7,-200.0,-9.15832e-06,545.8821664000003,545.8821664000003,195.21600000000007,2.2759863033760896,0.36323537488344887,0.36323537488344887
8,-100.0,-6.102057e-06,316.0711093333335,316.0711093333335,112.21680000000008,2.287414975517609,0.3858293040955804,0.3858293040955804
