Num,Voltage,Ileak[nA],CCE[a.u.],CCE2[a.u.],MPV[mV],Noise[mV],Error mu,Error mean
0,-900.0,-1.737507e-05,1968.6184874666665,1968.6184874666665,652.8672000000001,2.9767119063676817,0.5736525002294673,0.5736525002294673
1,-800.0,-1.619962e-05,1836.578419911111,1836.578419911111,610.6168000000001,3.046658924129882,0.5746393790713612,0.5746393790713612
2,-700.0,-1.507285e-05,1687.056643555556,1687.056643555556,562.8744,3.071089086076353,0.5282767327358647,0.5282767327358647
3,-600.0,-1.403382e-05,1475.2141571555558,1475.2141571555558,496.40799999999996,2.9977851759434295,0.47266814676379404,0.47266814676379404
4,-500.0,-1.262098e-05,1201.410463288889,1201.410463288889,414.1064,3.0701045603008787,0.4654786392541774,0.4654786392541774
5,-400.0,-1.115771e-05,958.0112160000003,958.0112160000003,337.3967999999999,3.06035328084121,0.40453816027425765,0.40453816027425765
6,-300.0,-9.795007e-06,732.1509955555558,732.1509955555558,263.31440000000003,3.0890836480087533,0.35525404699442886,0.35525404699442886
7,-200.0,-7.589984e-06,519.3235552000001,519.3235552000001,188.31360000000004,3.0603457666958707,0.3580602449885764,0.3580602449885764
8,-100.0,-5.059138e-06,302.03524977777795,302.03524977777795,109.80240000000009,3.078139101775056,0.3116586625632604,0.3116586625632604
