Num,Voltage,Ileak[nA],CCE[a.u.],CCE2[a.u.],MPV[mV],Noise[mV],Error mu,Error mean
0,-900.0,-1.678948e-05,2175.3651943111117,2175.3651943111117,705.0424000000002,2.4380836518285385,0.5681104760438067,0.5681104760438067
1,-800.0,-1.572887e-05,2045.052385066667,2045.052385066667,664.2144000000002,2.4495598624696284,0.5882448837811677,0.5882448837811677
2,-700.0,-1.468584e-05,1877.3022154666667,1877.3022154666667,611.4136,2.452517215379605,0.5598628955775496,0.5598628955775496
3,-600.0,-1.362968e-05,1640.480868977778,1640.480868977778,538.6152000000001,2.4614239951361694,0.5334462040431084,0.5334462040431084
4,-500.0,-1.227585e-05,1341.531952711111,1341.531952711111,448.0832000000001,2.475491454071342,0.4987959864550626,0.4987959864550626
5,-400.0,-1.079467e-05,1065.8254208,1065.8254208,362.70399999999995,2.5241586235064988,0.44940032829680826,0.44940032829680826
6,-300.0,-9.523785e-06,815.8554609777781,815.8554609777781,282.35040000000004,2.54282523160731,0.41606999642502485,0.41606999642502485
7,-200.0,-7.41432e-06,578.0487434666669,578.0487434666669,200.644,2.5385484121967554,0.39610834759232166,0.39610834759232166
8,-100.0,-4.885195e-06,334.9125934222224,334.9125934222224,115.70560000000009,2.5330662949277043,0.3502915909302992,0.3502915909302992
