Num,Voltage,Ileak[nA],CCE[a.u.],CCE2[a.u.],MPV[mV],Noise[mV],Error mu,Error mean
0,-900.0,-2.005534e-05,2075.9329713777784,2075.9329713777784,678.7496000000001,2.0916675138189227,0.6146400624172802,0.6146400624172802
1,-800.0,-1.871394e-05,1955.640104177778,1955.640104177778,640.6120000000001,2.0367143481404035,0.6014586433034955,0.6014586433034955
2,-700.0,-1.748814e-05,1811.9585173333332,1811.9585173333332,595.0256,2.0820719065392534,0.6092664506014421,0.6092664506014421
3,-600.0,-1.617181e-05,1626.0114968888893,1626.0114968888893,536.5608,2.076557991544401,0.5860610175511735,0.5860610175511735
4,-500.0,-1.475452e-05,1358.6216896,1358.6216896,456.37600000000003,2.075331908940512,0.4854452078085857,0.4854452078085857
5,-400.0,-1.299808e-05,1076.5376323555556,1076.5376323555556,371.4839999999999,2.104220114942445,0.47641349251892545,0.47641349251892545
6,-300.0,-1.091477e-05,827.0063235555557,827.0063235555557,292.37519999999995,2.094459563588224,0.39371839727561664,0.39371839727561664
7,-200.0,-8.887328e-06,591.7043320888891,591.7043320888891,211.38560000000004,2.11285733377082,0.42554462676772203,0.42554462676772203
8,-100.0,-5.949122e-06,345.7816320000002,345.7816320000002,124.21280000000007,2.0849710247920052,0.4040495559689675,0.4040495559689675
