Num,Voltage,Ileak[nA],CCE[a.u.],CCE2[a.u.],MPV[mV],Noise[mV],Error mu,Error mean
0,-900.0,-1.593002e-05,1962.9456839111112,1962.9456839111112,642.8328,2.6819158095954516,0.5938536838665878,0.5938536838665878
1,-800.0,-1.499964e-05,1845.4033550222223,1845.4033550222223,604.808,2.6853367610555936,0.5534174005955373,0.5534174005955373
2,-700.0,-1.398716e-05,1690.8649543111114,1690.8649543111114,555.788,2.671793985567297,0.5652567742027336,0.5652567742027336
3,-600.0,-1.291613e-05,1461.4205251555559,1461.4205251555559,484.23280000000005,2.690668966012306,0.5472693989910273,0.5472693989910273
4,-500.0,-1.17163e-05,1191.8332981333338,1191.8332981333338,402.2488000000001,2.6910076470761326,0.4560708749130992,0.4560708749130992
5,-400.0,-1.028461e-05,956.089983288889,956.089983288889,328.508,2.667561750875845,0.4646307402658578,0.4646307402658578
6,-300.0,-9.027905e-06,745.271435377778,745.271435377778,259.3568,2.58150731230352,0.4283427541748318,0.4283427541748318
7,-200.0,-7.028429e-06,533.7706112000002,533.7706112000002,186.00240000000005,2.5735660708570642,0.3893064715306954,0.3893064715306954
8,-100.0,-4.650098e-06,311.67666240000017,311.67666240000017,107.96080000000008,2.5757276660392505,0.38336949720456387,0.38336949720456387
