Num,Voltage,Ileak[nA],CCE[a.u.],CCE2[a.u.],MPV[mV],Noise[mV],Error mu,Error mean
0,-900.0,-2.095237e-05,2097.3605646222222,2097.3605646222222,685.5784000000001,2.5918589831172207,0.5619959784442571,0.5619959784442571
1,-800.0,-1.950672e-05,1974.7150389333337,1974.7150389333337,646.3464,2.597404246088776,0.5742147888631207,0.5742147888631207
2,-700.0,-1.821419e-05,1825.2465856000001,1825.2465856000001,598.5392,2.6037713920473986,0.5387296460983736,0.5387296460983736
3,-600.0,-1.689959e-05,1630.9886126222223,1630.9886126222223,538.4608000000001,2.5940435406113864,0.4813043293371876,0.4813043293371876
4,-500.0,-1.535797e-05,1358.0077063111114,1358.0077063111114,455.0024000000001,2.5999441219598514,0.4731124963300798,0.4731124963300798
5,-400.0,-1.35034e-05,1078.4187776,1078.4187776,370.3872,2.6210012832757896,0.39990703915625125,0.39990703915625125
6,-300.0,-1.13807e-05,831.2965358222225,831.2965358222225,290.5832,2.616023891652897,0.4159552103334205,0.4159552103334205
7,-200.0,-9.2664e-06,594.9930282666669,594.9930282666669,209.28560000000004,2.6216461720411055,0.3668908418179989,0.3668908418179989
8,-100.0,-6.169693e-06,346.43788977777797,346.43788977777797,120.8712000000001,2.6351267125529048,0.34105955179985825,0.34105955179985825
