Num,Voltage,Ileak[nA],CCE[a.u.],CCE2[a.u.],MPV[mV],Noise[mV],Error mu,Error mean
0,-900.0,-2.052901e-05,1975.9731534222221,1975.9731534222221,657.388,2.8768331610854654,0.6254592312213493,0.6254592312213493
1,-800.0,-1.920611e-05,1853.6000032,1853.6000032,617.856,2.9762598683134738,0.5884985067236808,0.5884985067236808
2,-700.0,-1.7854e-05,1705.1247100444446,1705.1247100444446,570.9512000000001,3.027302022042355,0.5730542951728046,0.5730542951728046
3,-600.0,-1.654878e-05,1512.5727765333331,1512.5727765333331,510.3232,3.1275807748624005,0.514913514578595,0.514913514578595
4,-500.0,-1.503042e-05,1273.4783459555558,1273.4783459555558,435.41360000000003,2.91149221110557,0.5611582198742874,0.5611582198742874
5,-400.0,-1.318188e-05,1007.4977845333333,1007.4977845333333,354.052,2.855685402249734,0.4117252903559847,0.4117252903559847
6,-300.0,-1.109746e-05,772.7472860444448,772.7472860444448,277.26160000000004,2.910426630695529,0.4125271920621957,0.4125271920621957
7,-200.0,-8.995862e-06,550.3464860444446,550.3464860444446,198.90000000000003,2.880460120226852,0.4152865456405726,0.4152865456405726
8,-100.0,-6.019506e-06,317.35636337777794,317.35636337777794,114.70000000000007,2.9151525926001214,0.3568328270387694,0.3568328270387694
