Num,Voltage,Ileak[nA],CCE[a.u.],CCE2[a.u.],MPV[mV],Noise[mV],Error mu,Error mean
0,-900.0,-4.105636e-05,1330.9771296000001,1330.9771296000001,477.3104,2.0518284727530225,0.5103207961166379,0.5103207961166379
1,-800.0,-3.647973e-05,1162.222024177778,1162.222024177778,425.7296,2.049365392703282,0.46462244486946497,0.46462244486946497
2,-700.0,-3.193158e-05,1003.7492039111111,1003.7492039111111,374.59759999999994,2.0197308082410457,0.4999698853215859,0.4999698853215859
3,-600.0,-2.78446e-05,861.5296000000002,861.5296000000002,326.18,2.062070442594584,0.46314884788370186,0.46314884788370186
4,-500.0,-2.390972e-05,726.2571971555557,726.2571971555557,278.0032,2.0787291844873654,0.4308018148507728,0.4308018148507728
5,-400.0,-2.010583e-05,597.7640419555557,597.7640419555557,230.57600000000005,2.066393873016349,0.4345685035986842,0.4345685035986842
6,-300.0,-1.649143e-05,469.4516579555558,469.4516579555558,181.50160000000002,2.033807582124271,0.45304704040300237,0.45304704040300237
7,-200.0,-1.270561e-05,337.72160533333357,337.72160533333357,131.4320000000001,2.0676242974862618,0.3820773612974216,0.3820773612974216
8,-100.0,-8.685518e-06,200.21587448888897,200.21587448888897,78.26080000000006,2.045052785100403,0.404532114997067,0.404532114997067
