Num,Voltage,Ileak[nA],CCE[a.u.],CCE2[a.u.],MPV[mV],Noise[mV],Error mu,Error mean
0,-900.0,-3.762799e-05,1263.4778830222224,1263.4778830222224,454.8224000000001,2.368900065114349,0.5052279763009168,0.5052279763009168
1,-800.0,-3.378802e-05,1123.9552266666665,1123.9552266666665,411.31280000000004,2.3309412300137,0.41415131565165836,0.41415131565165836
2,-700.0,-3.009002e-05,967.9970144,967.9970144,360.82399999999996,2.3562181834079423,0.4619885974918426,0.4619885974918426
3,-600.0,-2.641531e-05,825.3662424888889,825.3662424888889,312.9584,2.3800568922383682,0.4186264763785498,0.4186264763785498
4,-500.0,-2.278821e-05,686.1782915555558,686.1782915555558,264.028,2.402586131732859,0.4675519035849603,0.4675519035849603
5,-400.0,-1.936685e-05,550.7482410666669,550.7482410666669,215.12320000000003,2.629039498253645,0.4171189861069386,0.4171189861069386
6,-300.0,-1.591161e-05,435.68633671111127,435.68633671111127,170.50960000000006,2.5676339065074907,0.3740894429672136,0.3740894429672136
7,-200.0,-1.232244e-05,316.93486471111123,316.93486471111123,123.81600000000007,2.5489540327275475,0.3994711717057941,0.3994711717057941
8,-100.0,-8.451293e-06,187.4949745777779,187.4949745777779,74.00960000000005,2.513089816374543,0.3932287283356598,0.3932287283356598
