Num,Voltage,Ileak[nA],CCE[a.u.],CCE2[a.u.],MPV[mV],Noise[mV],Error mu,Error mean
0,-900.0,-3.591071e-05,1268.4165041777776,1268.4165041777776,460.0896000000001,2.4716465126462857,0.42904463464063847,0.42904463464063847
1,-800.0,-3.24205e-05,1115.6596352000001,1115.6596352000001,412.09520000000003,2.5101549776325234,0.39430240210031664,0.39430240210031664
2,-700.0,-2.896252e-05,959.4361475555556,959.4361475555556,362.0704,2.5077563127127442,0.39190805929799366,0.39190805929799366
3,-600.0,-2.544754e-05,819.1537425777778,819.1537425777778,314.6552,2.522997265390003,0.40107860407695733,0.40107860407695733
4,-500.0,-2.209266e-05,691.8144789333336,691.8144789333336,268.94320000000005,2.4905230887952485,0.38819293775502917,0.38819293775502917
5,-400.0,-1.874752e-05,568.9073006222224,568.9073006222224,222.78640000000007,2.491252207208453,0.3359519125589254,0.3359519125589254
6,-300.0,-1.5389e-05,445.78921280000026,445.78921280000026,175.3488000000001,2.497231814665547,0.35961784509937755,0.35961784509937755
7,-200.0,-1.191844e-05,322.1207438222224,322.1207438222224,127.15600000000009,2.4780396373676985,0.33612130150218095,0.33612130150218095
8,-100.0,-8.147132e-06,192.37213333333344,192.37213333333344,76.88560000000004,2.4372536571586747,0.33455884261110186,0.33455884261110186
