Num,Voltage,Ileak[nA],CCE[a.u.],CCE2[a.u.],MPV[mV],Noise[mV],Error mu,Error mean
0,-900.0,-3.995331e-05,1222.1375292444445,1222.1375292444445,442.6376000000001,2.742049633823323,0.42069189424432535,0.42069189424432535
1,-800.0,-3.558797e-05,1066.7253717333335,1066.7253717333335,393.84,2.766372623860431,0.44303679993643924,0.44303679993643924
2,-700.0,-3.123093e-05,920.8160796444446,920.8160796444446,346.6056,2.73683264582245,0.42369783091783786,0.42369783091783786
3,-600.0,-2.713463e-05,788.2886368000001,788.2886368000001,301.2136,2.7248930854785645,0.43990512547466437,0.43990512547466437
4,-500.0,-2.337357e-05,663.1498936888892,663.1498936888892,256.5528,2.7937947260913436,0.41626326596364427,0.41626326596364427
5,-400.0,-1.971664e-05,542.7084266666668,542.7084266666668,211.33440000000002,2.763253641633356,0.40657014667542946,0.40657014667542946
6,-300.0,-1.606342e-05,424.7947104000002,424.7947104000002,166.64960000000008,2.800481810577919,0.3499603416635667,0.3499603416635667
7,-200.0,-1.233484e-05,307.2629521777779,307.2629521777779,120.2376000000001,2.7636178624583336,0.39011333672152243,0.39011333672152243
8,-100.0,-8.475881e-06,180.262776888889,180.262776888889,72.22720000000005,2.7813569736575676,0.33663880114615424,0.33663880114615424
