Num,Voltage,Ileak[nA],CCE[a.u.],CCE2[a.u.],MPV[mV],Noise[mV],Error mu,Error mean
0,-900.0,-1.260219e-05,1876.045918481295,1876.045918481295,609.5678391959799,2.9500366965133216,2.113376556581537,2.113376556581537
1,-800.0,-1.205489e-05,1840.5058001116693,1840.5058001116693,592.0,2.7102361046936827,0.656902049360609,0.656902049360609
2,-700.0,-1.133887e-05,1763.7125181462868,1763.7125181462868,561.0854271356784,2.6313430159707663,0.6445163292798584,0.6445163292798584
3,-600.0,-1.05572e-05,1647.4816393076492,1647.4816393076492,518.1105527638191,2.64244273529348,0.5653031181639515,0.5653031181639515
4,-500.0,-1.049983e-05,1474.5410429927413,1474.5410429927413,455.47738693467335,2.6143151434682417,0.5217622310291111,0.5217622310291111
5,-400.0,-9.252647e-06,1215.6871111111113,1215.6871111111113,369.60804020100505,2.576694253755477,0.5289361758594439,0.5289361758594439
6,-300.0,-8.154983e-06,924.2418671133444,924.2418671133444,283.7788944723618,2.589366936921406,0.45663342272472107,0.45663342272472107
7,-200.0,-6.492663e-06,644.532547180346,644.532547180346,200.20100502512562,2.5497478316020197,0.41865285698609234,0.41865285698609234
8,-100.0,-4.334483e-06,366.9196649916248,366.9196649916248,112.20100502512562,2.6057497561826395,0.3573665837426031,0.3573665837426031
