Num,Voltage,Ileak[nA],CCE[a.u.],CCE2[a.u.],MPV[mV],Noise[mV],Error mu,Error mean
0,-900.0,-3.845979e-05,1154.6905237333333,1154.6905237333333,423.3616,3.408458576450326,0.4672460729940067,0.4672460729940067
1,-800.0,-3.423695e-05,1007.1959434666668,1007.1959434666668,377.3736,3.350862923845141,0.5590169639214899,0.5590169639214899
2,-700.0,-3.015874e-05,874.1437034666669,874.1437034666669,333.43519999999995,3.316492593783714,0.44409961451764457,0.44409961451764457
3,-600.0,-2.633434e-05,745.3978823111113,745.3978823111113,290.17999999999995,3.3304883599159756,0.4067000376281269,0.4067000376281269
4,-500.0,-2.270518e-05,622.2651157333335,622.2651157333335,247.18880000000004,3.445110824703451,0.4168251419303775,0.4168251419303775
5,-400.0,-1.916823e-05,518.1489038222225,518.1489038222225,205.6176,3.1851762121024345,0.4135899641335606,0.4135899641335606
6,-300.0,-1.571114e-05,407.918808177778,407.918808177778,162.5472000000001,3.1042310452257276,0.3431058959917769,0.3431058959917769
7,-200.0,-1.210845e-05,294.20980871111124,294.20980871111124,117.42960000000008,3.005920954912196,0.3777451487737207,0.3777451487737207
8,-100.0,-8.267761e-06,171.78945706666673,171.78945706666673,71.48560000000005,3.136045541165924,0.39510923734440845,0.39510923734440845
