Num,Voltage,Ileak[nA],CCE[a.u.],CCE2[a.u.],MPV[mV],Noise[mV],Error mu,Error mean
0,-900.0,-3.136633e-05,1201.9434510222225,1201.9434510222225,444.3392000000001,3.7202579965864513,0.40698805313807623,0.40698805313807623
1,-800.0,-2.805595e-05,1040.630734577778,1040.630734577778,394.2472,3.717798084925612,0.39091154692835467,0.39091154692835467
2,-700.0,-2.474706e-05,894.6868718222223,894.6868718222223,345.6136,3.7612673035573905,0.3570752687039532,0.3570752687039532
3,-600.0,-2.169063e-05,762.7787669333334,762.7787669333334,299.63919999999996,3.7512718683193906,0.33464355592851347,0.33464355592851347
4,-500.0,-1.861559e-05,637.3859744000001,637.3859744000001,253.5168,3.7348099113074027,0.329150543912781,0.329150543912781
5,-400.0,-1.561437e-05,514.6980817777779,514.6980817777779,207.88240000000005,3.7966368647482525,0.31446262027986743,0.31446262027986743
6,-300.0,-1.269814e-05,395.7907114666668,395.7907114666668,162.37360000000007,3.869241013739001,0.2963855569468929,0.2963855569468929
7,-200.0,-1.000724e-05,279.78464853333344,279.78464853333344,116.9712000000001,4.094768662921564,0.3080941999033415,0.3080941999033415
8,-100.0,-6.552466e-06,162.36104071111117,162.36104071111117,71.36640000000006,4.204048754720756,0.32940560200409463,0.32940560200409463
