Num,Voltage,Ileak[nA],CCE[a.u.],CCE2[a.u.],MPV[mV],Noise[mV],Error mu,Error mean
0,-900.0,-4.000175e-05,1280.7768551111112,1280.7768551111112,463.74320000000006,2.477984636447357,0.44585391131930224,0.44585391131930224
1,-800.0,-3.594018e-05,1125.7194346666668,1125.7194346666668,415.49120000000005,2.5023429234752514,0.4566865792585549,0.4566865792585549
2,-700.0,-3.186782e-05,973.6816931555555,973.6816931555555,366.2632,2.507457949795981,0.4255680276712527,0.4255680276712527
3,-600.0,-2.79134e-05,833.0158240000002,833.0158240000002,319.1768,2.4963808254707014,0.40343064625285946,0.40343064625285946
4,-500.0,-2.415877e-05,702.5071082666669,702.5071082666669,272.3088,2.541986333873572,0.3878406617552102,0.3878406617552102
5,-400.0,-2.049751e-05,577.1776330666668,577.1776330666668,225.61520000000004,2.5436709758929124,0.3384667624431086,0.3384667624431086
6,-300.0,-1.685371e-05,453.3598581333336,453.3598581333336,177.93280000000007,2.5156765681886326,0.3216171594944528,0.3216171594944528
7,-200.0,-1.301352e-05,326.27090488888905,326.27090488888905,128.48880000000008,2.5750734692911026,0.32656632800532287,0.32656632800532287
8,-100.0,-8.874107e-06,193.0458634666668,193.0458634666668,76.46720000000005,2.621788629534341,0.3426505380513506,0.3426505380513506
