Num,Voltage,Ileak[nA],CCE[a.u.],CCE2[a.u.],MPV[mV],Noise[mV],Error mu,Error mean
0,-900.0,-4.214331e-05,1313.3516512,1313.3516512,471.7456,4.768453443222214,1.9406060137658845,1.9406060137658845
1,-800.0,-3.774436e-05,1159.7778769777779,1159.7778769777779,422.4336,4.742442883419765,1.9091322082935158,1.9091322082935158
2,-700.0,-3.33327e-05,999.1662709333334,999.1662709333334,371.94399999999996,4.703128641499071,1.7373814646281003,1.7373814646281003
3,-600.0,-2.908562e-05,859.5296035555558,859.5296035555558,324.5056,4.7424454762818495,1.4758058691612808,1.4758058691612808
4,-500.0,-2.515509e-05,724.2699136000001,724.2699136000001,277.4272,4.681208578685163,1.5499975875284446,1.5499975875284446
5,-400.0,-2.132246e-05,595.190703288889,595.190703288889,229.92,4.694329008549953,1.5125508512828514,1.5125508512828514
6,-300.0,-1.755048e-05,467.3403694222224,467.3403694222224,182.11440000000005,4.680621264871304,1.7474918599074738,1.7474918599074738
7,-200.0,-1.355038e-05,338.37848213333353,338.37848213333353,132.55520000000007,4.709965703314623,1.5905935593618885,1.5905935593618885
8,-100.0,-9.202385e-06,200.05604871111117,200.05604871111117,80.66000000000004,4.732855331129664,1.4313337492982974,1.4313337492982974
