Num,Voltage,Ileak[nA],CCE[a.u.],CCE2[a.u.],MPV[mV],Noise[mV],Error mu,Error mean
0,-900.0,-2.992908e-05,1160.2855502222224,1160.2855502222224,436.8016,3.9746209572582583,0.419863252228054,0.419863252228054
1,-800.0,-2.64162e-05,999.2106193777779,999.2106193777779,384.4056,3.9925896748753176,0.43217216703198336,0.43217216703198336
2,-700.0,-2.298491e-05,851.7108707555558,851.7108707555558,334.05199999999996,3.996503425039271,0.3990687848415101,0.3990687848415101
3,-600.0,-1.971923e-05,714.8577013333336,714.8577013333336,285.2416,3.9933859156248745,0.3517282367283011,0.3517282367283011
4,-500.0,-1.655327e-05,587.7475594666669,587.7475594666669,237.80800000000002,3.9542342575691367,0.34642821992395445,0.34642821992395445
5,-400.0,-1.35637e-05,467.648008888889,467.648008888889,190.72640000000004,4.013869216136335,0.36727512468295465,0.36727512468295465
6,-300.0,-1.077829e-05,358.4111580444446,358.4111580444446,146.6728000000001,3.7586945073161235,0.32481601813506683,0.32481601813506683
7,-200.0,-8.256798e-06,245.89214791111118,245.89214791111118,103.12880000000008,3.9522762338207964,0.31524389079999615,0.31524389079999615
8,-100.0,-5.208293e-06,140.36891697777781,140.36891697777781,61.26800000000005,3.946133432593493,0.3138188077147702,0.3138188077147702
