Num,Voltage,Ileak[nA],CCE[a.u.],CCE2[a.u.],MPV[mV],Noise[mV],Error mu,Error mean
0,-900.0,-1.261392e-05,2177.3691211613623,2177.3691211613623,696.2814070351759,2.616275388484473,0.7058663534743976,0.7058663534743976
1,-800.0,-1.180885e-05,2101.4425192629815,2101.4425192629815,669.0251256281407,2.624401044740972,0.7298199711189383,0.7298199711189383
2,-700.0,-1.109502e-05,2001.6730586264648,2001.6730586264648,633.4070351758794,2.6824387328102373,0.679098044389488,0.679098044389488
3,-600.0,-1.033018e-05,1884.3696884422109,1884.3696884422109,590.7537688442211,2.854461345821006,0.669131736265958,0.669131736265958
4,-500.0,-1.04998e-05,1713.254021217197,1713.254021217197,528.643216080402,2.784257130157374,0.6056878936281505,0.6056878936281505
5,-400.0,-9.307144e-06,1435.7649402568397,1435.7649402568397,437.1457286432161,2.6987239961008673,0.5397744961387027,0.5397744961387027
6,-300.0,-8.12228e-06,1097.0329692908988,1097.0329692908988,335.47738693467335,2.671786612801612,0.4773109014049105,0.4773109014049105
7,-200.0,-6.602549e-06,760.4672607481851,760.4672607481851,239.19597989949747,2.920453290306594,0.8367657667938846,0.8367657667938846
8,-100.0,-4.45113e-06,420.3775499720826,420.3775499720826,137.0854271356784,3.5107623478192442,0.46764808109141914,0.46764808109141914
