Num,Voltage,Ileak[nA],CCE[a.u.],CCE2[a.u.],MPV[mV],Noise[mV],Error mu,Error mean
0,-900.0,-3.925636e-05,1246.1161088000001,1246.1161088000001,456.06080000000003,2.5090755827949427,0.4661813440165953,0.4661813440165953
1,-800.0,-3.513923e-05,1095.970058311111,1095.970058311111,409.148,2.5104285353483693,0.45450074362095216,0.45450074362095216
2,-700.0,-3.116684e-05,958.525944177778,958.525944177778,364.28240000000005,2.4215306872419196,0.4054049879057751,0.4054049879057751
3,-600.0,-2.734868e-05,810.183880888889,810.183880888889,314.8424,2.504151031436985,0.4353263034368593,0.4353263034368593
4,-500.0,-2.36931e-05,682.6167943111114,682.6167943111114,269.1048,2.506167823586491,0.4483454857052982,0.4483454857052982
5,-400.0,-2.015124e-05,559.8128896000002,559.8128896000002,223.28080000000003,2.575847038384764,0.40438951281515806,0.40438951281515806
6,-300.0,-1.653997e-05,437.898548977778,437.898548977778,176.30240000000006,2.5982446384367726,0.4463328991919825,0.4463328991919825
7,-200.0,-1.277409e-05,314.7918293333335,314.7918293333335,128.1304000000001,2.61328868397232,0.40265157305044813,0.40265157305044813
8,-100.0,-8.736367e-06,185.92626311111118,185.92626311111118,77.78400000000005,2.6442665000634915,0.36472302657397443,0.36472302657397443
