Num,Voltage,Ileak[nA],CCE[a.u.],CCE2[a.u.],MPV[mV],Noise[mV],Error mu,Error mean
0,-900.0,-3.118223e-05,1232.5026008888888,1232.5026008888888,462.3176,3.9939927665630583,0.4420357130187569,0.4420357130187569
1,-800.0,-2.770323e-05,1066.8392768,1066.8392768,409.8552,3.9376656095486613,0.4746144559773961,0.4746144559773961
2,-700.0,-2.433737e-05,915.4937774222224,915.4937774222224,358.1312,3.9114089679990274,0.457597361441344,0.457597361441344
3,-600.0,-2.10456e-05,776.014789688889,776.014789688889,308.71119999999996,3.9045865789951626,0.41070168516391586,0.41070168516391586
4,-500.0,-1.786488e-05,643.9815192888891,643.9815192888891,259.58880000000005,3.8578297168316205,0.40658424890455286,0.40658424890455286
5,-400.0,-1.483865e-05,517.863387377778,517.863387377778,211.30800000000002,3.7891260035834264,0.36513412543403917,0.36513412543403917
6,-300.0,-1.189636e-05,396.7318424888891,396.7318424888891,163.27680000000007,3.718593423633641,0.39800823244390315,0.39800823244390315
7,-200.0,-9.2458e-06,278.12358897777796,278.12358897777796,115.85760000000009,3.726261477115113,0.3482423574356227,0.3482423574356227
8,-100.0,-5.960439e-06,161.57733973333336,161.57733973333336,69.36000000000004,3.7044786804683394,0.3704838805687505,0.3704838805687505
