Num,Voltage,Ileak[nA],CCE[a.u.],CCE2[a.u.],MPV[mV],Noise[mV],Error mu,Error mean
0,-900.0,-3.581006e-05,1227.2582766222226,1227.2582766222226,443.46160000000003,2.940464264917077,0.4565674616527104,0.4565674616527104
1,-800.0,-3.193549e-05,1066.8143573333334,1066.8143573333334,393.4432,2.947105336880015,0.47668802333970917,0.47668802333970917
2,-700.0,-2.82379e-05,920.576836266667,920.576836266667,345.8232,2.926286731420708,0.3935995964290613,0.3935995964290613
3,-600.0,-2.47514e-05,786.3691562666668,786.3691562666668,300.4224,2.9742325499455418,0.3771884749781212,0.3771884749781212
4,-500.0,-2.129622e-05,661.9667584000001,661.9667584000001,255.53520000000003,2.9372443098629417,0.3292320459853212,0.3292320459853212
5,-400.0,-1.796722e-05,542.3172952888891,542.3172952888891,210.64640000000003,2.984609681769726,0.33881681733939983,0.33881681733939983
6,-300.0,-1.469432e-05,422.45471004444465,422.45471004444465,165.51920000000007,2.965184956306466,0.32052405209768614,0.32052405209768614
7,-200.0,-1.128785e-05,303.19717440000016,303.19717440000016,119.40880000000008,3.0053057064391235,0.32839456849881055,0.32839456849881055
8,-100.0,-7.735626e-06,177.8827662222223,177.8827662222223,72.39680000000004,2.9988483441497804,0.3103489071681742,0.3103489071681742
