Num,Voltage,Ileak[nA],CCE[a.u.],CCE2[a.u.],MPV[mV],Noise[mV],Error mu,Error mean
0,-900.0,-0.0001049911,1026.502003350084,1026.502003350084,384.20100502512565,4.93554622184826,0.6452461185106854,0.6452461185106854
1,-800.0,-4.548275e-05,892.3937599999999,892.3937599999999,341.8,5.08725164831988,1.0298743938947104,1.0298743938947104
2,-700.0,-3.952211e-05,779.6011199999999,779.6011199999999,304.64,4.951904639182338,0.9132270692440054,0.9132270692440054
3,-600.0,-3.401268e-05,670.1948622222221,670.1948622222221,265.0,4.897779688444879,0.4920325972941203,0.4920325972941203
4,-500.0,-2.886257e-05,564.88128,564.88128,225.88,4.921403774443945,0.46131325582514826,0.46131325582514826
5,-400.0,-2.453301e-05,459.98849777777775,459.98849777777775,184.52,4.959797541666492,0.4146593628510031,0.4146593628510031
6,-300.0,-1.982769e-05,360.2261866666666,360.2261866666666,144.84,4.926008029947892,0.5028481949853251,0.5028481949853251
7,-200.0,-1.501199e-05,258.7996799999999,258.7996799999999,104.28,4.888249129857802,0.4778420693074225,0.4778420693074225
8,-100.0,-1.049022e-05,150.62481777777776,150.62481777777776,62.48,4.837042173441774,0.5073359439267041,0.5073359439267041
