Num,Voltage,Ileak[nA],CCE[a.u.],CCE2[a.u.],MPV[mV],Noise[mV],Error mu,Error mean
0,-900.0,-3.531998e-05,1306.7291171555555,1306.7291171555555,465.55119999999994,2.084215284517721,0.46876331148723627,0.46876331148723627
1,-800.0,-3.191579e-05,1141.3439936000002,1141.3439936000002,414.2728000000001,2.083551431527963,0.45719866034309425,0.45719866034309425
2,-700.0,-2.838507e-05,984.0493020444445,984.0493020444445,363.9176,2.0583703666831945,0.40511367487005184,0.40511367487005184
3,-600.0,-2.505715e-05,837.433010488889,837.433010488889,315.5456,2.108938387504803,0.4018958600648674,0.4018958600648674
4,-500.0,-2.169164e-05,704.5439125333335,704.5439125333335,268.5912,2.1404217294106633,0.4089305030927387,0.4089305030927387
5,-400.0,-1.84385e-05,580.8357799111113,580.8357799111113,222.90800000000002,2.139883516659058,0.37845649925094565,0.37845649925094565
6,-300.0,-1.522223e-05,456.3165994666668,456.3165994666668,175.94080000000005,2.13166813910817,0.38380435898889953,0.38380435898889953
7,-200.0,-1.176029e-05,330.5904398222224,330.5904398222224,127.2696000000001,2.1084581142333714,0.34604118736404815,0.34604118736404815
8,-100.0,-8.019631e-06,196.36416106666678,196.36416106666678,76.34560000000005,2.1044597765063924,0.3899414708901839,0.3899414708901839
