Num,Voltage,Ileak[nA],CCE[a.u.],CCE2[a.u.],MPV[mV],Noise[mV],Error mu,Error mean
0,-900.0,-4.715803e-05,1200.2677600000002,1200.2677600000002,440.9672,3.3601104551950547,0.548765059291202,0.548765059291202
1,-800.0,-4.154965e-05,1051.1328938666668,1051.1328938666668,393.43119999999993,3.3685918354641244,0.6009207144390369,0.6009207144390369
2,-700.0,-3.623333e-05,911.4946702222223,911.4946702222223,347.56719999999996,3.390621417853943,0.5927874310095312,0.5927874310095312
3,-600.0,-3.132131e-05,780.5077706666669,780.5077706666669,302.63439999999997,3.348740931554227,0.5781608246846212,0.5781608246846212
4,-500.0,-2.681073e-05,658.7501848888891,658.7501848888891,258.2792,3.3475214176432466,0.5369915165959332,0.5369915165959332
5,-400.0,-2.250449e-05,538.3276565333335,538.3276565333335,213.2432,3.350734665339993,0.5906553137454029,0.5906553137454029
6,-300.0,-1.834507e-05,418.7015694222224,418.7015694222224,167.64720000000008,3.408905922669308,0.5329030941412146,0.5329030941412146
7,-200.0,-1.40268e-05,301.13007857777797,301.13007857777797,121.7400000000001,3.3932067741050065,0.48508235610675454,0.48508235610675454
8,-100.0,-9.455934e-06,171.90967928888895,171.90967928888895,73.01120000000004,3.4132467777538325,0.5386760994574759,0.5386760994574759
