Num,Voltage,Ileak[nA],CCE[a.u.],CCE2[a.u.],MPV[mV],Noise[mV],Error mu,Error mean
0,-900.0,-1.350077e-05,1907.0128598548297,1907.0128598548297,611.0954773869347,2.358855312447936,1.6451573760241849,1.6451573760241849
1,-800.0,-1.270866e-05,1835.2946420993858,1835.2946420993858,584.2814070351759,2.3575008099720156,1.2581440266775408,1.2581440266775408
2,-700.0,-1.186429e-05,1702.6644332774983,1702.6644332774983,542.9547738693467,3.0830815896684354,1.2064248829204922,1.2064248829204922
3,-600.0,-1.119345e-05,1612.432491345617,1612.432491345617,506.5326633165829,2.873555428327083,1.2175645087436755,1.2175645087436755
4,-500.0,-1.027015e-05,1514.491533221664,1514.491533221664,461.5075376884422,1.9183496794893313,0.8772605424466595,0.8772605424466595
5,-400.0,-1.003154e-05,1280.6936192071464,1280.6936192071464,382.47236180904525,1.6719470982649927,0.5845613614450706,0.5845613614450706
6,-300.0,-8.692049e-06,988.4608464544942,988.4608464544942,296.04020100502515,1.5559667622641151,0.4625889449484234,0.4625889449484234
7,-200.0,-6.932081e-06,702.6000223338916,702.6000223338916,211.2964824120603,1.545596234774322,0.4438976694683842,0.4438976694683842
8,-100.0,-4.64991e-06,411.2291412618647,411.2291412618647,121.96984924623115,1.5446552691866329,0.44356131961533196,0.44356131961533196
