Num,Voltage,Ileak[nA],CCE[a.u.],CCE2[a.u.],MPV[mV],Noise[mV],Error mu,Error mean
0,-900.0,-3.432459e-05,1222.4141269333334,1222.4141269333334,441.4032000000001,2.436468322214668,0.43160069243911026,0.43160069243911026
1,-800.0,-3.06468e-05,1065.360708977778,1065.360708977778,392.79839999999996,2.4298969149257004,0.43239474146515483,0.43239474146515483
2,-700.0,-2.708374e-05,922.7979395555557,922.7979395555557,346.2623999999999,2.3731092454966607,0.4057280744475055,0.4057280744475055
3,-600.0,-2.371402e-05,788.9308672000002,788.9308672000002,300.412,2.389873996715681,0.4210753643882765,0.4210753643882765
4,-500.0,-2.041555e-05,663.4669941333335,663.4669941333335,255.3728,2.3592352407224397,0.35973066174169793,0.35973066174169793
5,-400.0,-1.724274e-05,542.8033543111113,542.8033543111113,210.43680000000003,2.3307684952922534,0.34481840436449973,0.34481840436449973
6,-300.0,-1.40302e-05,423.21895786666687,423.21895786666687,164.9144000000001,2.3036344791461847,0.36352928325470585,0.36352928325470585
7,-200.0,-1.080905e-05,302.54665422222234,302.54665422222234,118.56960000000007,2.371261793712577,0.3517471011217007,0.3517471011217007
8,-100.0,-7.36848e-06,177.49729848888893,177.49729848888893,71.04800000000004,2.329825122398251,0.33444211509724664,0.33444211509724664
