Num,Voltage,Ileak[nA],CCE[a.u.],CCE2[a.u.],MPV[mV],Noise[mV],Error mu,Error mean
0,-900.0,-4.194233e-05,1271.7906193777778,1271.7906193777778,458.8936,2.3687619725476123,0.4611729170136508,0.4611729170136508
1,-800.0,-3.752733e-05,1121.4604551111113,1121.4604551111113,411.9368,2.314330435982205,0.4631124581648817,0.4631124581648817
2,-700.0,-3.315248e-05,968.1316906666668,968.1316906666668,361.5856,2.312588977651575,0.43474614211275125,0.43474614211275125
3,-600.0,-2.899899e-05,831.8321230222224,831.8321230222224,315.77759999999995,2.3049423709953962,0.403431237254033,0.403431237254033
4,-500.0,-2.506621e-05,701.3679740444447,701.3679740444447,269.3016,2.2765399492786704,0.40749608571214474,0.40749608571214474
5,-400.0,-2.122599e-05,575.644405688889,575.644405688889,222.72880000000004,2.2521443419259652,0.3799726070396136,0.3799726070396136
6,-300.0,-1.744849e-05,453.2664942222224,453.2664942222224,175.3344000000001,2.2819360104206083,0.3750506995060802,0.3750506995060802
7,-200.0,-1.342236e-05,324.6155075555557,324.6155075555557,126.0696000000001,2.301932968508461,0.3289752211575823,0.3289752211575823
8,-100.0,-9.190542e-06,190.3411559111112,190.3411559111112,75.08720000000005,2.342784967602595,0.3665380326477457,0.3665380326477457
