Num,Voltage,Ileak[nA],CCE[a.u.],CCE2[a.u.],MPV[mV],Noise[mV],Error mu,Error mean
0,-900.0,-4.310209e-05,1348.129960888889,1348.129960888889,482.44559999999996,4.535108802985172,2.022875441298353,2.022875441298353
1,-800.0,-3.83646e-05,1194.4276448000003,1194.4276448000003,433.288,4.5166084922403655,1.8244408905337328,1.8244408905337328
2,-700.0,-3.381413e-05,1038.322542577778,1038.322542577778,383.1568000000001,4.552305958992273,1.5938954628908386,1.5938954628908386
3,-600.0,-2.956145e-05,891.3789898666669,891.3789898666669,334.50479999999993,4.5800500525358165,1.8638612815665443,1.8638612815665443
4,-500.0,-2.540897e-05,749.8268967111112,749.8268967111112,286.0392,4.540325664440851,1.7543176509629035,1.7543176509629035
5,-400.0,-2.15341e-05,618.7532519111113,618.7532519111113,237.02800000000002,4.546992780873266,1.8754820881341407,1.8754820881341407
6,-300.0,-1.766568e-05,487.567364977778,487.567364977778,187.89040000000006,4.56040385914436,1.6476600783025614,1.6476600783025614
7,-200.0,-1.361005e-05,347.63166044444455,347.63166044444455,136.7184000000001,4.5478166916488085,1.8160237030192314,1.8160237030192314
8,-100.0,-9.201208e-06,208.94795200000007,208.94795200000007,82.91440000000004,4.559608635739599,1.6078181140912675,1.6078181140912675
