Num,Voltage,Ileak[nA],CCE[a.u.],CCE2[a.u.],MPV[mV],Noise[mV],Error mu,Error mean
0,-900.0,-4.332329e-05,1287.1397155555555,1287.1397155555555,465.76,4.034604752162576,0.9159874654164258,0.9159874654164258
1,-800.0,-3.875837e-05,1123.162488888889,1123.162488888889,415.52,3.9940497718790273,0.8499640952416812,0.8499640952416812
2,-700.0,-3.398942e-05,985.3231288888887,985.3231288888887,369.4,3.9870998402099826,0.5512695340756657,0.5512695340756657
3,-600.0,-2.967159e-05,841.1692622222222,841.1692622222222,321.8,3.9442015512069375,0.5396645002221296,0.5396645002221296
4,-500.0,-2.572892e-05,704.3465244444445,704.3465244444445,272.52,4.0168740133972545,0.5816299854718622,0.5816299854718622
5,-400.0,-2.161873e-05,567.2090488888889,567.2090488888889,223.88,4.074019939707684,0.5983520729470244,0.5983520729470244
6,-300.0,-1.770541e-05,432.3197511111111,432.3197511111111,173.44,4.110293396154237,0.696268077108235,0.696268077108235
7,-200.0,-1.364896e-05,319.28963555555555,319.28963555555555,126.88,4.073983193599158,0.7767361456762507,0.7767361456762507
8,-100.0,-9.211844e-06,182.6676266666667,182.6676266666667,73.0,4.0982606608712,0.5323812288201001,0.5323812288201001
