Num,Voltage,Ileak[nA],CCE[a.u.],CCE2[a.u.],MPV[mV],Noise[mV],Error mu,Error mean
0,-900.0,-3.746866e-05,1210.5770613333336,1210.5770613333336,443.6008,2.824940231108144,0.46675330245807567,0.46675330245807567
1,-800.0,-3.373506e-05,1060.0838318222222,1060.0838318222222,396.8768,2.8679958932112415,0.4563219352497535,0.4563219352497535
2,-700.0,-2.998127e-05,912.7473194666668,912.7473194666668,349.0288,2.896396220163564,0.4036554386249739,0.4036554386249739
3,-600.0,-2.637533e-05,780.2836800000001,780.2836800000001,304.38879999999995,2.8958737228454337,0.40894662578444163,0.40894662578444163
4,-500.0,-2.281141e-05,658.8386499555558,658.8386499555558,260.49920000000003,2.888628864779882,0.37700256857098413,0.37700256857098413
5,-400.0,-1.942026e-05,540.5267424000002,540.5267424000002,216.0472,2.8444238314912846,0.365629200976508,0.365629200976508
6,-300.0,-1.595026e-05,424.61339946666686,424.61339946666686,171.03600000000006,2.835430524112109,0.385181070082734,0.385181070082734
7,-200.0,-1.231982e-05,305.8096547555557,305.8096547555557,124.1360000000001,2.8981230007858456,0.3463170637417683,0.3463170637417683
8,-100.0,-8.439806e-06,180.5180320000001,180.5180320000001,75.65120000000005,2.8846599582388683,0.3413852447192176,0.3413852447192176
