Num,Voltage,Ileak[nA],CCE[a.u.],CCE2[a.u.],MPV[mV],Noise[mV],Error mu,Error mean
0,-900.0,-3.225487e-05,1404.8381457777778,1404.8381457777778,513.5208,3.4632199601733666,0.4831213211440807,0.4831213211440807
1,-800.0,-2.908938e-05,1220.1424547555557,1220.1424547555557,456.8904,3.4489777638720653,0.4202905252916366,0.4202905252916366
2,-700.0,-2.600598e-05,1049.8578798222222,1049.8578798222222,402.48720000000003,3.4439330801229917,0.4501800416992279,0.4501800416992279
3,-600.0,-2.291912e-05,895.2336611555554,895.2336611555554,348.7031999999999,3.448524344926482,0.38717395681011463,0.38717395681011463
4,-500.0,-1.983136e-05,749.8210062222223,749.8210062222223,296.6808,3.441304338649792,0.397811174336367,0.397811174336367
5,-400.0,-1.680787e-05,611.8137891555557,611.8137891555557,244.44080000000002,3.4278956396981703,0.38729747897594147,0.38729747897594147
6,-300.0,-1.377534e-05,475.15494862222243,475.15494862222243,191.25120000000004,3.4481309110120155,0.33803818839225913,0.33803818839225913
7,-200.0,-1.06078e-05,340.21727075555566,340.21727075555566,137.6480000000001,3.474357085677157,0.3434247360111385,0.3434247360111385
8,-100.0,-7.201456e-06,199.79003946666674,199.79003946666674,82.08400000000005,3.4076384622002776,0.34581102534372726,0.34581102534372726
