Num,Voltage,Ileak[nA],CCE[a.u.],CCE2[a.u.],MPV[mV],Noise[mV],Error mu,Error mean
0,-900.0,-4.250964e-05,1188.7216156444445,1188.7216156444445,431.6432000000001,2.9540901765585135,0.4466788831450172,0.4466788831450172
1,-800.0,-3.767529e-05,1037.9267232000002,1037.9267232000002,384.1872,2.9202486862442236,0.4223673773523715,0.4223673773523715
2,-700.0,-3.306958e-05,896.7948565333334,896.7948565333334,338.30719999999997,2.9734690789939853,0.40323565432198594,0.40323565432198594
3,-600.0,-2.877094e-05,768.1703477333336,768.1703477333336,293.98879999999997,2.9304877197111376,0.36056244160522327,0.36056244160522327
4,-500.0,-2.461364e-05,646.3006485333336,646.3006485333336,250.05920000000006,2.984083436903198,0.37146145324046864,0.37146145324046864
5,-400.0,-2.07157e-05,527.8856974222224,527.8856974222224,204.98640000000006,2.974696364159411,0.3315381421985712,0.3315381421985712
6,-300.0,-1.695072e-05,417.0153692444447,417.0153692444447,162.0296000000001,2.8858898002591005,0.3484073515164684,0.3484073515164684
7,-200.0,-1.299526e-05,297.61667093333347,297.61667093333347,116.14160000000007,2.947775873856235,0.31836685295601974,0.31836685295601974
8,-100.0,-8.814063e-06,173.0434496000001,173.0434496000001,68.31680000000004,2.937726509137447,0.3282817373415708,0.3282817373415708
