Num,Voltage,Ileak[nA],CCE[a.u.],CCE2[a.u.],MPV[mV],Noise[mV],Error mu,Error mean
0,-900.0,-4.73892e-05,1121.8624533333336,1121.8624533333336,413.9600000000001,5.770147658422616,0.565485985679572,0.565485985679572
1,-800.0,-4.24771e-05,983.0821866666666,983.0821866666666,368.64,5.811105804119097,0.4665700410442141,0.4665700410442141
2,-700.0,-3.72925e-05,857.5613688888886,857.5613688888886,327.96,5.74503513404035,0.4586451839930307,0.4586451839930307
3,-600.0,-3.238521e-05,741.1190044444443,741.1190044444443,287.88,5.781485579517849,0.46050546142255405,0.46050546142255405
4,-500.0,-2.776965e-05,630.7383111111111,630.7383111111111,247.96,5.842290097234724,0.43780980710806366,0.43780980710806366
5,-400.0,-2.341911e-05,515.0428444444445,515.0428444444445,204.88,5.882587823923484,0.49763467403306877,0.49763467403306877
6,-300.0,-1.918549e-05,405.53024,405.53024,160.92,5.871637136835575,0.3984686045349116,0.3984686045349116
7,-200.0,-1.460024e-05,292.6414933333333,292.6414933333333,117.48,5.894440921561414,0.3673508012785595,0.3673508012785595
8,-100.0,-1.002603e-05,173.59105777777776,173.59105777777776,69.52,5.889603692467006,0.3845957878084471,0.3845957878084471
