Num,Voltage,Ileak[nA],CCE[a.u.],CCE2[a.u.],MPV[mV],Noise[mV],Error mu,Error mean
0,-900.0,-3.653764e-05,1319.0420647111114,1319.0420647111114,474.14079999999996,2.4577605310666737,0.4444641300205004,0.4444641300205004
1,-800.0,-3.298108e-05,1154.4892440888889,1154.4892440888889,423.0856,2.4605993192224584,0.42232958140296084,0.42232958140296084
2,-700.0,-2.934166e-05,977.3332401777777,977.3332401777777,367.6328,2.6263509150168565,0.4642385037728782,0.4642385037728782
3,-600.0,-2.588609e-05,838.1431605333335,838.1431605333335,320.4512,2.6195110997962114,0.5042703085366814,0.5042703085366814
4,-500.0,-2.246524e-05,707.4683320888892,707.4683320888892,273.7832,2.5980240233219605,0.6059526296194444,0.6059526296194444
5,-400.0,-1.906318e-05,579.9301788444446,579.9301788444446,226.52320000000003,2.614952716843729,0.41652491853967155,0.41652491853967155
6,-300.0,-1.568357e-05,453.13490773333353,453.13490773333353,178.16560000000004,2.6650700134726506,0.4274640839121814,0.4274640839121814
7,-200.0,-1.218263e-05,329.446491377778,329.446491377778,130.0168000000001,2.5895949505513385,0.3275114294452634,0.3275114294452634
8,-100.0,-8.303788e-06,195.34871004444452,195.34871004444452,77.92320000000005,2.654984614518208,0.3416478810471388,0.3416478810471388
