Num,Voltage,Ileak[nA],CCE[a.u.],CCE2[a.u.],MPV[mV],Noise[mV],Error mu,Error mean
0,-900.0,-2.163259e-05,1360.2390844444446,1360.2390844444446,420.32560000000007,3.885249028992087,0.5229343235379382,0.5229343235379382
1,-800.0,-1.935808e-05,1296.4886133333337,1296.4886133333337,400.0368,3.871981767519058,0.4756512350751138,0.4756512350751138
2,-700.0,-1.752848e-05,1229.5018606222222,1229.5018606222222,378.42959999999994,3.8750460996725784,0.5228112273940564,0.5228112273940564
3,-600.0,-1.600991e-05,1154.524548266667,1154.524548266667,353.9703999999999,3.85967409111184,0.49252251761364346,0.49252251761364346
4,-500.0,-1.466699e-05,1060.974993777778,1060.974993777778,324.23199999999997,3.8204584021770787,0.4485251848290339,0.4485251848290339
5,-400.0,-1.342158e-05,932.0440380444446,932.0440380444446,283.08480000000003,3.890697975684449,0.43635794173132725,0.43635794173132725
6,-300.0,-1.190073e-05,707.5785724444446,707.5785724444446,215.55200000000005,3.8399941420608616,0.3747239376394309,0.3747239376394309
7,-200.0,-1.004458e-05,479.3270282666669,479.3270282666669,150.9112000000001,3.8674275687880995,0.33866333877714083,0.33866333877714083
8,-100.0,-6.968066e-06,279.026581688889,279.026581688889,92.40320000000007,3.851106738008673,0.3242304375515663,0.3242304375515663
