Num,Voltage,Ileak[nA],CCE[a.u.],CCE2[a.u.],MPV[mV],Noise[mV],Error mu,Error mean
0,-900.0,-8.734967e-06,1170.3738068118369,1170.3738068118369,322.4924623115578,8.978755283745713,4.494070474731573,4.494070474731573
1,-800.0,-7.955789e-06,1124.5154126186487,1124.5154126186487,311.678391959799,9.280683825160915,3.9967394642433853,3.9967394642433853
2,-700.0,-7.312835e-06,1104.553130094919,1104.553130094919,302.95477386934675,9.776011710423573,4.827226143149166,4.827226143149166
3,-600.0,-6.711052e-06,1089.5561898380793,1089.5561898380793,295.7185929648241,9.537782450147224,4.601911794973596,4.601911794973596
4,-500.0,-6.28436e-06,1055.384209938582,1055.384209938582,286.7537688442211,9.066809426731574,4.327121469939984,4.327121469939984
5,-400.0,-5.748502e-06,1020.9895343383586,1020.9895343383586,274.41206030150755,9.090617887395176,4.079428292143236,4.079428292143236
6,-300.0,-5.304848e-06,998.22402680067,998.22402680067,261.1457286432161,8.770128991295065,4.30372257082817,4.30372257082817
7,-200.0,-4.778718e-06,893.2084064768287,893.2084064768287,225.36683417085428,8.374122083897948,4.054216821854809,4.054216821854809
8,-100.0,-3.990958e-06,607.8379095477386,607.8379095477386,135.91959798994975,9.250471292484217,4.4690148729316075,4.4690148729316075
