Num,Voltage,Ileak[nA],CCE[a.u.],CCE2[a.u.],MPV[mV],Noise[mV],Error mu,Error mean
0,-900.0,-1.856257e-05,1295.7745386666668,1295.7745386666668,400.6448,4.183990029306158,0.4948415002108056,0.4948415002108056
1,-800.0,-1.671999e-05,1236.8190887111111,1236.8190887111111,381.4239999999999,4.174321374581906,0.5101145317495681,0.5101145317495681
2,-700.0,-1.526036e-05,1166.1716039111113,1166.1716039111113,358.8408,4.244362030948589,0.511142939283015,0.511142939283015
3,-600.0,-1.397493e-05,1086.1216942222225,1086.1216942222225,332.69519999999994,4.217191765577459,0.4814261273853759,0.4814261273853759
4,-500.0,-1.27387e-05,982.388671288889,982.388671288889,298.8488,4.113895274265582,0.45552328266326836,0.45552328266326836
5,-400.0,-1.14491e-05,791.3651964444448,791.3651964444448,240.25520000000003,4.173143248008038,0.41426939567233223,0.41426939567233223
6,-300.0,-1.015276e-05,574.238104177778,574.238104177778,176.78320000000008,4.190581488148141,0.371315491302585,0.371315491302585
7,-200.0,-7.945539e-06,392.48296426666684,392.48296426666684,124.90160000000009,4.174378326654695,0.3254000903041054,0.3254000903041054
8,-100.0,-5.262975e-06,224.29954026666672,224.29954026666672,75.45600000000005,4.147958708441219,0.3542375223689328,0.3542375223689328
