Num,Voltage,Ileak[nA],CCE[a.u.],CCE2[a.u.],MPV[mV],Noise[mV],Error mu,Error mean
0,-900.0,-2.357957e-05,1262.201023288889,1262.201023288889,383.89279999999997,3.133342206877901,0.5880088113451358,0.5880088113451358
1,-800.0,-2.096573e-05,1205.4909208888891,1205.4909208888891,365.3664,3.1259570027294976,0.585103546671594,0.585103546671594
2,-700.0,-1.892688e-05,1143.8101575111114,1143.8101575111114,345.60959999999994,3.1426151842166643,0.5055336056406131,0.5055336056406131
3,-600.0,-1.719657e-05,1077.0870346666668,1077.0870346666668,323.74719999999996,3.0853172766796257,0.48152017534338154,0.48152017534338154
4,-500.0,-1.562875e-05,993.0383943111113,993.0383943111113,297.31519999999995,3.0634426207531487,0.49207501567951956,0.49207501567951956
5,-400.0,-1.426829e-05,888.0919025777781,888.0919025777781,263.152,2.917529794468238,0.46611688103444626,0.46611688103444626
6,-300.0,-1.275581e-05,702.3555253333336,702.3555253333336,205.66240000000005,2.936248390189238,0.4324873145722539,0.4324873145722539
7,-200.0,-1.036147e-05,467.631256177778,467.631256177778,138.02880000000007,2.887890740917417,0.3989542398621673,0.3989542398621673
8,-100.0,-7.392793e-06,268.977515377778,268.977515377778,81.15760000000004,2.9120367531122517,0.39892469804272573,0.39892469804272573
