Num,Voltage,Ileak[nA],CCE[a.u.],CCE2[a.u.],MPV[mV],Noise[mV],Error mu,Error mean
0,-900.0,-2.48998e-05,1279.336686577778,1279.336686577778,390.09039999999993,2.477041350807426,0.5584931718991044,0.5584931718991044
1,-800.0,-2.214676e-05,1218.4187420444446,1218.4187420444446,370.2216,2.4731525398872223,0.5283841855813627,0.5283841855813627
2,-700.0,-1.99144e-05,1155.1118947555558,1155.1118947555558,349.69759999999997,2.50088040669138,0.5283325791064558,0.5283325791064558
3,-600.0,-1.808229e-05,1086.022401066667,1086.022401066667,328.09119999999996,2.503516781880153,0.5212402173892563,0.5212402173892563
4,-500.0,-1.647555e-05,1004.0235544888891,1004.0235544888891,301.67519999999996,2.464409347955684,0.4906234365558984,0.4906234365558984
5,-400.0,-1.504018e-05,896.4053781333336,896.4053781333336,267.3824,2.482171025211599,0.5081833909780209,0.5081833909780209
6,-300.0,-1.350827e-05,729.2204295111113,729.2204295111113,215.27360000000004,2.507982201350592,0.4498532960169128,0.4498532960169128
7,-200.0,-1.123265e-05,489.5200789333336,489.5200789333336,144.9536000000001,2.497608902539476,0.4169974088452832,0.4169974088452832
8,-100.0,-8.147113e-06,285.5012807111113,285.5012807111113,87.07680000000003,2.5337638003707323,0.39023668673296263,0.39023668673296263
