Num,Voltage,Ileak[nA],CCE[a.u.],CCE2[a.u.],MPV[mV],Noise[mV],Error mu,Error mean
0,-900.0,-2.2264e-05,1336.158852266667,1336.158852266667,411.0632,3.681345608189123,0.476613799749859,0.476613799749859
1,-800.0,-1.990876e-05,1271.8303367111112,1271.8303367111112,390.81519999999995,3.662614037066093,0.48331668978292064,0.48331668978292064
2,-700.0,-1.80353e-05,1205.3972952888892,1205.3972952888892,368.8736,3.7007264859847644,0.500181109706795,0.500181109706795
3,-600.0,-1.64598e-05,1131.7594919111114,1131.7594919111114,345.17440000000005,3.7035453452637377,0.4691008686740201,0.4691008686740201
4,-500.0,-1.5065e-05,1043.1757134222225,1043.1757134222225,317.1184,3.7279887212885083,0.4293469502231494,0.4293469502231494
5,-400.0,-1.372798e-05,923.0438894222223,923.0438894222223,278.72880000000004,3.7374428060207894,0.4217961561133524,0.4217961561133524
6,-300.0,-1.227795e-05,721.787817955556,721.787817955556,217.37520000000004,3.758856670761523,0.38758227063682926,0.38758227063682926
7,-200.0,-1.010253e-05,486.0123420444446,486.0123420444446,149.83200000000008,3.7856870964485814,0.36565669763602016,0.36565669763602016
8,-100.0,-7.326355e-06,283.72757368888904,283.72757368888904,91.43840000000004,3.763021860388009,0.32117311840488805,0.32117311840488805
