Num,Voltage,Ileak[nA],CCE[a.u.],CCE2[a.u.],MPV[mV],Noise[mV],Error mu,Error mean
0,-900.0,-2.9171e-05,1301.3105788444448,1301.3105788444448,401.09839999999997,3.781144224731092,0.6213502465319245,0.6213502465319245
1,-800.0,-2.58977e-05,1239.987153777778,1239.987153777778,381.91360000000003,3.7847762219022343,0.6078036469423991,0.6078036469423991
2,-700.0,-2.329673e-05,1177.1808625777778,1177.1808625777778,361.332,3.7698638007005116,0.5999561769340168,0.5999561769340168
3,-600.0,-2.109516e-05,1101.3102844444447,1101.3102844444447,337.21759999999995,3.752511764605966,0.5914763827943774,0.5914763827943774
4,-500.0,-1.915933e-05,1017.8926147555557,1017.8926147555557,309.83279999999996,3.75512007284211,0.570529981482902,0.570529981482902
5,-400.0,-1.736682e-05,907.1451797333335,907.1451797333335,273.8672,3.7311951406486386,0.5371453288707632,0.5371453288707632
6,-300.0,-1.540347e-05,722.9444284444448,722.9444284444448,216.81680000000003,3.7535014370222908,0.5663762936101042,0.5663762936101042
7,-200.0,-1.255345e-05,483.85430577777805,483.85430577777805,147.0896000000001,3.707051509771448,0.5039985267330859,0.5039985267330859
8,-100.0,-8.804424e-06,270.5069123555557,270.5069123555557,85.32880000000004,3.711486364684574,0.5104976172681711,0.5104976172681711
