Num,Voltage,Ileak[nA],CCE[a.u.],CCE2[a.u.],MPV[mV],Noise[mV],Error mu,Error mean
0,-900.0,-2.027372e-05,1402.0176736,1402.0176736,432.06,4.166489187025452,0.5997319940917593,0.5997319940917593
1,-800.0,-1.819395e-05,1335.4010542222222,1335.4010542222222,411.08240000000006,4.164925214119683,0.5382540215961977,0.5382540215961977
2,-700.0,-1.654159e-05,1268.0608533333334,1268.0608533333334,388.65600000000006,4.16629287966066,0.5731196758860054,0.5731196758860054
3,-600.0,-1.519555e-05,1192.2315253333334,1192.2315253333334,363.63679999999994,4.144953515246651,0.49769731241902526,0.49769731241902526
4,-500.0,-1.388719e-05,1096.2585109333334,1096.2585109333334,332.1168,3.943794172767586,0.5332802570944483,0.5332802570944483
5,-400.0,-1.264046e-05,954.5504184888891,954.5504184888891,286.1728,3.854677107166512,0.4985349403509421,0.4985349403509421
6,-300.0,-1.119099e-05,710.116196977778,710.116196977778,212.87120000000002,3.822671559386605,0.44118652529341845,0.44118652529341845
7,-200.0,-9.38376e-06,484.96433031111127,484.96433031111127,148.03840000000008,3.8669490770405415,0.41613768936120077,0.41613768936120077
8,-100.0,-6.51558e-06,283.032129777778,283.032129777778,88.91760000000005,3.8252603332306236,0.42187338076005737,0.42187338076005737
