Num,Voltage,Ileak[nA],CCE[a.u.],CCE2[a.u.],MPV[mV],Noise[mV],Error mu,Error mean
0,-900.0,-2.534609e-05,1250.823816888889,1250.823816888889,380.66479999999996,2.785960058543997,0.5074101865509579,0.5074101865509579
1,-800.0,-2.24456e-05,1200.1176003555559,1200.1176003555559,363.44800000000004,2.6773721973680664,0.5107340627186732,0.5107340627186732
2,-700.0,-2.011903e-05,1138.5401664,1138.5401664,343.91759999999994,2.6636575129863997,0.50890560224356,0.50890560224356
3,-600.0,-1.827818e-05,1065.1560935111113,1065.1560935111113,321.07599999999996,2.6798651225724495,0.5847001358191039,0.5847001358191039
4,-500.0,-1.666407e-05,982.4708401777782,982.4708401777782,295.4584,2.7086099395013368,0.5987186024954267,0.5987186024954267
5,-400.0,-1.525867e-05,884.3268586666669,884.3268586666669,264.0088,2.6916808924288684,0.45861336449292484,0.45861336449292484
6,-300.0,-1.367817e-05,730.4595815111114,730.4595815111114,215.62240000000003,2.6860259387475574,0.40357768007103734,0.40357768007103734
7,-200.0,-1.145763e-05,493.7358016000003,493.7358016000003,146.07840000000007,2.7018504534320757,0.41506287973327627,0.41506287973327627
8,-100.0,-8.358759e-06,290.60828764444454,290.60828764444454,88.02240000000005,2.6283015796254676,0.3953473734867608,0.3953473734867608
