Num,Voltage,Ileak[nA],CCE[a.u.],CCE2[a.u.],MPV[mV],Noise[mV],Error mu,Error mean
0,-900.0,-1.803586e-05,1385.9904675555558,1385.9904675555558,426.54,3.7258940771542126,0.508369041532309,0.508369041532309
1,-800.0,-1.62552e-05,1320.3810620444447,1320.3810620444447,405.8,3.7920080750317737,0.4846861384231247,0.4846861384231247
2,-700.0,-1.481349e-05,1248.112568888889,1248.112568888889,382.0664,3.8492931582914207,0.4550539704128298,0.4550539704128298
3,-600.0,-1.359185e-05,1160.9861415111113,1160.9861415111113,353.8336,3.925615735038295,0.49410564239676513,0.49410564239676513
4,-500.0,-1.241342e-05,1040.6671832888892,1040.6671832888892,315.0608,3.958129883622403,0.4667277217050632,0.4667277217050632
5,-400.0,-1.10818e-05,835.9556942222225,835.9556942222225,250.74480000000003,3.9237122783983955,0.40035589793322707,0.40035589793322707
6,-300.0,-9.840242e-06,606.234216177778,606.234216177778,182.51920000000007,3.990690167979704,0.3524280162556897,0.3524280162556897
7,-200.0,-7.711124e-06,414.6819616000002,414.6819616000002,126.69280000000009,4.011494282938024,0.3540981875925375,0.3540981875925375
8,-100.0,-5.088907e-06,236.18493226666678,236.18493226666678,73.61040000000004,4.015093968713559,0.3168593657508017,0.3168593657508017
