Num,Voltage,Ileak[nA],CCE[a.u.],CCE2[a.u.],MPV[mV],Noise[mV],Error mu,Error mean
0,-900.0,-2.790903e-05,1347.076743111111,1347.076743111111,407.12080000000003,2.3729813614996416,0.5486289526376827,0.5486289526376827
1,-800.0,-2.466877e-05,1280.005776,1280.005776,386.67199999999997,2.343963066641149,0.5560539073216539,0.5560539073216539
2,-700.0,-2.221568e-05,1213.0091548444445,1213.0091548444445,365.16240000000005,2.3377789073761535,0.4879614091180567,0.4879614091180567
3,-600.0,-2.003414e-05,1140.6370990222224,1140.6370990222224,341.93199999999996,2.3361383279651173,0.5177977244303801,0.5177977244303801
4,-500.0,-1.833845e-05,1054.4239808000002,1054.4239808000002,314.62479999999994,2.3403752077533784,0.4885932043656767,0.4885932043656767
5,-400.0,-1.668179e-05,944.8915562666671,944.8915562666671,280.112,2.307324150766665,0.4714100235723473,0.4714100235723473
6,-300.0,-1.498296e-05,782.813173688889,782.813173688889,229.86720000000003,2.3578320973070492,0.43292140803023355,0.43292140803023355
7,-200.0,-1.243425e-05,531.0512359111115,531.0512359111115,155.2384000000001,2.353212078458393,0.35881441006336334,0.35881441006336334
8,-100.0,-9.085269e-06,308.76008640000015,308.76008640000015,91.85280000000006,2.312883167688714,0.3775731757184035,0.3775731757184035
