Num,Voltage,Ileak[nA],CCE[a.u.],CCE2[a.u.],MPV[mV],Noise[mV],Error mu,Error mean
0,-900.0,-2.710142e-05,1250.7635008000004,1250.7635008000004,382.9408,2.74437629800774,0.5667949526674347,0.5667949526674347
1,-800.0,-2.39888e-05,1178.847909688889,1178.847909688889,361.0232,2.8633761457377984,0.5269857796712177,0.5269857796712177
2,-700.0,-2.151701e-05,1113.5821909333335,1113.5821909333335,340.31520000000006,2.8751253543763586,0.5054591155410278,0.5054591155410278
3,-600.0,-1.951339e-05,1050.7408088888892,1050.7408088888892,319.44,2.830415363437008,0.4654710562344342,0.4654710562344342
4,-500.0,-1.77981e-05,975.1923822222225,975.1923822222225,294.736,2.834494682476518,0.485060873969444,0.485060873969444
5,-400.0,-1.627134e-05,879.9695253333335,879.9695253333335,263.85920000000004,2.7095386260805037,0.46245720492655423,0.46245720492655423
6,-300.0,-1.460692e-05,729.0612192000003,729.0612192000003,216.544,2.7003883128501687,0.4306793081461899,0.4306793081461899
7,-200.0,-1.216603e-05,493.78880177777796,493.78880177777796,147.4224000000001,2.751165918517071,0.39811753543937256,0.39811753543937256
8,-100.0,-8.856473e-06,290.04254080000015,290.04254080000015,88.78160000000007,2.6031446656688138,0.36863984188191057,0.36863984188191057
