Num,Voltage,Ileak[nA],CCE[a.u.],CCE2[a.u.],MPV[mV],Noise[mV],Error mu,Error mean
0,-900.0,-2.147386e-05,1294.8748995555557,1294.8748995555557,396.5696,2.7877236788692668,0.5689226607140202,0.5689226607140202
1,-800.0,-1.925074e-05,1235.7041514666666,1235.7041514666666,377.54,2.7877582377562407,0.5009396833951167,0.5009396833951167
2,-700.0,-1.742614e-05,1173.8018929777782,1173.8018929777782,357.2295999999999,2.769655066259032,0.4914202101826908,0.4914202101826908
3,-600.0,-1.593657e-05,1100.4674741333336,1100.4674741333336,333.66159999999996,2.729392958508459,0.4803593299500707,0.4803593299500707
4,-500.0,-1.458433e-05,1012.7689564444448,1012.7689564444448,305.68879999999996,2.732990052662215,0.48200946832194114,0.48200946832194114
5,-400.0,-1.333419e-05,888.4737280000004,888.4737280000004,266.58160000000004,2.799427458288967,0.419802886109564,0.419802886109564
6,-300.0,-1.178965e-05,676.7473756444448,676.7473756444448,201.75840000000008,2.7594972636566246,0.4124093148806411,0.4124093148806411
7,-200.0,-9.872676e-06,455.509508977778,455.509508977778,137.5424000000001,2.7152126756580826,0.3867753467452656,0.3867753467452656
8,-100.0,-6.724852e-06,261.55668586666684,261.55668586666684,81.94080000000005,2.6802741767214795,0.38688320168071405,0.38688320168071405
