Num,Voltage,Ileak[nA],CCE[a.u.],CCE2[a.u.],MPV[mV],Noise[mV],Error mu,Error mean
0,-900.0,-2.32083e-05,1304.8515829333335,1304.8515829333335,394.16079999999994,2.5615402886718157,0.5650334475010134,0.5650334475010134
1,-800.0,-2.069593e-05,1243.957104,1243.957104,374.6312,2.519375772951176,0.546782522266394,0.546782522266394
2,-700.0,-1.863295e-05,1174.5560956444447,1174.5560956444447,352.9728,2.557272378600023,0.533041093987772,0.533041093987772
3,-600.0,-1.697278e-05,1101.6252305777778,1101.6252305777778,329.7511999999999,2.5878652002178875,0.5306819260433904,0.5306819260433904
4,-500.0,-1.551707e-05,1021.7961280000002,1021.7961280000002,303.56719999999996,2.53660543000987,0.459134753965414,0.459134753965414
5,-400.0,-1.41133e-05,909.8503509333336,909.8503509333336,268.2936,2.5610317345944784,0.4762344431915025,0.4762344431915025
6,-300.0,-1.270118e-05,723.2007356444446,723.2007356444446,210.59840000000003,2.5589012181263264,0.4275773207022102,0.4275773207022102
7,-200.0,-1.047271e-05,489.7487736888891,489.7487736888891,142.43520000000007,2.4771113551388897,0.3817486347008982,0.3817486347008982
8,-100.0,-7.59599e-06,286.42808071111125,286.42808071111125,84.21840000000006,2.4486213978169262,0.3810341753911326,0.3810341753911326
