Num,Voltage,Ileak[nA],CCE[a.u.],CCE2[a.u.],MPV[mV],Noise[mV],Error mu,Error mean
0,-900.0,-2.891596e-05,1356.3836778666666,1356.3836778666666,411.1936,3.891038990089923,1.2849188559539166,1.2849188559539166
1,-800.0,-2.555038e-05,1290.3595854222224,1290.3595854222224,390.0568,3.804757304487939,1.2848828656993154,1.2848828656993154
2,-700.0,-2.295092e-05,1229.3449507555558,1229.3449507555558,369.1656,3.81936098385807,1.296303887184978,1.296303887184978
3,-600.0,-2.082824e-05,1155.4286858666667,1155.4286858666667,346.43120000000005,3.8336515849571478,1.208282350693115,1.208282350693115
4,-500.0,-1.897014e-05,1070.3728131555558,1070.3728131555558,318.9376,3.847598702133805,1.2871517927301035,1.2871517927301035
5,-400.0,-1.72318e-05,961.3066339555559,961.3066339555559,284.32,3.7885988682120058,1.1977872098624534,1.1977872098624534
6,-300.0,-1.542758e-05,791.0979456000002,791.0979456000002,233.35120000000003,3.8043409199725753,1.2996579240887673,1.2996579240887673
7,-200.0,-1.288107e-05,536.3026535111114,536.3026535111114,158.6992000000001,3.783439129396285,1.183723129571641,1.183723129571641
8,-100.0,-9.3326e-06,310.62095253333354,310.62095253333354,94.03920000000005,3.8102560770402594,1.1672826204090945,1.1672826204090945
