Num,Voltage,Ileak[nA],CCE[a.u.],CCE2[a.u.],MPV[mV],Noise[mV],Error mu,Error mean
0,-900.0,-2.70686e-05,1361.898666666667,1361.898666666667,411.8936,3.7057289144722336,1.949025161770879,1.949025161770879
1,-800.0,-2.404317e-05,1298.8238670222224,1298.8238670222224,391.80800000000005,3.7210464294408268,1.7968078499504403,1.7968078499504403
2,-700.0,-2.164307e-05,1235.3982922666669,1235.3982922666669,370.3544,3.7533352994429436,1.776586928060342,1.776586928060342
3,-600.0,-1.961811e-05,1164.2618051555557,1164.2618051555557,347.3967999999999,3.7334829570308083,2.015430709364843,2.015430709364843
4,-500.0,-1.779407e-05,1070.3720003555559,1070.3720003555559,319.0256,3.7092837359066686,2.0908285986262176,2.0908285986262176
5,-400.0,-1.617487e-05,955.7090048000002,955.7090048000002,282.4728,3.693709677480231,1.7450038090579827,1.7450038090579827
6,-300.0,-1.440104e-05,773.8556881777782,773.8556881777782,225.83840000000004,3.680796916962547,1.6071937821299331,1.6071937821299331
7,-200.0,-1.176345e-05,516.5717141333337,516.5717141333337,151.2728000000001,3.6988196275989336,1.8586449721126628,1.8586449721126628
8,-100.0,-8.350004e-06,294.9921575111113,294.9921575111113,88.07200000000005,3.6519884314746522,1.8519332221512528,1.8519332221512528
