Num,Voltage,Ileak[nA],CCE[a.u.],CCE2[a.u.],MPV[mV],Noise[mV],Error mu,Error mean
0,-900.0,-2.879294e-05,1272.1183288888888,1272.1183288888888,387.24,3.938463973319523,1.0804502705816736,1.0804502705816736
1,-800.0,-2.554713e-05,1222.661511111111,1222.661511111111,370.16,3.946037987965794,0.9487499143610015,0.9487499143610015
2,-700.0,-2.297049e-05,1136.9304177777776,1136.9304177777776,344.76,4.087329920197685,0.5757310372040015,0.5757310372040015
3,-600.0,-2.078485e-05,1066.9118933333332,1066.9118933333332,322.96,4.12807385808173,0.8575151002752012,0.8575151002752012
4,-500.0,-1.893514e-05,977.7722844444445,977.7722844444445,295.52,4.162604947700092,0.8268662460156353,0.8268662460156353
5,-400.0,-1.727727e-05,865.9425777777776,865.9425777777776,260.72,4.202642672426334,0.7321666782912214,0.7321666782912214
6,-300.0,-1.540932e-05,710.0095999999999,710.0095999999999,213.0,4.203770794047754,0.6490280733527622,0.6490280733527622
7,-200.0,-1.278283e-05,484.2359111111111,484.2359111111111,144.72,4.205377274953028,0.5503071549598452,0.5503071549598452
8,-100.0,-9.292732e-06,278.99873777777776,278.99873777777776,87.08,4.0890592899276,0.5536236295535077,0.5536236295535077
