Num,Voltage,Ileak[nA],CCE[a.u.],CCE2[a.u.],MPV[mV],Noise[mV],Error mu,Error mean
0,-900.0,-2.805429e-05,1386.2825692444446,1386.2825692444446,423.6032,6.4108113641215985,3.5190415066098457,3.5190415066098457
1,-800.0,-2.496233e-05,1319.616020977778,1319.616020977778,402.06800000000004,6.343902062387584,3.7778249340239576,3.7778249340239576
2,-700.0,-2.24115e-05,1252.4277564444446,1252.4277564444446,380.20239999999995,6.3301501167697065,3.6817383010400486,3.6817383010400486
3,-600.0,-2.030077e-05,1179.0270033777779,1179.0270033777779,356.30799999999994,6.288571380522051,3.883970004261351,3.883970004261351
4,-500.0,-1.843388e-05,1089.4604071111112,1089.4604071111112,326.6672,6.155873108848731,3.3096179392890637,3.3096179392890637
5,-400.0,-1.670997e-05,974.2665518222225,974.2665518222225,290.4343999999999,6.164681739710576,3.3189409859693035,3.3189409859693035
6,-300.0,-1.489847e-05,783.1445863111113,783.1445863111113,231.63280000000006,6.110847391318185,3.266864520840201,3.266864520840201
7,-200.0,-1.217248e-05,520.5994919111114,520.5994919111114,155.16320000000007,6.0624646215125555,3.498998023777849,3.498998023777849
8,-100.0,-8.654295e-06,293.8863313777779,293.8863313777779,90.18640000000006,5.931596049699431,3.451326283100062,3.451326283100062
