Num,Voltage,Ileak[nA],CCE[a.u.],CCE2[a.u.],MPV[mV],Noise[mV],Error mu,Error mean
0,-900.0,-2.389054e-05,1206.4769781333337,1206.4769781333337,372.20160000000004,2.9600630398992824,0.4925969680406893,0.4925969680406893
1,-800.0,-2.114794e-05,1142.1661489777782,1142.1661489777782,352.4623999999999,3.005150217182513,0.5414863036654569,0.5414863036654569
2,-700.0,-1.903789e-05,1083.4486670222227,1083.4486670222227,333.3344,3.0532747182599596,0.45775045398505076,0.45775045398505076
3,-600.0,-1.733618e-05,1013.2414325333338,1013.2414325333338,311.6,3.1611054620812644,0.4753185807818574,0.4753185807818574
4,-500.0,-1.584762e-05,941.5457457777779,941.5457457777779,287.8936,3.1197562729747714,0.43733496530362137,0.43733496530362137
5,-400.0,-1.44816e-05,836.9164337777781,836.9164337777781,255.28240000000002,3.1432584264119745,0.42245080634450194,0.42245080634450194
6,-300.0,-1.302408e-05,707.6617927111114,707.6617927111114,210.96640000000002,2.5397078604661565,0.3988916499606379,0.3988916499606379
7,-200.0,-1.080775e-05,474.6243591111114,474.6243591111114,142.8432000000001,2.5470881427452765,0.34625433888978197,0.34625433888978197
8,-100.0,-7.832424e-06,279.9975413333335,279.9975413333335,86.87280000000005,2.5022471804360182,0.38341229682690126,0.38341229682690126
