Num,Voltage,Ileak[nA],CCE[a.u.],CCE2[a.u.],MPV[mV],Noise[mV],Error mu,Error mean
0,-900.0,-1.722366e-05,1460.1625959111116,1460.1625959111116,441.2384,3.3427802544160135,0.5790312597472433,0.5790312597472433
1,-800.0,-1.555253e-05,1385.8846958222223,1385.8846958222223,418.1528,3.3174307063564337,0.5387756616851948,0.5387756616851948
2,-700.0,-1.415226e-05,1295.897920355556,1295.897920355556,389.98,3.3171657404938597,0.5220986602806793,0.5220986602806793
3,-600.0,-1.284969e-05,1172.2580931555558,1172.2580931555558,350.37039999999996,3.3147205530943595,0.517671501158485,0.517671501158485
4,-500.0,-1.147917e-05,961.4674652444447,961.4674652444447,285.604,3.334894267541919,0.46440920690132786,0.46440920690132786
5,-400.0,-1.024103e-05,732.9577713777779,732.9577713777779,217.82560000000004,3.3545527405020596,0.39890730175317735,0.39890730175317735
6,-300.0,-8.367104e-06,538.9454243555558,538.9454243555558,162.2104000000001,3.353055995906414,0.36533329607863596,0.36533329607863596
7,-200.0,-6.281211e-06,367.11236728888906,367.11236728888906,112.12720000000009,3.350327145230618,0.36933832609746853,0.36933832609746853
8,-100.0,-4.07019e-06,205.17833244444452,205.17833244444452,64.15120000000005,3.310780530790546,0.34843661185173996,0.34843661185173996
