Num,Voltage,Ileak[nA],CCE[a.u.],CCE2[a.u.],MPV[mV],Noise[mV],Error mu,Error mean
0,-900.0,-2.60833e-05,1259.4580142222223,1259.4580142222223,393.12080000000003,2.8121000832689065,0.5171313701720285,0.5171313701720285
1,-800.0,-2.319591e-05,1199.1866588444445,1199.1866588444445,372.9544,2.791103121347376,0.47260249563319007,0.47260249563319007
2,-700.0,-2.079121e-05,1137.050004977778,1137.050004977778,352.5216,2.7978115564071566,0.4205271834166253,0.4205271834166253
3,-600.0,-1.890367e-05,1067.1385059555557,1067.1385059555557,329.7432,2.8021526546162403,0.45838232826530484,0.45838232826530484
4,-500.0,-1.720011e-05,984.5439520000001,984.5439520000001,302.38319999999993,2.8121534143388733,0.3957679073946252,0.3957679073946252
5,-400.0,-1.563889e-05,876.642417066667,876.642417066667,267.42640000000006,2.789077751324501,0.37947817202215967,0.37947817202215967
6,-300.0,-1.395198e-05,705.605197866667,705.605197866667,212.85360000000003,2.8076499563711845,0.3726872787937902,0.3726872787937902
7,-200.0,-1.140101e-05,467.83574364444473,467.83574364444473,142.27040000000008,2.737180583275742,0.33708490156920445,0.33708490156920445
8,-100.0,-8.153349e-06,264.7166652444446,264.7166652444446,82.38240000000005,2.765170102325545,0.3277172893704576,0.3277172893704576
