Num,Voltage,Ileak[nA],CCE[a.u.],CCE2[a.u.],MPV[mV],Noise[mV],Error mu,Error mean
0,-900.0,-2.603109e-05,1334.6789799111111,1334.6789799111111,404.7928,2.608250348580277,0.6102438578420284,0.6102438578420284
1,-800.0,-2.317596e-05,1267.4288181333336,1267.4288181333336,383.45520000000005,2.6590535489489073,0.5691018328458247,0.5691018328458247
2,-700.0,-2.083648e-05,1200.7420266666668,1200.7420266666668,362.3728,2.638625653715291,0.5697552219243628,0.5697552219243628
3,-600.0,-1.886411e-05,1127.825104355556,1127.825104355556,339.1559999999999,2.6241503492909763,0.6053637481580801,0.6053637481580801
4,-500.0,-1.717589e-05,1043.598044088889,1043.598044088889,312.3743999999999,2.6551685545956554,0.47668971318324016,0.47668971318324016
5,-400.0,-1.567666e-05,934.3585731555557,934.3585731555557,277.62,2.657897620675986,0.4866199069992913,0.4866199069992913
6,-300.0,-1.406649e-05,766.6123516444447,766.6123516444447,226.2776,2.667700082200554,0.4918519041057792,0.4918519041057792
7,-200.0,-1.173458e-05,516.7116988444446,516.7116988444446,152.5080000000001,2.6186058784941184,0.45854683472517854,0.45854683472517854
8,-100.0,-8.509443e-06,300.7692010666668,300.7692010666668,90.88800000000005,2.6096904638588003,0.40239868134336626,0.40239868134336626
