Num,Voltage,Ileak[nA],CCE[a.u.],CCE2[a.u.],MPV[mV],Noise[mV],Error mu,Error mean
0,-900.0,-1.779038e-05,1375.3587559111113,1375.3587559111113,422.39759999999995,3.9045256062366946,0.5219851040253167,0.5219851040253167
1,-800.0,-1.611352e-05,1309.9289920000003,1309.9289920000003,401.7496,3.895129597958057,0.4963582928051872,0.4963582928051872
2,-700.0,-1.465004e-05,1235.4647626666667,1235.4647626666667,377.7224,3.8828647805454164,0.5274926067792041,0.5274926067792041
3,-600.0,-1.33556e-05,1139.2583253333337,1139.2583253333337,346.75440000000003,3.917542322539591,0.4818925477227457,0.4818925477227457
4,-500.0,-1.21166e-05,996.7082087111112,996.7082087111112,301.42799999999994,3.931225711214454,0.45730929437867324,0.45730929437867324
5,-400.0,-1.064705e-05,769.2156071111114,769.2156071111114,232.916,3.8746580280676572,0.41681588653025203,0.41681588653025203
6,-300.0,-9.290249e-06,564.2361927111114,564.2361927111114,172.60800000000006,3.8767035163141474,0.4321554486009866,0.4321554486009866
7,-200.0,-7.146766e-06,386.3240942222224,386.3240942222224,121.19200000000008,3.834646836076577,0.3675527896630909,0.3675527896630909
8,-100.0,-4.672495e-06,218.08816391111122,218.08816391111122,71.93200000000004,3.8058240295605175,0.33662006613985446,0.33662006613985446
