Num,Voltage,Ileak[nA],CCE[a.u.],CCE2[a.u.],MPV[mV],Noise[mV],Error mu,Error mean
0,-900.0,-2.914436e-05,1195.5744355555553,1195.5744355555553,386.56,16.37007748422426,0.5238178126028193,0.5238178126028193
1,-800.0,-2.591525e-05,1144.2107199999998,1144.2107199999998,368.24,15.782581383002944,0.47415414877442624,0.47415414877442624
2,-700.0,-2.300313e-05,1089.397493333333,1089.397493333333,350.32,15.83799329320339,0.443705069612683,0.443705069612683
3,-600.0,-2.103868e-05,1024.6229155555552,1024.6229155555552,328.32,15.594032190252054,0.4980427483660374,0.4980427483660374
4,-500.0,-1.905332e-05,929.8703466666666,929.8703466666666,301.88,18.040588053977988,0.5665254098449636,0.5665254098449636
5,-400.0,-1.721827e-05,833.9690844444442,833.9690844444442,270.36,17.73124022595761,0.6605457234741587,0.6605457234741587
6,-300.0,-1.532728e-05,675.6435555555554,675.6435555555554,220.56,18.426168696707034,0.4820712113370788,0.4820712113370788
7,-200.0,-1.273261e-05,453.7474311111111,453.7474311111111,154.72,17.441034303625656,0.4331418243485611,0.4331418243485611
8,-100.0,-9.035477e-06,261.74682666666666,261.74682666666666,96.96,17.202023795666214,0.41161241575054547,0.41161241575054547
