Num,Voltage,Ileak[nA],CCE[a.u.],CCE2[a.u.],MPV[mV],Noise[mV],Error mu,Error mean
0,-900.0,-3.263359e-05,1102.2577066666665,1102.2577066666665,344.12,5.710930494333748,0.5252552172039813,0.5252552172039813
1,-800.0,-2.895652e-05,1056.7437155555554,1056.7437155555554,328.64,5.726981942772257,0.5866237063058445,0.5866237063058445
2,-700.0,-2.598739e-05,1000.6019911111111,1000.6019911111111,311.16,5.67578245435251,0.5827274244447413,0.5827274244447413
3,-600.0,-2.371747e-05,943.3291377777776,943.3291377777776,289.4,5.721402245457051,0.4754258722450859,0.4754258722450859
4,-500.0,-2.151855e-05,862.9458311111107,862.9458311111107,263.92,5.716257305286993,0.5897633423670883,0.5897633423670883
5,-400.0,-1.934816e-05,761.6489955555554,761.6489955555554,231.44,5.728162198544966,0.4607144226090595,0.4607144226090595
6,-300.0,-1.701148e-05,601.1424533333332,601.1424533333332,179.32,5.713519989171882,0.562273601727842,0.562273601727842
7,-200.0,-1.371299e-05,402.27059555555553,402.27059555555553,120.76,5.732524744876143,0.4845459268222151,0.4845459268222151
8,-100.0,-9.706552e-06,228.40625777777777,228.40625777777777,69.76,5.726947848053183,0.4992687004008958,0.4992687004008958
