Num,Voltage,Ileak[nA],CCE[a.u.],CCE2[a.u.],MPV[mV],Noise[mV],Error mu,Error mean
0,-900.0,-3.300452e-05,1179.0809955555558,1179.0809955555558,359.96,5.196610215168641,0.6442455084825964,0.6442455084825964
1,-800.0,-2.916165e-05,1135.48,1135.48,345.0,5.25419536074639,0.6821434828538613,0.6821434828538613
2,-700.0,-2.602297e-05,1077.9820266666666,1077.9820266666666,326.56,5.2339817432704985,0.7032047781407671,0.7032047781407671
3,-600.0,-2.385801e-05,975.3157333333332,975.3157333333332,297.72,5.418769027904564,1.2889292101585759,1.2889292101585759
4,-500.0,-2.156032e-05,896.3043377777777,896.3043377777777,271.72,5.557337220976816,0.5977579336152704,0.5977579336152704
5,-400.0,-1.950855e-05,795.1017422222221,795.1017422222221,239.8,5.584051942699444,0.5112624187244766,0.5112624187244766
6,-300.0,-1.747029e-05,648.7478399999999,648.7478399999999,192.72,5.614206424578436,0.4822362707221441,0.4822362707221441
7,-200.0,-1.433957e-05,439.0189866666666,439.0189866666666,132.24,5.576401228988698,0.4299437879537274,0.4299437879537274
8,-100.0,-1.049986e-05,252.66426666666663,252.66426666666663,78.16,5.526475871254262,0.43288760666020426,0.43288760666020426
