Num,Voltage,Ileak[nA],CCE[a.u.],CCE2[a.u.],MPV[mV],Noise[mV],Error mu,Error mean
0,-900.0,-2.214187e-05,1270.1860739555557,1270.1860739555557,387.29839999999996,2.4360977101813095,0.5660841281432313,0.5660841281432313
1,-800.0,-1.968891e-05,1202.8647299555557,1202.8647299555557,366.8448,2.430242827235253,0.5112826704934178,0.5112826704934178
2,-700.0,-1.776769e-05,1136.0393184000004,1136.0393184000004,345.45039999999995,2.4550904685390136,0.5264886272090589,0.5264886272090589
3,-600.0,-1.613969e-05,1063.9128508444446,1063.9128508444446,322.2776,2.5311231355523574,0.521786539792357,0.521786539792357
4,-500.0,-1.473616e-05,978.8653358222227,978.8653358222227,295.2688,2.5534674351052944,0.4661908597302185,0.4661908597302185
5,-400.0,-1.348389e-05,870.9455605333336,870.9455605333336,259.9704,2.5785029817404608,0.46658049644416166,0.46658049644416166
6,-300.0,-1.199061e-05,672.8847861333337,672.8847861333337,199.03680000000008,2.6197051237284117,0.42542954781594544,0.42542954781594544
7,-200.0,-1.016859e-05,448.845982577778,448.845982577778,133.7792000000001,2.5605513958800383,0.42200565835069087,0.42200565835069087
8,-100.0,-7.040228e-06,256.6418492444446,256.6418492444446,78.64560000000004,2.5631941972892505,0.4457538316069982,0.4457538316069982
