Num,Voltage,Ileak[nA],CCE[a.u.],CCE2[a.u.],MPV[mV],Noise[mV],Error mu,Error mean
0,-900.0,-2.826951e-05,1320.7189642666667,1320.7189642666667,397.3960000000001,3.8956840944021347,1.0934097541593806,1.0934097541593806
1,-800.0,-2.487384e-05,1252.7450336,1252.7450336,376.1456,3.857500884919608,1.1056409062279122,1.1056409062279122
2,-700.0,-2.225089e-05,1190.6776256000003,1190.6776256000003,355.77279999999996,3.8752686599110633,1.2055998815129336,1.2055998815129336
3,-600.0,-2.01532e-05,1116.2460444444448,1116.2460444444448,333.4584,3.8254964204162167,1.1538116866103936,1.1538116866103936
4,-500.0,-1.830438e-05,1034.859457066667,1034.859457066667,308.3504,3.809531700797066,1.073526532236778,1.073526532236778
5,-400.0,-1.662948e-05,937.0151196444448,937.0151196444448,276.0296,3.819504277741282,0.9462206458730879,0.9462206458730879
6,-300.0,-1.49428e-05,781.8596344888891,781.8596344888891,227.99120000000002,3.8249267689812236,0.99619750847213,0.99619750847213
7,-200.0,-1.247904e-05,528.6739975111115,528.6739975111115,155.2744000000001,3.847889744617926,1.069500493740887,1.069500493740887
8,-100.0,-9.102086e-06,308.19880320000016,308.19880320000016,92.04960000000007,3.8153051283481907,0.9574289304600738,0.9574289304600738
