Num,Voltage,Ileak[nA],CCE[a.u.],CCE2[a.u.],MPV[mV],Noise[mV],Error mu,Error mean
0,-900.0,-2.411076e-05,1346.066052977778,1346.066052977778,407.3472,2.2706360174700175,0.5384509900656889,0.5384509900656889
1,-800.0,-2.145437e-05,1279.0888373333335,1279.0888373333335,386.3344,2.2614957486878757,0.5806354589582691,0.5806354589582691
2,-700.0,-1.936981e-05,1213.9521834666668,1213.9521834666668,365.4608,2.285338331227519,0.569313637679618,0.569313637679618
3,-600.0,-1.766742e-05,1140.4864298666666,1140.4864298666666,342.1408,2.2945727587214724,0.49429896617363084,0.49429896617363084
4,-500.0,-1.615434e-05,1055.8099925333338,1055.8099925333338,315.5,2.278440947509698,0.4964981248074149,0.4964981248074149
5,-400.0,-1.47092e-05,942.181914666667,942.181914666667,279.8784,2.2963799652690082,0.5161808298338862,0.5161808298338862
6,-300.0,-1.326523e-05,763.016305066667,763.016305066667,223.95280000000005,2.2839494909379146,0.4123910723627266,0.4123910723627266
7,-200.0,-1.099341e-05,513.809272177778,513.809272177778,150.8696000000001,2.2654111346088768,0.4186536228993129,0.4186536228993129
8,-100.0,-7.968792e-06,299.04443804444463,299.04443804444463,90.51280000000006,2.2838090181379873,0.391491910230595,0.391491910230595
