Num,Voltage,Ileak[nA],CCE[a.u.],CCE2[a.u.],MPV[mV],Noise[mV],Error mu,Error mean
0,-900.0,-2.456288e-05,1373.899899377778,1373.899899377778,416.78960000000006,2.068173699756728,0.5897143105470662,0.5897143105470662
1,-800.0,-2.188188e-05,1308.984058666667,1308.984058666667,395.8984,2.0455392923247517,0.5794381328634828,0.5794381328634828
2,-700.0,-1.969632e-05,1237.9472238222224,1237.9472238222224,373.5784,2.0732963329841283,0.5258977900317893,0.5258977900317893
3,-600.0,-1.784093e-05,1166.087473066667,1166.087473066667,349.9256,2.0441324316307017,0.5654036601610581,0.5654036601610581
4,-500.0,-1.627905e-05,1075.882088888889,1075.882088888889,321.53039999999993,2.0403448982469783,0.5388064741811476,0.5388064741811476
5,-400.0,-1.483523e-05,952.7193699555559,952.7193699555559,282.5768,2.0518843487540255,0.5549847493976771,0.5549847493976771
6,-300.0,-1.32079e-05,760.0275854222225,760.0275854222225,223.82240000000004,2.0622653215036477,0.4841012417273073,0.4841012417273073
7,-200.0,-1.084515e-05,500.78993244444473,500.78993244444473,149.9720000000001,2.092615478495633,0.43586859256578675,0.43586859256578675
8,-100.0,-7.734483e-06,285.12370204444466,285.12370204444466,88.35040000000005,2.1530718564144466,0.4554815071899186,0.4554815071899186
