Num,Voltage,Ileak[nA],CCE[a.u.],CCE2[a.u.],MPV[mV],Noise[mV],Error mu,Error mean
0,-900.0,-5.348322e-05,1088.4209038222225,1088.4209038222225,335.068,3.369218082702555,0.44279453184555206,0.44279453184555206
1,-800.0,-4.559376e-05,966.6726769777778,966.6726769777778,299.75199999999995,3.40103191586333,0.3979469851340502,0.3979469851340502
2,-700.0,-3.935407e-05,831.6156910222226,831.6156910222226,259.60720000000003,3.3584138935331582,0.40477178042981116,0.40477178042981116
3,-600.0,-3.351861e-05,680.3459146666669,680.3459146666669,216.21520000000004,3.3686131222078792,0.41273331052620416,0.41273331052620416
4,-500.0,-2.810046e-05,546.0857383111113,546.0857383111113,176.42560000000006,3.391443480024763,0.32597442747111316,0.32597442747111316
5,-400.0,-2.304879e-05,428.22073315555576,428.22073315555576,140.31200000000007,3.380830962318709,0.3631533753403925,0.3631533753403925
6,-300.0,-1.8292e-05,321.4699431111112,321.4699431111112,106.99440000000008,3.380721223352303,0.35592747528405283,0.35592747528405283
7,-200.0,-1.355516e-05,221.56141084444454,221.56141084444454,76.05840000000005,3.3581314488525975,0.34147938094169056,0.34147938094169056
8,-100.0,-9.026816e-06,125.26500906666672,125.26500906666672,45.34960000000003,3.428115423546232,0.3617606963213114,0.3617606963213114
