Num,Voltage,Ileak[nA],CCE[a.u.],CCE2[a.u.],MPV[mV],Noise[mV],Error mu,Error mean
0,-900.0,-6.750954e-05,1030.0952337777778,1030.0952337777778,313.31119999999993,2.1177928716496046,0.3666157616880094,0.3666157616880094
1,-800.0,-5.541489e-05,914.4766741333337,914.4766741333337,278.6376,2.1245334227019774,0.3911873489913495,0.3911873489913495
2,-700.0,-4.668364e-05,796.7059292444447,796.7059292444447,243.8656,2.1760042229624967,0.3705104270537064,0.3705104270537064
3,-600.0,-3.969381e-05,671.735512177778,671.735512177778,206.66160000000002,2.1610162999870868,0.38532989486890445,0.38532989486890445
4,-500.0,-3.324195e-05,540.8324387555558,540.8324387555558,168.37360000000007,2.1665541697245003,0.3377319261397714,0.3377319261397714
5,-400.0,-2.734816e-05,425.5752672000002,425.5752672000002,133.4008000000001,2.1409546070645944,0.36318676353677903,0.36318676353677903
6,-300.0,-2.181222e-05,322.77470933333353,322.77470933333353,101.95920000000007,2.1303091823593228,0.3428634259288674,0.3428634259288674
7,-200.0,-1.65729e-05,228.9746986666668,228.9746986666668,72.64640000000004,2.1522237157569535,0.3742038504028521,0.3742038504028521
8,-100.0,-1.09552e-05,133.84397546666673,133.84397546666673,44.10720000000003,2.1060012472719745,0.3466752397504038,0.3466752397504038
