Num,Voltage,Ileak[nA],CCE[a.u.],CCE2[a.u.],MPV[mV],Noise[mV],Error mu,Error mean
0,-900.0,-5.9713e-05,967.7517408000002,967.7517408000002,296.69599999999997,2.8616742006035567,0.45263359854646246,0.45263359854646246
1,-800.0,-4.974614e-05,860.077773866667,860.077773866667,264.69520000000006,2.882388221242163,0.4374542301474752,0.4374542301474752
2,-700.0,-4.22382e-05,748.1948245333336,748.1948245333336,231.2336,2.8853609831084306,0.42464472111316753,0.42464472111316753
3,-600.0,-3.613476e-05,644.6821223111115,644.6821223111115,198.38080000000002,2.2608163080283443,0.4183543835936226,0.4183543835936226
4,-500.0,-3.033829e-05,504.3805859555558,504.3805859555558,158.5208000000001,2.7400989765163914,0.4019488529197711,0.4019488529197711
5,-400.0,-2.497245e-05,395.6606666666669,395.6606666666669,125.86880000000008,2.7900169829829595,0.3769480200133704,0.3769480200133704
6,-300.0,-1.997985e-05,299.6164017777779,299.6164017777779,95.59520000000006,2.8290247891944222,0.4046113870405535,0.4046113870405535
7,-200.0,-1.50006e-05,209.59299377777788,209.59299377777788,67.91120000000005,2.7549683652325485,0.39218211943167436,0.39218211943167436
8,-100.0,-1.020061e-05,122.82704533333337,122.82704533333337,40.604800000000026,2.777036650340311,0.3881300286862639,0.3881300286862639
