Num,Voltage,Ileak[nA],CCE[a.u.],CCE2[a.u.],MPV[mV],Noise[mV],Error mu,Error mean
0,-900.0,-8.301763e-05,996.9114389333336,996.9114389333336,305.11839999999995,2.710806560876096,0.468160961524645,0.468160961524645
1,-800.0,-6.671002e-05,885.0453013333334,885.0453013333334,271.1152,2.777530589890556,0.448264898118424,0.448264898118424
2,-700.0,-5.52202e-05,771.0663082666669,771.0663082666669,237.7424,2.7553092430271984,0.42955412000817783,0.42955412000817783
3,-600.0,-4.638011e-05,656.9130869333337,656.9130869333337,203.00960000000006,2.778577566677678,0.42517319799027864,0.42517319799027864
4,-500.0,-3.874665e-05,531.669912177778,531.669912177778,166.16960000000006,2.745222750551076,0.43666987409712704,0.43666987409712704
5,-400.0,-3.170222e-05,419.4939032888891,419.4939032888891,132.6496000000001,2.7422110679081633,0.47845003698727,0.47845003698727
6,-300.0,-2.529353e-05,320.46163520000016,320.46163520000016,102.20880000000007,2.7332395915957806,0.4202395667174622,0.4202395667174622
7,-200.0,-1.919213e-05,226.986460088889,226.986460088889,72.99360000000004,2.7821935090424654,0.40465631850685346,0.40465631850685346
8,-100.0,-1.27089e-05,133.3728099555556,133.3728099555556,44.381600000000034,2.7410838403399564,0.43272281952270564,0.43272281952270564
