Num,Voltage,Ileak[nA],CCE[a.u.],CCE2[a.u.],MPV[mV],Noise[mV],Error mu,Error mean
0,-900.0,-7.657202e-05,968.8314318222226,968.8314318222226,299.39039999999994,3.153696425031161,0.46207592990451163,0.46207592990451163
1,-800.0,-6.220836e-05,856.1835726222224,856.1835726222224,265.8616,3.1705309839080567,0.45667800867184294,0.45667800867184294
2,-700.0,-5.185527e-05,749.2331061333336,749.2331061333336,233.8376,3.163780208997529,0.4338978934545786,0.4338978934545786
3,-600.0,-4.386137e-05,634.2464718222225,634.2464718222225,199.04160000000005,3.1674970369413296,0.3993845718017663,0.3993845718017663
4,-500.0,-3.686503e-05,514.2013127111114,514.2013127111114,163.4728000000001,3.1241537089199096,0.39656509216984803,0.39656509216984803
5,-400.0,-3.014508e-05,405.1853187555558,405.1853187555558,130.1064000000001,3.102798604649887,0.4179600464733447,0.4179600464733447
6,-300.0,-2.415659e-05,308.21074844444456,308.21074844444456,100.44320000000008,3.1171752809154993,0.41560917212746856,0.41560917212746856
7,-200.0,-1.831395e-05,217.69381155555567,217.69381155555567,72.68400000000005,3.1059520144314234,0.4215722076365093,0.4215722076365093
8,-100.0,-1.217701e-05,127.94631928888893,127.94631928888893,45.00320000000002,3.0972545051782423,0.37496297829583153,0.37496297829583153
