Num,Voltage,Ileak[nA],CCE[a.u.],CCE2[a.u.],MPV[mV],Noise[mV],Error mu,Error mean
0,-900.0,-8.828698e-05,1016.5173973333335,1016.5173973333335,310.80879999999996,2.6075761980130987,0.41433079563614417,0.41433079563614417
1,-800.0,-7.102262e-05,882.4777856000002,882.4777856000002,272.4128,2.809238901877557,0.49862536565594023,0.49862536565594023
2,-700.0,-5.871569e-05,772.0540256000002,772.0540256000002,239.4264,2.829393027928232,0.4338892302895762,0.4338892302895762
3,-600.0,-4.924322e-05,658.071219555556,658.071219555556,204.95440000000002,2.858366793264907,0.393925608434486,0.393925608434486
4,-500.0,-4.10658e-05,523.2195040000003,523.2195040000003,167.44800000000006,3.1333471011045044,0.4833361840355852,0.4833361840355852
5,-400.0,-3.348714e-05,422.55966115555583,422.55966115555583,135.6088000000001,2.9198676293047483,0.3646396579480626,0.3646396579480626
6,-300.0,-2.674811e-05,311.9140224000002,311.9140224000002,103.78560000000007,3.303403090659356,0.42605171764038247,0.42605171764038247
7,-200.0,-2.023805e-05,225.47596444444454,225.47596444444454,75.14720000000005,3.13516603429823,0.3897608416674004,0.3897608416674004
8,-100.0,-1.34934e-05,133.10206506666674,133.10206506666674,45.72400000000003,3.1144017730965077,0.3778548758519865,0.3778548758519865
