Num,Voltage,Ileak[nA],CCE[a.u.],CCE2[a.u.],MPV[mV],Noise[mV],Error mu,Error mean
0,-900.0,-5.858804e-05,1034.693428266667,1034.693428266667,310.96399999999994,2.262661090505799,0.44827942371695095,0.44827942371695095
1,-800.0,-4.86324e-05,921.7598087111114,921.7598087111114,277.6576,2.281566716014391,0.4112216582685297,0.4112216582685297
2,-700.0,-4.145402e-05,808.5863960888892,808.5863960888892,244.11200000000005,2.274893576016793,0.41030680591147867,0.41030680591147867
3,-600.0,-3.56821e-05,682.9102947555558,682.9102947555558,207.12960000000007,2.260881240115494,0.37113755915520136,0.37113755915520136
4,-500.0,-3.039426e-05,547.2486101333336,547.2486101333336,167.1040000000001,2.221859053275483,0.3878548209973414,0.3878548209973414
5,-400.0,-2.513012e-05,428.47164266666687,428.47164266666687,132.1096000000001,2.2283121821982967,0.38728335440646056,0.38728335440646056
6,-300.0,-2.019983e-05,324.1439150222224,324.1439150222224,100.82720000000006,2.24243266978047,0.35807266549056754,0.35807266549056754
7,-200.0,-1.5383e-05,227.44040000000007,227.44040000000007,71.84400000000005,2.2450701427300173,0.3275288452620932,0.3275288452620932
8,-100.0,-1.020029e-05,131.66963377777782,131.66963377777782,43.31040000000003,2.2331551001737653,0.3334839531798795,0.3334839531798795
