Num,Voltage,Ileak[nA],CCE[a.u.],CCE2[a.u.],MPV[mV],Noise[mV],Error mu,Error mean
0,-900.0,-0.0001042933,880.4159999999999,880.4159999999999,259.8,5.417917599143707,0.532106744178272,0.532106744178272
1,-800.0,-8.328308e-05,784.8730133333332,784.8730133333332,232.04,5.40832851566298,0.48338941982629396,0.48338941982629396
2,-700.0,-6.747969e-05,686.4401422222221,686.4401422222221,204.16,5.384874546035702,0.5162295179472018,0.5162295179472018
3,-600.0,-5.652823e-05,592.175982222222,592.175982222222,176.2,5.403713670439873,0.5713027918713518,0.5713027918713518
4,-500.0,-4.757829e-05,483.7964088888888,483.7964088888888,145.8,5.449753493122644,0.48467985309892725,0.48467985309892725
5,-400.0,-3.899788e-05,389.6121599999999,389.6121599999999,119.16,5.440396880947402,0.48296512172205597,0.48296512172205597
6,-300.0,-3.081554e-05,298.5740977777777,298.5740977777777,90.12,5.507262325419741,0.48556723447942846,0.48556723447942846
7,-200.0,-2.36748e-05,214.64755555555553,214.64755555555553,64.4,5.498725666062755,0.48370451806862425,0.48370451806862425
8,-100.0,-1.582549e-05,126.74033777777777,126.74033777777777,39.12,5.533052933546913,0.42272398181319165,0.42272398181319165
