Num,Voltage,Ileak[nA],CCE[a.u.],CCE2[a.u.],MPV[mV],Noise[mV],Error mu,Error mean
0,-900.0,-2.070897e-05,1119.3181909547743,1119.3181909547743,320.4824120603015,2.4683202475437303,0.5970023160334517,0.5970023160334517
1,-800.0,-1.859075e-05,1086.4596046901177,1086.4596046901177,311.27638190954775,2.4677832980863807,0.5341179378046093,0.5341179378046093
2,-700.0,-1.694547e-05,1045.3114639865998,1045.3114639865998,296.8040201005025,2.5033816397954385,0.5710173510716027,0.5710173510716027
3,-600.0,-1.548269e-05,994.2979251814631,994.2979251814631,281.7286432160804,2.46739369002968,0.5274805434862342,0.5274805434862342
4,-500.0,-1.417935e-05,937.5618537130093,937.5618537130093,264.321608040201,2.47192815659027,0.5416668474784174,0.5416668474784174
5,-400.0,-1.290423e-05,869.4275823562257,869.4275823562257,243.57788944723617,2.488486218976302,0.5784363902256924,0.5784363902256924
6,-300.0,-1.183521e-05,760.9032183137911,760.9032183137911,208.96482412060303,2.454947794113434,0.5076687663153102,0.5076687663153102
7,-200.0,-1.01607e-05,539.3066487995532,539.3066487995532,143.87939698492463,2.45809229672785,0.5106850172697832,0.5106850172697832
8,-100.0,-7.556799e-06,288.3565382467894,288.3565382467894,76.62311557788945,2.4759021819271534,0.5174487951567034,0.5174487951567034
