Num,Voltage,Ileak[nA],CCE[a.u.],CCE2[a.u.],MPV[mV],Noise[mV],Error mu,Error mean
0,-900.0,-7.059669e-05,1049.0834606222224,1049.0834606222224,318.08959999999996,2.3234681684281298,0.4881686259690181,0.4881686259690181
1,-800.0,-5.760381e-05,929.0610734222225,929.0610734222225,282.92240000000004,2.3554832742746568,0.4427112834646086,0.4427112834646086
2,-700.0,-4.845003e-05,821.4117340444448,821.4117340444448,250.6792,2.3127470352604877,0.5374988778752189,0.5374988778752189
3,-600.0,-4.144076e-05,709.2787719111114,709.2787719111114,216.48320000000004,2.2268980416669844,0.40714312766534516,0.40714312766534516
4,-500.0,-3.507563e-05,581.8171623111114,581.8171623111114,178.61680000000007,2.166321510964875,0.3853909530537527,0.3853909530537527
5,-400.0,-2.911804e-05,459.55620871111137,459.55620871111137,142.03840000000008,2.1030953199886175,0.38103657729472606,0.38103657729472606
6,-300.0,-2.346504e-05,351.9511363555557,351.9511363555557,109.39280000000008,2.0554377351891513,0.3750602150456378,0.3750602150456378
7,-200.0,-1.7955e-05,253.16295217777792,253.16295217777792,78.78720000000004,2.043168184497598,0.3671651647720414,0.3671651647720414
8,-100.0,-1.209922e-05,152.06542506666673,152.06542506666673,47.704000000000036,2.0195472682537323,0.38578121484592814,0.38578121484592814
