Num,Voltage,Ileak[nA],CCE[a.u.],CCE2[a.u.],MPV[mV],Noise[mV],Error mu,Error mean
0,-900.0,-5.595269e-05,1036.1392693333335,1036.1392693333335,318.8519999999999,3.578267672616023,0.39532259866149744,0.39532259866149744
1,-800.0,-4.681355e-05,925.2313066666669,925.2313066666669,286.5568,3.5986200199520937,0.40288236488583085,0.40288236488583085
2,-700.0,-4.023509e-05,809.4342656000002,809.4342656000002,253.11360000000002,3.6068945269734627,0.36102181421781154,0.36102181421781154
3,-600.0,-3.456218e-05,677.4466961777781,677.4466961777781,215.31200000000004,3.595532954333581,0.3918816690690183,0.3918816690690183
4,-500.0,-2.925006e-05,541.1226677333336,541.1226677333336,176.29440000000005,3.5914262986296817,0.3568662663916552,0.3568662663916552
5,-400.0,-2.422113e-05,424.83832284444463,424.83832284444463,141.75760000000008,3.6275011785273468,0.3164467211947061,0.3164467211947061
6,-300.0,-1.94081e-05,319.63501617777797,319.63501617777797,110.07040000000008,3.6616895426275096,0.33873457994884437,0.33873457994884437
7,-200.0,-1.472044e-05,223.44228195555567,223.44228195555567,80.31840000000005,3.6749866625601606,0.31170498750761083,0.31170498750761083
8,-100.0,-1.004856e-05,130.27667662222225,130.27667662222225,50.37600000000004,3.5773390596191113,0.3141873304618123,0.3141873304618123
