Num,Voltage,Ileak[nA],CCE[a.u.],CCE2[a.u.],MPV[mV],Noise[mV],Error mu,Error mean
0,-900.0,-8.341816e-05,1085.3503886222225,1085.3503886222225,327.6032,4.588683835496102,0.7541422620797223,0.7541422620797223
1,-800.0,-6.690113e-05,967.9062353777781,967.9062353777781,292.388,4.593174034481179,0.7040096374285802,0.7040096374285802
2,-700.0,-5.544036e-05,847.2307694222225,847.2307694222225,257.2232,4.603889727930418,0.7688726510321975,0.7688726510321975
3,-600.0,-4.679782e-05,725.6693361777781,725.6693361777781,221.00800000000004,4.582223896747189,0.7451655300807201,0.7451655300807201
4,-500.0,-3.938406e-05,593.5750901333336,593.5750901333336,182.08320000000006,4.610684833027641,0.7289727302101773,0.7289727302101773
5,-400.0,-3.242353e-05,464.13565404444466,464.13565404444466,144.23280000000008,4.576489405088137,0.7439175130221899,0.7439175130221899
6,-300.0,-2.601009e-05,352.8627473777779,352.8627473777779,111.26640000000009,4.604305424265531,0.7613503965299555,0.7613503965299555
7,-200.0,-1.984989e-05,248.54498666666677,248.54498666666677,80.45440000000006,4.580003639299865,0.7398861424745836,0.7398861424745836
8,-100.0,-1.324901e-05,145.22267057777785,145.22267057777785,49.726400000000034,4.570341338218855,0.708804768341523,0.708804768341523
