Num,Voltage,Ileak[nA],CCE[a.u.],CCE2[a.u.],MPV[mV],Noise[mV],Error mu,Error mean
0,-900.0,-8.41696e-05,1045.0444202666667,1045.0444202666667,318.55999999999995,2.4876755252511,0.46270716828681396,0.46270716828681396
1,-800.0,-6.836382e-05,930.8985681777782,930.8985681777782,284.652,2.4221872185483035,0.43866021894090174,0.43866021894090174
2,-700.0,-5.703541e-05,825.1215491555558,825.1215491555558,252.4576,2.3707064983988673,0.43465580837218837,0.43465580837218837
3,-600.0,-4.844333e-05,712.1724213333337,712.1724213333337,218.5208,2.337659611187604,0.37596422363240906,0.37596422363240906
4,-500.0,-4.090199e-05,587.1857045333337,587.1857045333337,180.96480000000003,2.35481789004774,0.39381590901577274,0.39381590901577274
5,-400.0,-3.378677e-05,464.53096675555577,464.53096675555577,144.9496000000001,2.3325752306828313,0.4285693531090628,0.4285693531090628
6,-300.0,-2.715414e-05,354.6219217777779,354.6219217777779,111.17440000000008,2.3125077946989094,0.3881098862951058,0.3881098862951058
7,-200.0,-2.079426e-05,253.84175964444455,253.84175964444455,79.77520000000005,2.325065952258262,0.3332664453047744,0.3332664453047744
8,-100.0,-1.397663e-05,150.4284398222223,150.4284398222223,48.08640000000003,2.3498647334897313,0.3805420630357702,0.3805420630357702
