Num,Voltage,Ileak[nA],CCE[a.u.],CCE2[a.u.],MPV[mV],Noise[mV],Error mu,Error mean
0,-900.0,-7.869537e-05,1047.554519466667,1047.554519466667,318.68,2.441190636135482,0.43561700909895745,0.43561700909895745
1,-800.0,-6.404725e-05,933.842475377778,933.842475377778,284.69199999999995,2.425203577234724,0.42565602503429933,0.42565602503429933
2,-700.0,-5.322326e-05,821.7605507555559,821.7605507555559,250.77600000000007,2.3842704855213883,0.4518526470241381,0.4518526470241381
3,-600.0,-4.519287e-05,707.7599598222224,707.7599598222224,216.73360000000005,2.4200274457417237,0.45133786829256894,0.45133786829256894
4,-500.0,-3.836133e-05,581.946419555556,581.946419555556,178.58320000000003,2.4317156389758052,0.4171864025335435,0.4171864025335435
5,-400.0,-3.168669e-05,458.8807424000003,458.8807424000003,142.4296000000001,2.4026391875602133,0.42476736785247554,0.42476736785247554
6,-300.0,-2.554424e-05,351.5261859555557,351.5261859555557,109.41520000000008,2.4299450392036896,0.3980354212981554,0.3980354212981554
7,-200.0,-1.96022e-05,251.05289280000017,251.05289280000017,78.97120000000004,2.42350014101735,0.36370516855101237,0.36370516855101237
8,-100.0,-1.318825e-05,152.13490737777786,152.13490737777786,48.95920000000004,2.3971961983230163,0.41022559472992426,0.41022559472992426
