Num,Voltage,Ileak[nA],CCE[a.u.],CCE2[a.u.],MPV[mV],Noise[mV],Error mu,Error mean
0,-700.0,-0.0001049847,3051.0362657733112,3051.0362657733112,807.7185929648241,1.1548190880588287,0.9029105883190399,0.9029105883190399
1,-600.0,2.673711e-08,3071.3775276381916,3071.3775276381916,789.7889447236181,1.2202715821103272,1.0196501790261494,1.0196501790261494
2,-500.0,0.0001049614,3083.035372417645,3083.035372417645,763.1356783919598,1.2966624365057782,1.0129758845072354,1.0129758845072354
3,-400.0,6.511599e-08,3108.085815745393,3108.085815745393,727.8793969849246,1.2649348424356657,1.0703599563077364,1.0703599563077364
