Num,Voltage,Ileak[nA],CCE[a.u.],CCE2[a.u.],MPV[mV],Noise[mV],Error mu,Error mean
0,-700.0,-0.000104985,3136.197538805137,3136.197538805137,835.4170854271357,2.996132682013731,0.9504360544871451,0.9504360544871451
1,-600.0,3.387571e-08,3133.2187515354544,3133.2187515354544,812.3015075376884,2.959976066135544,0.9099325941442128,0.9099325941442128
2,-500.0,0.0001049612,3159.38778336125,3159.38778336125,787.9798994974874,2.958280176611531,0.9797435137715259,0.9797435137715259
3,-400.0,6.866639e-08,3161.1837498604127,3161.1837498604127,745.5276381909548,3.035515642850621,0.8621133176909412,0.8621133176909412
