Num,Voltage,Ileak[nA],CCE[a.u.],CCE2[a.u.],MPV[mV],Noise[mV],Error mu,Error mean
0,-700.0,-0.0001049851,3147.001246231156,3147.001246231156,830.391959798995,7.094818601450575,0.8732763984400627,0.8732763984400627
1,-600.0,2.89965e-08,3151.551571189279,3151.551571189279,809.6884422110553,5.5067210551730765,0.9140286490990307,0.9140286490990307
2,-500.0,0.0001049614,3187.571778894472,3187.571778894472,786.894472361809,4.505333526435413,1.1543788234848915,1.1543788234848915
3,-400.0,6.447742e-08,3213.876565047459,3213.876565047459,748.6633165829146,4.02294585080466,0.9734746431746997,0.9734746431746997
