Num,Voltage,Ileak[nA],CCE[a.u.],CCE2[a.u.],MPV[mV],Noise[mV],Error mu,Error mean
0,-900.0,-9.998568e-07,3086.876515555555,3086.876515555555,863.92,2.8888817435809075,0.8539967213051817,0.8539967213051817
1,-800.0,-8.919342e-07,3055.9893155555555,3055.9893155555555,843.72,2.966337052017663,1.946018951603513,1.946018951603513
2,-700.0,-1.028286e-06,3017.619644444444,3017.619644444444,818.28,3.3024007354171827,1.020789341637147,1.020789341637147
3,-600.0,-8.508125e-07,3046.91632,3046.91632,801.08,3.222988192483629,1.6651191582586642,1.6651191582586642
4,-500.0,1.187887e-05,3040.0207288888896,3040.0207288888896,767.56,3.2181438097522794,1.0086948652590666,1.0086948652590666
5,-400.0,-9.465244e-07,3026.5214400000004,3026.5214400000004,716.48,3.1949606848563534,1.0314365903922538,1.0314365903922538
6,-300.0,3.680459e-05,2806.1527644444436,2806.1527644444436,607.4,3.2618514094427953,1.075236094632237,1.075236094632237
7,-200.0,-7.613207e-07,2031.0492977777778,2031.0492977777778,442.84,3.405136069868719,1.344533151394938,1.344533151394938
8,-100.0,0.0001049633,1128.684711111111,1128.684711111111,254.6,3.3266085870384607,0.4862146883836394,0.4862146883836394
