Num,Voltage,Ileak[nA],CCE[a.u.],CCE2[a.u.],MPV[mV],Noise[mV],Error mu,Error mean
0,-900.0,-9.191158e-07,3360.571537777778,3360.571537777778,924.24,7.7096670405759555,0.8810030574294233,0.8810030574294233
1,-800.0,-1.017448e-06,3362.211928888889,3362.211928888889,910.8,7.714031272242536,1.0014429525439794,1.0014429525439794
2,-700.0,-8.086738e-07,3355.020177777778,3355.020177777778,889.76,7.938189472339737,0.8333634290032281,0.8333634290032281
3,-600.0,-9.581289e-07,3336.5012266666668,3336.5012266666668,861.48,8.502912860373854,1.466663016237893,1.466663016237893
4,-500.0,-7.588905e-07,3287.282488888889,3287.282488888889,815.52,9.26046880396105,1.9303955242384954,1.9303955242384954
5,-400.0,-8.923483e-07,3285.804213333334,3285.804213333334,764.28,9.059342605534049,1.1315895849644448,1.1315895849644448
6,-300.0,6.404425e-05,3074.894951111111,3074.894951111111,652.04,9.252379551122225,0.891977764745293,0.891977764745293
7,-200.0,-7.156051e-07,2322.9791111111113,2322.9791111111113,493.84,7.752088480046467,1.7408288196143742,1.7408288196143742
8,-100.0,0.0001049633,1311.6258666666668,1311.6258666666668,283.72,7.480815017986566,0.5719535645487316,0.5719535645487316
