Num,Voltage,Ileak[nA],CCE[a.u.],CCE2[a.u.],MPV[mV],Noise[mV],Error mu,Error mean
0,-900.0,-0.0001049852,3136.024302222222,3136.024302222222,872.16,2.3732660310890115,0.9640238270914238,0.9640238270914238
1,-800.0,-6.644056e-07,3135.0432177777775,3135.0432177777775,857.56,2.407465538899291,1.018470068288704,1.018470068288704
2,-700.0,7.574441e-05,3144.86704,3144.86704,841.4,2.321517798529421,0.8218635137296211,0.8218635137296211
3,-600.0,-5.57042e-07,3142.779448888889,3142.779448888889,818.24,2.467530619470545,0.9001748381286832,0.9001748381286832
4,-500.0,9.629253e-05,3155.9998222222225,3155.9998222222225,790.48,2.347079719540123,0.9991434155315295,0.9991434155315295
5,-400.0,-5.194335e-07,3179.9058488888886,3179.9058488888886,750.72,2.177975773312413,1.135916053236326,1.135916053236326
6,-300.0,0.0001049616,3037.369279999999,3037.369279999999,658.6,3.1771884146556717,3.0081737481734754,3.0081737481734754
7,-200.0,-4.391514e-07,2341.5683733333335,2341.5683733333335,488.16,3.7773130367733327,1.0762435352651447,1.0762435352651447
8,-100.0,0.0001049639,1251.3232533333335,1251.3232533333335,279.6,3.935968552268227,0.5390990528650531,0.5390990528650531
