Num,Voltage,Ileak[nA],CCE[a.u.],CCE2[a.u.],MPV[mV],Noise[mV],Error mu,Error mean
0,-700.0,-0.000104985,3011.5430485762154,3011.5430485762154,796.6633165829146,1.3238384857381482,0.79580849877801,0.79580849877801
1,-600.0,3.67425e-08,3021.6837967615866,3021.6837967615866,776.6834170854271,1.4059782617678338,0.9461111718272998,0.9461111718272998
2,-500.0,0.0001049615,3028.497170295924,3028.497170295924,750.6733668341709,1.4833722791035626,1.0099903381323179,1.0099903381323179
3,-400.0,6.032614e-08,3044.5919553322165,3044.5919553322165,714.4120603015075,1.4069849059997954,0.9602592143327573,0.9602592143327573
