Num,Voltage,Ileak[nA],CCE[a.u.],CCE2[a.u.],MPV[mV],Noise[mV],Error mu,Error mean
0,-700.0,-0.0001049848,3637.0800848687886,3637.0800848687886,934.3115577889447,2.1217056510157524,0.9465095126992454,0.9465095126992454
1,-600.0,2.05189e-08,3674.2045159128975,3674.2045159128975,919.7587939698492,2.1626803949731683,1.1037089186580202,1.1037089186580202
2,-500.0,0.0001049611,3693.281572305975,3693.281572305975,895.5577889447236,2.2650042738003466,0.9394943033384062,0.9394943033384062
3,-400.0,6.884051e-08,3721.1029190396416,3721.1029190396416,857.9698492462312,2.3053269641031857,1.2355963668550718,1.2355963668550718
