Num,Voltage,Ileak[nA],CCE[a.u.],CCE2[a.u.],MPV[mV],Noise[mV],Error mu,Error mean
0,-700.0,-0.0001049849,3243.2453109994412,3243.2453109994412,851.1356783919598,2.540634685234803,0.9293367853763281,0.9293367853763281
1,-600.0,2.939606e-08,3276.050867671692,3276.050867671692,835.6180904522613,2.5252596223799317,1.0662271103517,1.0662271103517
2,-500.0,0.0001049613,3280.5886499162475,3280.5886499162475,806.1507537688442,2.5039482471334384,1.117742012826042,1.117742012826042
3,-400.0,7.390457e-08,3312.9858715801224,3312.9858715801224,769.1256281407035,2.587847756876474,0.9393734284031018,0.9393734284031018
