Num,Voltage,Ileak[nA],CCE[a.u.],CCE2[a.u.],MPV[mV],Noise[mV],Error mu,Error mean
0,-700.0,-0.000104985,3050.42719374651,3050.42719374651,810.9346733668342,1.4882942619864128,0.9995769279373141,0.9995769279373141
1,-600.0,3.094207e-08,3047.9446655499723,3047.9446655499723,788.9849246231156,1.577954345377314,0.9375871088409142,0.9375871088409142
2,-500.0,0.0001049612,3081.754747068677,3081.754747068677,767.8793969849246,1.3965391397162799,0.9938810772118931,0.9938810772118931
3,-400.0,5.838401e-08,3128.0916046901166,3128.0916046901166,737.4070351758794,1.3521228537998835,1.8008549649432821,1.8008549649432821
