Num,Voltage,Ileak[nA],CCE[a.u.],CCE2[a.u.],MPV[mV],Noise[mV],Error mu,Error mean
0,-700.0,-0.0001049848,3168.7173631618193,3168.7173631618193,836.0805369127517,6.197241955710228,1.0465072056379836,1.0465072056379836
1,-600.0,2.495682e-08,3231.5856703952277,3231.5856703952277,827.3288590604027,4.781430706088542,1.6651343070955755,1.6651343070955755
2,-500.0,0.0001049613,3241.2551588366887,3241.2551588366887,798.1208053691275,5.259066645498288,1.1576732197506263,1.1576732197506263
3,-400.0,6.058386e-08,3263.6656107382546,3263.6656107382546,759.9463087248322,5.524332369342131,1.65635461002396,1.65635461002396
