Num,Voltage,Ileak[nA],CCE[a.u.],CCE2[a.u.],MPV[mV],Noise[mV],Error mu,Error mean
0,-700.0,-0.000104985,3255.687664991625,3255.687664991625,855.0753768844221,1.551196728645553,0.9903274257618166,0.9903274257618166
1,-600.0,3.771744e-08,3260.891962032385,3260.891962032385,834.4924623115578,1.6527890332791002,0.865560699821902,0.865560699821902
2,-500.0,0.0001049613,3278.7610228922395,3278.7610228922395,808.0804020100503,1.4794325218194089,0.8620294820913487,0.8620294820913487
3,-400.0,6.231607e-08,3289.1035622557233,3289.1035622557233,768.8040201005025,1.5504199025791567,0.974071355997598,0.974071355997598
