Num,Voltage,Ileak[nA],CCE[a.u.],CCE2[a.u.],MPV[mV],Noise[mV],Error mu,Error mean
0,-700.0,-0.0001049851,2848.1656281407045,2848.1656281407045,766.4723618090452,1.6915076795933435,0.8919008387115394,0.8919008387115394
1,-600.0,3.311295e-08,2851.3734182021217,2851.3734182021217,746.4522613065327,1.8911442722295255,0.9208123971184021,0.9208123971184021
2,-500.0,0.0001049613,2867.9283528754886,2867.9283528754886,722.9748743718593,1.862293515286502,0.8000988635330125,0.8000988635330125
3,-400.0,6.053832e-08,2896.5391222780568,2896.5391222780568,690.3316582914573,1.7886681634921473,0.8731347338920242,0.8731347338920242
