Num,Voltage,Ileak[nA],CCE[a.u.],CCE2[a.u.],MPV[mV],Noise[mV],Error mu,Error mean
0,-700.0,-0.0001049847,3050.6183539921835,3050.6183539921835,790.8341708542714,7.6317036785114745,2.6148209206625443,2.6148209206625443
1,-600.0,2.847515e-08,3065.476788386376,3065.476788386376,773.105527638191,7.351644868528178,2.603991461176453,2.603991461176453
2,-500.0,0.0001049613,3071.336951423785,3071.336951423785,748.2613065326633,6.8391101144903725,2.5368355590274287,2.5368355590274287
3,-400.0,5.505545e-08,3091.276882188721,3091.276882188721,714.0904522613065,6.617900347658105,2.528172504062121,2.528172504062121
