Num,Voltage,Ileak[nA],CCE[a.u.],CCE2[a.u.],MPV[mV],Noise[mV],Error mu,Error mean
0,-700.0,-0.0001049848,2910.2853824678955,2910.2853824678955,777.8894472361809,1.7082357774534513,0.9505285106976403,0.9505285106976403
1,-600.0,3.059694e-08,2904.3354907872704,2904.3354907872704,756.0603015075377,1.6731780585434044,0.9046971677962174,0.9046971677962174
2,-500.0,0.0001049613,2926.176142936907,2926.176142936907,733.5075376884422,1.762405572841966,0.8891940417811235,0.8891940417811235
3,-400.0,7.562304e-08,2927.6171256281405,2927.6171256281405,695.2763819095477,1.7088778204556045,0.8136008195515091,0.8136008195515091
