Num,Voltage,Ileak[nA],CCE[a.u.],CCE2[a.u.],MPV[mV],Noise[mV],Error mu,Error mean
0,-700.0,-0.0001049848,3220.5466443327755,3220.5466443327755,850.9346733668342,2.627259951987545,1.197011639931555,1.197011639931555
1,-600.0,3.482059e-08,3201.03981239531,3201.03981239531,825.4070351758794,2.887311929182308,1.515196249339371,1.515196249339371
2,-500.0,0.0001049614,3292.2052395309884,3292.2052395309884,813.7889447236181,2.4349798853884623,2.4778586456311014,2.4778586456311014
3,-400.0,6.165862e-08,3366.834849804578,3366.834849804578,785.9698492462312,2.194197231765584,1.7284348103774902,1.7284348103774902
