Num,Voltage,Ileak[nA],CCE[a.u.],CCE2[a.u.],MPV[mV],Noise[mV],Error mu,Error mean
0,-700.0,-0.0001049848,3291.0980859854835,3291.0980859854835,866.6934673366834,3.024934180481146,0.878494857120928,0.878494857120928
1,-600.0,3.420994e-08,3274.356582914573,3274.356582914573,841.4070351758794,3.4211159597279766,1.151643327561755,1.151643327561755
2,-500.0,0.0001049613,3305.802613065327,3305.802613065327,817.3266331658291,3.057006768503846,0.9999756321137863,0.9999756321137863
3,-400.0,6.81971e-08,3326.437681742043,3326.437681742043,779.3768844221106,3.0247209198559237,1.009149220720986,1.009149220720986
