Num,Voltage,Ileak[nA],CCE[a.u.],CCE2[a.u.],MPV[mV],Noise[mV],Error mu,Error mean
0,-700.0,-0.000104985,2940.0671446119486,2940.0671446119486,792.5628140703518,1.9095188872668991,0.8924977854324208,0.8924977854324208
1,-600.0,2.180745e-08,2924.182369625907,2924.182369625907,768.6030150753769,2.038596428999165,1.0547429306749252,1.0547429306749252
2,-500.0,0.0001049614,2945.8874639866,2945.8874639866,744.7638190954774,1.9290538587643735,0.9890652355280715,0.9890652355280715
3,-400.0,6.182577e-08,2971.439615857063,2971.439615857063,710.4321608040201,1.9040260137253329,1.390656689083303,1.390656689083303
