Num,Voltage,Ileak[nA],CCE[a.u.],CCE2[a.u.],MPV[mV],Noise[mV],Error mu,Error mean
0,-700.0,-0.0001049849,3228.0060926856504,3228.0060926856504,847.5577889447236,3.0059477115196884,1.164027802324544,1.164027802324544
1,-600.0,2.593754e-08,3206.421494137353,3206.421494137353,820.4623115577889,3.2777982983199636,1.0797004483241819,1.0797004483241819
2,-500.0,0.0001049615,3213.271048576214,3213.271048576214,790.9547738693467,3.0044851048549788,1.3132024616907136,1.3132024616907136
3,-400.0,6.237838e-08,3248.0883707426015,3248.0883707426015,756.0201005025126,2.9936414057349983,1.2617223442408856,1.2617223442408856
