Num,Voltage,Ileak[nA],CCE[a.u.],CCE2[a.u.],MPV[mV],Noise[mV],Error mu,Error mean
0,-700.0,-0.000104985,3079.3729179229476,3079.3729179229476,810.7738693467337,1.109435052014066,0.8665957548905143,0.8665957548905143
1,-600.0,2.048971e-08,3080.5685672808495,3080.5685672808495,789.2261306532663,1.1450609569942143,0.9109990930856574,0.9109990930856574
2,-500.0,0.0001049612,3100.6483082077057,3100.6483082077057,764.5829145728643,1.1651550834416557,1.059251580058459,1.059251580058459
3,-400.0,7.095669e-08,3127.3666823003896,3127.3666823003896,728.5226130653266,1.2048666555119087,1.044255136934692,1.044255136934692
