Num,Voltage,Ileak[nA],CCE[a.u.],CCE2[a.u.],MPV[mV],Noise[mV],Error mu,Error mean
0,-700.0,-0.000104985,3172.2913590173084,3172.2913590173084,833.2462311557789,16.42235994447522,0.823110201778941,0.823110201778941
1,-600.0,3.157024e-08,3199.6079597989947,3199.6079597989947,816.4422110552764,16.71942357095828,1.05825447089822,1.05825447089822
2,-500.0,0.0001049614,3212.783365717476,3212.783365717476,789.427135678392,16.85840284085291,0.8356154906481843,0.8356154906481843
3,-400.0,6.786897e-08,3242.5074349525403,3242.5074349525403,753.3668341708543,16.943674001590065,1.0036749970753862,1.0036749970753862
