Num,Voltage,Ileak[nA],CCE[a.u.],CCE2[a.u.],MPV[mV],Noise[mV],Error mu,Error mean
0,-700.0,-0.0001049857,3291.0241876046907,3291.0241876046907,862.9949748743719,2.454422348270172,2.042152524141214,2.042152524141214
1,-600.0,3.402365e-08,3304.2226242322736,3304.2226242322736,843.8190954773869,2.423373390987867,1.437621554256693,1.437621554256693
2,-500.0,0.000104962,3310.114662199888,3310.114662199888,816.1608040201005,2.4372549386057347,1.726567626324239,1.726567626324239
3,-400.0,6.255014e-08,3267.2476158570626,3267.2476158570626,766.7939698492462,2.481709593673607,0.898605714239713,0.898605714239713
