Num,Voltage,Ileak[nA],CCE[a.u.],CCE2[a.u.],MPV[mV],Noise[mV],Error mu,Error mean
0,-700.0,-0.0001049851,3120.8199932998323,3120.8199932998323,826.9748743718594,2.231266037184908,0.9243517712393946,0.9243517712393946
1,-600.0,3.207845e-08,3134.1244712451153,3134.1244712451153,807.356783919598,2.2749773800321993,1.0113617599319529,1.0113617599319529
2,-500.0,0.0001049614,3130.1499497487434,3130.1499497487434,777.1256281407035,2.3769810980371187,1.2593443157935011,1.2593443157935011
3,-400.0,6.946414e-08,3149.012493579006,3149.012493579006,740.1407035175879,2.291168745295499,0.9792671118287491,0.9792671118287491
