Num,Voltage,Ileak[nA],CCE[a.u.],CCE2[a.u.],MPV[mV],Noise[mV],Error mu,Error mean
0,-700.0,-0.0001049849,3191.462610831937,3191.462610831937,837.4673366834171,5.753177598561745,0.9347759661931453,0.9347759661931453
1,-600.0,4.548524e-08,3208.5735343383585,3208.5735343383585,818.3718592964824,5.298746466114194,1.0934745616702082,1.0934745616702082
2,-500.0,0.0001049614,3229.6990374092684,3229.6990374092684,791.7989949748744,5.227093766094211,0.8860964136286045,0.8860964136286045
3,-400.0,4.263348e-08,3245.354130653266,3245.354130653266,752.8040201005025,5.283385041697093,1.0748013071771112,1.0748013071771112
