Num,Voltage,Ileak[nA],CCE[a.u.],CCE2[a.u.],MPV[mV],Noise[mV],Error mu,Error mean
0,-700.0,-0.0001049848,3159.400415410385,3159.400415410385,833.0050251256281,1.4775721272428795,0.8850523787799113,0.8850523787799113
1,-600.0,3.44503e-08,3148.307796761587,3148.307796761587,808.643216080402,1.7772914160092594,0.9193623268009812,0.9193623268009812
2,-500.0,0.0001049614,3138.168460078169,3138.168460078169,777.9698492462312,1.8850463998881213,1.1360376606438896,1.1360376606438896
3,-400.0,5.790826e-08,3145.8853378001118,3145.8853378001118,738.8542713567839,2.0274241388401677,1.1010131946053499,1.1010131946053499
